
Circuit 1 cell sky130_fd_pr__res_high_po and Circuit 2 cell sky130_fd_pr__res_high_po are black boxes.
Warning: Equate pins:  cell sky130_fd_pr__res_high_po is a placeholder, treated as a black box.
Warning: Equate pins:  cell sky130_fd_pr__res_high_po is a placeholder, treated as a black box.

Subcircuit pins:
Circuit 1: sky130_fd_pr__res_high_po       |Circuit 2: sky130_fd_pr__res_high_po       
-------------------------------------------|-------------------------------------------
1                                          |1                                          
2                                          |2                                          
3                                          |3                                          
---------------------------------------------------------------------------------------
Cell pin lists are equivalent.
Device classes sky130_fd_pr__res_high_po and sky130_fd_pr__res_high_po are equivalent.

Circuit 1 cell sky130_fd_pr__nfet_01v8_lvt and Circuit 2 cell sky130_fd_pr__nfet_01v8_lvt are black boxes.
Warning: Equate pins:  cell sky130_fd_pr__nfet_01v8_lvt is a placeholder, treated as a black box.
Warning: Equate pins:  cell sky130_fd_pr__nfet_01v8_lvt is a placeholder, treated as a black box.

Subcircuit pins:
Circuit 1: sky130_fd_pr__nfet_01v8_lvt     |Circuit 2: sky130_fd_pr__nfet_01v8_lvt     
-------------------------------------------|-------------------------------------------
1                                          |1                                          
2                                          |2                                          
3                                          |3                                          
4                                          |4                                          
---------------------------------------------------------------------------------------
Cell pin lists are equivalent.
Device classes sky130_fd_pr__nfet_01v8_lvt and sky130_fd_pr__nfet_01v8_lvt are equivalent.

Circuit 1 cell sky130_fd_pr__pfet_01v8_lvt and Circuit 2 cell sky130_fd_pr__pfet_01v8_lvt are black boxes.
Warning: Equate pins:  cell sky130_fd_pr__pfet_01v8_lvt is a placeholder, treated as a black box.
Warning: Equate pins:  cell sky130_fd_pr__pfet_01v8_lvt is a placeholder, treated as a black box.

Subcircuit pins:
Circuit 1: sky130_fd_pr__pfet_01v8_lvt     |Circuit 2: sky130_fd_pr__pfet_01v8_lvt     
-------------------------------------------|-------------------------------------------
1                                          |1                                          
2                                          |2                                          
3                                          |3                                          
4                                          |4                                          
---------------------------------------------------------------------------------------
Cell pin lists are equivalent.
Device classes sky130_fd_pr__pfet_01v8_lvt and sky130_fd_pr__pfet_01v8_lvt are equivalent.

Circuit 1 cell sky130_fd_pr__nfet_01v8 and Circuit 2 cell sky130_fd_pr__nfet_01v8 are black boxes.
Warning: Equate pins:  cell sky130_fd_pr__nfet_01v8 is a placeholder, treated as a black box.
Warning: Equate pins:  cell sky130_fd_pr__nfet_01v8 is a placeholder, treated as a black box.

Subcircuit pins:
Circuit 1: sky130_fd_pr__nfet_01v8         |Circuit 2: sky130_fd_pr__nfet_01v8         
-------------------------------------------|-------------------------------------------
1                                          |1                                          
2                                          |2                                          
3                                          |3                                          
4                                          |4                                          
---------------------------------------------------------------------------------------
Cell pin lists are equivalent.
Device classes sky130_fd_pr__nfet_01v8 and sky130_fd_pr__nfet_01v8 are equivalent.

Circuit 1 cell sky130_fd_pr__pfet_01v8 and Circuit 2 cell sky130_fd_pr__pfet_01v8 are black boxes.
Warning: Equate pins:  cell sky130_fd_pr__pfet_01v8 is a placeholder, treated as a black box.
Warning: Equate pins:  cell sky130_fd_pr__pfet_01v8 is a placeholder, treated as a black box.

Subcircuit pins:
Circuit 1: sky130_fd_pr__pfet_01v8         |Circuit 2: sky130_fd_pr__pfet_01v8         
-------------------------------------------|-------------------------------------------
1                                          |1                                          
2                                          |2                                          
3                                          |3                                          
4                                          |4                                          
---------------------------------------------------------------------------------------
Cell pin lists are equivalent.
Device classes sky130_fd_pr__pfet_01v8 and sky130_fd_pr__pfet_01v8 are equivalent.

Circuit 1 cell sky130_fd_pr__cap_mim_m3_1 and Circuit 2 cell sky130_fd_pr__cap_mim_m3_1 are black boxes.
Warning: Equate pins:  cell sky130_fd_pr__cap_mim_m3_1 is a placeholder, treated as a black box.
Warning: Equate pins:  cell sky130_fd_pr__cap_mim_m3_1 is a placeholder, treated as a black box.

Subcircuit pins:
Circuit 1: sky130_fd_pr__cap_mim_m3_1      |Circuit 2: sky130_fd_pr__cap_mim_m3_1      
-------------------------------------------|-------------------------------------------
1                                          |1                                          
2                                          |2                                          
---------------------------------------------------------------------------------------
Cell pin lists are equivalent.
Device classes sky130_fd_pr__cap_mim_m3_1 and sky130_fd_pr__cap_mim_m3_1 are equivalent.

Circuit 1 cell sky130_fd_pr__pnp_05v5_W3p40L3p40 and Circuit 2 cell sky130_fd_pr__pnp_05v5_W3p40L3p40 are black boxes.
Warning: Equate pins:  cell sky130_fd_pr__pnp_05v5_W3p40L3p40 is a placeholder, treated as a black box.
Warning: Equate pins:  cell sky130_fd_pr__pnp_05v5_W3p40L3p40 is a placeholder, treated as a black box.

Subcircuit pins:
Circuit 1: sky130_fd_pr__pnp_05v5_W3p40L3p |Circuit 2: sky130_fd_pr__pnp_05v5_W3p40L3p 
-------------------------------------------|-------------------------------------------
1                                          |1                                          
2                                          |2                                          
3                                          |3                                          
---------------------------------------------------------------------------------------
Cell pin lists are equivalent.
Device classes sky130_fd_pr__pnp_05v5_W3p40L3p40 and sky130_fd_pr__pnp_05v5_W3p40L3p40 are equivalent.

Circuit 1 cell sky130_fd_pr__pfet_01v8_hvt and Circuit 2 cell sky130_fd_pr__pfet_01v8_hvt are black boxes.
Warning: Equate pins:  cell sky130_fd_pr__pfet_01v8_hvt is a placeholder, treated as a black box.
Warning: Equate pins:  cell sky130_fd_pr__pfet_01v8_hvt is a placeholder, treated as a black box.

Subcircuit pins:
Circuit 1: sky130_fd_pr__pfet_01v8_hvt     |Circuit 2: sky130_fd_pr__pfet_01v8_hvt     
-------------------------------------------|-------------------------------------------
1                                          |1                                          
2                                          |2                                          
3                                          |3                                          
4                                          |4                                          
---------------------------------------------------------------------------------------
Cell pin lists are equivalent.
Device classes sky130_fd_pr__pfet_01v8_hvt and sky130_fd_pr__pfet_01v8_hvt are equivalent.

Circuit 1 cell sky130_fd_pr__special_nfet_01v8 and Circuit 2 cell sky130_fd_pr__special_nfet_01v8 are black boxes.
Warning: Equate pins:  cell sky130_fd_pr__special_nfet_01v8 is a placeholder, treated as a black box.
Warning: Equate pins:  cell sky130_fd_pr__special_nfet_01v8 is a placeholder, treated as a black box.

Subcircuit pins:
Circuit 1: sky130_fd_pr__special_nfet_01v8 |Circuit 2: sky130_fd_pr__special_nfet_01v8 
-------------------------------------------|-------------------------------------------
1                                          |1                                          
2                                          |2                                          
3                                          |3                                          
4                                          |4                                          
---------------------------------------------------------------------------------------
Cell pin lists are equivalent.
Device classes sky130_fd_pr__special_nfet_01v8 and sky130_fd_pr__special_nfet_01v8 are equivalent.

Circuit 1 cell sky130_fd_pr__diode_pw2nd_05v5 and Circuit 2 cell sky130_fd_pr__diode_pw2nd_05v5 are black boxes.
Warning: Equate pins:  cell sky130_fd_pr__diode_pw2nd_05v5 is a placeholder, treated as a black box.
Warning: Equate pins:  cell sky130_fd_pr__diode_pw2nd_05v5 is a placeholder, treated as a black box.

Subcircuit pins:
Circuit 1: sky130_fd_pr__diode_pw2nd_05v5  |Circuit 2: sky130_fd_pr__diode_pw2nd_05v5  
-------------------------------------------|-------------------------------------------
1                                          |1                                          
2                                          |2                                          
---------------------------------------------------------------------------------------
Cell pin lists are equivalent.
Device classes sky130_fd_pr__diode_pw2nd_05v5 and sky130_fd_pr__diode_pw2nd_05v5 are equivalent.
Flattening unmatched subcell JNWTR_TAPCELLB_CV in circuit tt_um_lelo_gr01_analogicus (1)(1 instance)
Flattening unmatched subcell JNWTR_NCHDL in circuit tt_um_lelo_gr01_analogicus (1)(1 instance)
Flattening unmatched subcell JNWTR_PCHDL in circuit tt_um_lelo_gr01_analogicus (1)(1 instance)
Flattening unmatched subcell JNWTR_TIEH_CV in circuit tt_um_lelo_gr01_analogicus (1)(1 instance)
Flattening unmatched subcell JNWTR_NCHDL in circuit tt_um_lelo_gr01_analogicus (1)(1 instance)
Flattening unmatched subcell JNWTR_PCHDL in circuit tt_um_lelo_gr01_analogicus (1)(1 instance)
Flattening unmatched subcell LELO_GR01 in circuit tt_um_lelo_gr01_analogicus (1)(1 instance)
Flattening unmatched subcell bandgap in circuit tt_um_lelo_gr01_analogicus (1)(1 instance)
Flattening unmatched subcell LELOATR_LVT_PCH_2C5F0 in circuit tt_um_lelo_gr01_analogicus (1)(21 instances)
Flattening unmatched subcell JNWTR_CAPX1 in circuit tt_um_lelo_gr01_analogicus (1)(5 instances)
Flattening unmatched subcell JNWTR_RPPO8 in circuit tt_um_lelo_gr01_analogicus (1)(4 instances)
Flattening unmatched subcell JNWTR_RES8 in circuit tt_um_lelo_gr01_analogicus (1)(4 instances)
Flattening unmatched subcell JNWTR_RPPO4 in circuit tt_um_lelo_gr01_analogicus (1)(1 instance)
Flattening unmatched subcell JNWTR_RES4 in circuit tt_um_lelo_gr01_analogicus (1)(1 instance)
Flattening unmatched subcell LELOATR_LVT_NCH_2C5F0 in circuit tt_um_lelo_gr01_analogicus (1)(9 instances)
Flattening unmatched subcell JNWTR_RPPO16 in circuit tt_um_lelo_gr01_analogicus (1)(5 instances)
Flattening unmatched subcell JNWTR_RES16 in circuit tt_um_lelo_gr01_analogicus (1)(5 instances)
Flattening unmatched subcell diffamp_2 in circuit tt_um_lelo_gr01_analogicus (1)(1 instance)
Flattening unmatched subcell LELOATR_LVT_NCH_2C5F0 in circuit tt_um_lelo_gr01_analogicus (1)(2 instances)
Flattening unmatched subcell LELOATR_LVT_PCH_2C5F0 in circuit tt_um_lelo_gr01_analogicus (1)(3 instances)
Flattening unmatched subcell GM_cell_N in circuit tt_um_lelo_gr01_analogicus (1)(1 instance)
Flattening unmatched subcell JNWTR_RPPO4 in circuit tt_um_lelo_gr01_analogicus (1)(1 instance)
Flattening unmatched subcell JNWTR_RES4 in circuit tt_um_lelo_gr01_analogicus (1)(1 instance)
Flattening unmatched subcell LELOATR_LVT_NCH_2C5F0 in circuit tt_um_lelo_gr01_analogicus (1)(7 instances)
Flattening unmatched subcell LELOATR_LVT_PCH_2C5F0 in circuit tt_um_lelo_gr01_analogicus (1)(3 instances)
Flattening unmatched subcell JNWTR_RPPO2 in circuit tt_um_lelo_gr01_analogicus (1)(4 instances)
Flattening unmatched subcell JNWTR_RES2 in circuit tt_um_lelo_gr01_analogicus (1)(4 instances)
Flattening unmatched subcell Diodes in circuit tt_um_lelo_gr01_analogicus (1)(1 instance)
Flattening unmatched subcell pnp_fix in circuit tt_um_lelo_gr01_analogicus (1)(1 instance)
Flattening unmatched subcell oscillator in circuit tt_um_lelo_gr01_analogicus (1)(1 instance)
Flattening unmatched subcell diffamp_2 in circuit tt_um_lelo_gr01_analogicus (1)(1 instance)
Flattening unmatched subcell LELOATR_LVT_NCH_2C5F0 in circuit tt_um_lelo_gr01_analogicus (1)(5 instances)
Flattening unmatched subcell LELOATR_LVT_PCH_2C5F0 in circuit tt_um_lelo_gr01_analogicus (1)(4 instances)
Flattening unmatched subcell GM_cell_N in circuit tt_um_lelo_gr01_analogicus (1)(1 instance)
Flattening unmatched subcell JNWTR_RPPO4 in circuit tt_um_lelo_gr01_analogicus (1)(1 instance)
Flattening unmatched subcell JNWTR_RES4 in circuit tt_um_lelo_gr01_analogicus (1)(1 instance)
Flattening unmatched subcell LELOATR_LVT_NCH_2C5F0 in circuit tt_um_lelo_gr01_analogicus (1)(7 instances)
Flattening unmatched subcell LELOATR_LVT_PCH_2C5F0 in circuit tt_um_lelo_gr01_analogicus (1)(3 instances)
Flattening unmatched subcell JNWTR_CAPX1 in circuit tt_um_lelo_gr01_analogicus (1)(5 instances)
Flattening unmatched subcell JNWTR_DFRNQNX1_CV in circuit tt_um_lelo_gr01_analogicus (1)(1 instance)
Flattening unmatched subcell JNWTR_TAPCELLB_CV in circuit tt_um_lelo_gr01_analogicus (1)(1 instance)
Flattening unmatched subcell JNWTR_NCHDL in circuit tt_um_lelo_gr01_analogicus (1)(1 instance)
Flattening unmatched subcell JNWTR_PCHDL in circuit tt_um_lelo_gr01_analogicus (1)(1 instance)
Flattening unmatched subcell JNWTR_NDX1_CV in circuit tt_um_lelo_gr01_analogicus (1)(1 instance)
Flattening unmatched subcell JNWTR_NCHDL in circuit tt_um_lelo_gr01_analogicus (1)(2 instances)
Flattening unmatched subcell JNWTR_PCHDL in circuit tt_um_lelo_gr01_analogicus (1)(2 instances)
Flattening unmatched subcell JNWTR_IVX1_CV in circuit tt_um_lelo_gr01_analogicus (1)(7 instances)
Flattening unmatched subcell JNWTR_NCHDL in circuit tt_um_lelo_gr01_analogicus (1)(7 instances)
Flattening unmatched subcell JNWTR_PCHDL in circuit tt_um_lelo_gr01_analogicus (1)(7 instances)
Flattening unmatched subcell JNWTR_IVTRIX1_CV in circuit tt_um_lelo_gr01_analogicus (1)(3 instances)
Flattening unmatched subcell JNWTR_NCHDL in circuit tt_um_lelo_gr01_analogicus (1)(6 instances)
Flattening unmatched subcell JNWTR_PCHDL in circuit tt_um_lelo_gr01_analogicus (1)(6 instances)
Flattening unmatched subcell JNWTR_NDTRIX1_CV in circuit tt_um_lelo_gr01_analogicus (1)(1 instance)
Flattening unmatched subcell JNWTR_NCHDL in circuit tt_um_lelo_gr01_analogicus (1)(3 instances)
Flattening unmatched subcell JNWTR_PCHDL in circuit tt_um_lelo_gr01_analogicus (1)(3 instances)
Flattening unmatched subcell digital in circuit tt_um_lelo_gr01_analogicus (1)(1 instance)
Flattening unmatched subcell JNWTR_ORX1_CV in circuit tt_um_lelo_gr01_analogicus (1)(1 instance)
Flattening unmatched subcell JNWTR_NRX1_CV in circuit tt_um_lelo_gr01_analogicus (1)(1 instance)
Flattening unmatched subcell JNWTR_NCHDL in circuit tt_um_lelo_gr01_analogicus (1)(2 instances)
Flattening unmatched subcell JNWTR_PCHDL in circuit tt_um_lelo_gr01_analogicus (1)(2 instances)
Flattening unmatched subcell JNWTR_IVX1_CV in circuit tt_um_lelo_gr01_analogicus (1)(1 instance)
Flattening unmatched subcell JNWTR_NCHDL in circuit tt_um_lelo_gr01_analogicus (1)(1 instance)
Flattening unmatched subcell JNWTR_PCHDL in circuit tt_um_lelo_gr01_analogicus (1)(1 instance)

Cell tt_um_lelo_gr01_analogicus (0) disconnected node: uo_out<7>
Cell tt_um_lelo_gr01_analogicus (0) disconnected node: uo_out<6>
Cell tt_um_lelo_gr01_analogicus (0) disconnected node: uo_out<5>
Cell tt_um_lelo_gr01_analogicus (0) disconnected node: uo_out<4>
Cell tt_um_lelo_gr01_analogicus (0) disconnected node: uo_out<3>
Cell tt_um_lelo_gr01_analogicus (0) disconnected node: uo_out<2>
Cell tt_um_lelo_gr01_analogicus (0) disconnected node: ui_in<7>
Cell tt_um_lelo_gr01_analogicus (0) disconnected node: ui_in<6>
Cell tt_um_lelo_gr01_analogicus (0) disconnected node: ui_in<5>
Cell tt_um_lelo_gr01_analogicus (0) disconnected node: ui_in<4>
Cell tt_um_lelo_gr01_analogicus (0) disconnected node: ui_in<3>
Cell tt_um_lelo_gr01_analogicus (0) disconnected node: ui_in<2>
Cell tt_um_lelo_gr01_analogicus (0) disconnected node: uio_in<7>
Cell tt_um_lelo_gr01_analogicus (0) disconnected node: uio_in<6>
Cell tt_um_lelo_gr01_analogicus (0) disconnected node: uio_in<5>
Cell tt_um_lelo_gr01_analogicus (0) disconnected node: uio_in<4>
Cell tt_um_lelo_gr01_analogicus (0) disconnected node: uio_in<3>
Cell tt_um_lelo_gr01_analogicus (0) disconnected node: uio_in<2>
Cell tt_um_lelo_gr01_analogicus (0) disconnected node: uio_in<1>
Cell tt_um_lelo_gr01_analogicus (0) disconnected node: uio_in<0>
Cell tt_um_lelo_gr01_analogicus (0) disconnected node: ena
Cell tt_um_lelo_gr01_analogicus (1) disconnected node: uo_out[7]
Cell tt_um_lelo_gr01_analogicus (1) disconnected node: uo_out[6]
Cell tt_um_lelo_gr01_analogicus (1) disconnected node: uo_out[5]
Cell tt_um_lelo_gr01_analogicus (1) disconnected node: uo_out[4]
Cell tt_um_lelo_gr01_analogicus (1) disconnected node: uo_out[3]
Cell tt_um_lelo_gr01_analogicus (1) disconnected node: uo_out[2]
Cell tt_um_lelo_gr01_analogicus (1) disconnected node: uio_out[7]
Cell tt_um_lelo_gr01_analogicus (1) disconnected node: uio_out[6]
Cell tt_um_lelo_gr01_analogicus (1) disconnected node: uio_out[5]
Cell tt_um_lelo_gr01_analogicus (1) disconnected node: uio_out[4]
Cell tt_um_lelo_gr01_analogicus (1) disconnected node: uio_out[3]
Cell tt_um_lelo_gr01_analogicus (1) disconnected node: uio_out[2]
Cell tt_um_lelo_gr01_analogicus (1) disconnected node: uio_out[1]
Cell tt_um_lelo_gr01_analogicus (1) disconnected node: uio_out[0]
Cell tt_um_lelo_gr01_analogicus (1) disconnected node: ui_in[7]
Cell tt_um_lelo_gr01_analogicus (1) disconnected node: ui_in[6]
Cell tt_um_lelo_gr01_analogicus (1) disconnected node: ui_in[5]
Cell tt_um_lelo_gr01_analogicus (1) disconnected node: ui_in[4]
Cell tt_um_lelo_gr01_analogicus (1) disconnected node: ui_in[3]
Cell tt_um_lelo_gr01_analogicus (1) disconnected node: ui_in[2]
Cell tt_um_lelo_gr01_analogicus (1) disconnected node: uio_in[7]
Cell tt_um_lelo_gr01_analogicus (1) disconnected node: uio_in[6]
Cell tt_um_lelo_gr01_analogicus (1) disconnected node: uio_in[5]
Cell tt_um_lelo_gr01_analogicus (1) disconnected node: uio_in[4]
Cell tt_um_lelo_gr01_analogicus (1) disconnected node: uio_in[3]
Cell tt_um_lelo_gr01_analogicus (1) disconnected node: uio_in[2]
Cell tt_um_lelo_gr01_analogicus (1) disconnected node: uio_in[1]
Cell tt_um_lelo_gr01_analogicus (1) disconnected node: uio_in[0]
Cell tt_um_lelo_gr01_analogicus (1) disconnected node: ena
Cell tt_um_lelo_gr01_analogicus (1) disconnected node: clk
Cell tt_um_lelo_gr01_analogicus (1) disconnected node: uo_out[1]
Class tt_um_lelo_gr01_analogicus (0):  Merged 535 parallel devices.
Class tt_um_lelo_gr01_analogicus (0):  Merged 122 series devices.
Class tt_um_lelo_gr01_analogicus (0):  Merged 3 parallel devices.
Class tt_um_lelo_gr01_analogicus (0):  Merged 2 series devices.
Class tt_um_lelo_gr01_analogicus (1):  Merged 33 parallel devices.
Class tt_um_lelo_gr01_analogicus (1):  Merged 122 series devices.
Class tt_um_lelo_gr01_analogicus (1):  Merged 3 parallel devices.
Class tt_um_lelo_gr01_analogicus (1):  Merged 2 series devices.
Cell tt_um_lelo_gr01_analogicus (0) disconnected node: uo_out<7>
Cell tt_um_lelo_gr01_analogicus (0) disconnected node: uo_out<6>
Cell tt_um_lelo_gr01_analogicus (0) disconnected node: uo_out<5>
Cell tt_um_lelo_gr01_analogicus (0) disconnected node: uo_out<4>
Cell tt_um_lelo_gr01_analogicus (0) disconnected node: uo_out<3>
Cell tt_um_lelo_gr01_analogicus (0) disconnected node: uo_out<2>
Cell tt_um_lelo_gr01_analogicus (0) disconnected node: ui_in<7>
Cell tt_um_lelo_gr01_analogicus (0) disconnected node: ui_in<6>
Cell tt_um_lelo_gr01_analogicus (0) disconnected node: ui_in<5>
Cell tt_um_lelo_gr01_analogicus (0) disconnected node: ui_in<4>
Cell tt_um_lelo_gr01_analogicus (0) disconnected node: ui_in<3>
Cell tt_um_lelo_gr01_analogicus (0) disconnected node: ui_in<2>
Cell tt_um_lelo_gr01_analogicus (0) disconnected node: uio_in<7>
Cell tt_um_lelo_gr01_analogicus (0) disconnected node: uio_in<6>
Cell tt_um_lelo_gr01_analogicus (0) disconnected node: uio_in<5>
Cell tt_um_lelo_gr01_analogicus (0) disconnected node: uio_in<4>
Cell tt_um_lelo_gr01_analogicus (0) disconnected node: uio_in<3>
Cell tt_um_lelo_gr01_analogicus (0) disconnected node: uio_in<2>
Cell tt_um_lelo_gr01_analogicus (0) disconnected node: uio_in<1>
Cell tt_um_lelo_gr01_analogicus (0) disconnected node: uio_in<0>
Cell tt_um_lelo_gr01_analogicus (0) disconnected node: ena
Cell tt_um_lelo_gr01_analogicus (1) disconnected node: uo_out[7]
Cell tt_um_lelo_gr01_analogicus (1) disconnected node: uo_out[6]
Cell tt_um_lelo_gr01_analogicus (1) disconnected node: uo_out[5]
Cell tt_um_lelo_gr01_analogicus (1) disconnected node: uo_out[4]
Cell tt_um_lelo_gr01_analogicus (1) disconnected node: uo_out[3]
Cell tt_um_lelo_gr01_analogicus (1) disconnected node: uo_out[2]
Cell tt_um_lelo_gr01_analogicus (1) disconnected node: uio_out[7]
Cell tt_um_lelo_gr01_analogicus (1) disconnected node: uio_out[6]
Cell tt_um_lelo_gr01_analogicus (1) disconnected node: uio_out[5]
Cell tt_um_lelo_gr01_analogicus (1) disconnected node: uio_out[4]
Cell tt_um_lelo_gr01_analogicus (1) disconnected node: uio_out[3]
Cell tt_um_lelo_gr01_analogicus (1) disconnected node: uio_out[2]
Cell tt_um_lelo_gr01_analogicus (1) disconnected node: uio_out[1]
Cell tt_um_lelo_gr01_analogicus (1) disconnected node: uio_out[0]
Cell tt_um_lelo_gr01_analogicus (1) disconnected node: ui_in[7]
Cell tt_um_lelo_gr01_analogicus (1) disconnected node: ui_in[6]
Cell tt_um_lelo_gr01_analogicus (1) disconnected node: ui_in[5]
Cell tt_um_lelo_gr01_analogicus (1) disconnected node: ui_in[4]
Cell tt_um_lelo_gr01_analogicus (1) disconnected node: ui_in[3]
Cell tt_um_lelo_gr01_analogicus (1) disconnected node: ui_in[2]
Cell tt_um_lelo_gr01_analogicus (1) disconnected node: uio_in[7]
Cell tt_um_lelo_gr01_analogicus (1) disconnected node: uio_in[6]
Cell tt_um_lelo_gr01_analogicus (1) disconnected node: uio_in[5]
Cell tt_um_lelo_gr01_analogicus (1) disconnected node: uio_in[4]
Cell tt_um_lelo_gr01_analogicus (1) disconnected node: uio_in[3]
Cell tt_um_lelo_gr01_analogicus (1) disconnected node: uio_in[2]
Cell tt_um_lelo_gr01_analogicus (1) disconnected node: uio_in[1]
Cell tt_um_lelo_gr01_analogicus (1) disconnected node: uio_in[0]
Cell tt_um_lelo_gr01_analogicus (1) disconnected node: ena
Cell tt_um_lelo_gr01_analogicus (1) disconnected node: clk
Cell tt_um_lelo_gr01_analogicus (1) disconnected node: uo_out[1]
Subcircuit summary:
Circuit 1: tt_um_lelo_gr01_analogicus      |Circuit 2: tt_um_lelo_gr01_analogicus      
-------------------------------------------|-------------------------------------------
sky130_fd_pr__pfet_01v8_hvt (771->550)     |(no matching element)                      
sky130_fd_pr__nfet_01v8_lvt (60->20)       |sky130_fd_pr__nfet_01v8_lvt (30->20)       
sky130_fd_pr__nfet_01v8 (717->499)         |sky130_fd_pr__nfet_01v8 (24->23) **Mismatc 
sky130_fd_pr__pfet_01v8_lvt (68->27)       |sky130_fd_pr__pfet_01v8_lvt (34->27)       
sky130_fd_pr__special_nfet_01v8 (78)       |(no matching element)                      
sky130_fd_pr__res_high_po (132->5)         |sky130_fd_pr__res_high_po (132->5)         
sky130_fd_pr__diode_pw2nd_05v5 (3)         |sky130_fd_pr__diode_pw2nd_05v5 (3)         
sky130_fd_pr__cap_mim_m3_1 (10->2)         |sky130_fd_pr__cap_mim_m3_1 (10->2)         
sky130_fd_pr__pfet_01v8 (24)               |sky130_fd_pr__pfet_01v8 (24)               
sky130_fd_pr__res_generic_m4 (8)           |sky130_fd_pr__res_generic_m4 (8)           
sky130_fd_pr__pnp_05v5_W3p40L3p40 (10->3)  |sky130_fd_pr__pnp_05v5_W3p40L3p40 (10->3)  
Number of devices: 1219 **Mismatch**       |Number of devices: 115 **Mismatch**        
Number of nets: 630 **Mismatch**           |Number of nets: 70 **Mismatch**            
---------------------------------------------------------------------------------------
NET mismatches: Class fragments follow (with fanout counts):
Circuit 1: tt_um_lelo_gr01_analogicus      |Circuit 2: tt_um_lelo_gr01_analogicus      

---------------------------------------------------------------------------------------
Net: digital_0.output4.A                   |Net: pwrup_digital                         
  sky130_fd_pr__pfet_01v8_hvt/(1|3) = 1    |  sky130_fd_pr__nfet_01v8/2 = 1            
  sky130_fd_pr__nfet_01v8/2 = 2            |  sky130_fd_pr__pfet_01v8/2 = 1            
  sky130_fd_pr__nfet_01v8/(1|3) = 1        |                                           
  sky130_fd_pr__pfet_01v8_hvt/2 = 2        |                                           
                                           |                                           
Net: digital_0._101_.RESET_B               |Net: net2                                  
  sky130_fd_pr__nfet_01v8/(1|3) = 1        |  sky130_fd_pr__nfet_01v8/(1|3) = 1        
  sky130_fd_pr__pfet_01v8_hvt/2 = 2        |  sky130_fd_pr__pfet_01v8/(1|3) = 1        
  sky130_fd_pr__pfet_01v8_hvt/(1|3) = 1    |                                           
  sky130_fd_pr__nfet_01v8/2 = 2            |                                           
                                           |                                           
Net: digital_0._119_.RESET_B               |Net: uo_out[0]                             
  sky130_fd_pr__nfet_01v8/(1|3) = 1        |  sky130_fd_pr__nfet_01v8/2 = 2            
  sky130_fd_pr__pfet_01v8_hvt/2 = 2        |  sky130_fd_pr__pfet_01v8/2 = 2            
  sky130_fd_pr__pfet_01v8_hvt/(1|3) = 1    |  sky130_fd_pr__nfet_01v8/(1|3) = 2        
  sky130_fd_pr__nfet_01v8/2 = 2            |  sky130_fd_pr__pfet_01v8/(1|3) = 2        
                                           |                                           
Net: digital_0.output12.A                  |Net: ui_in[0]                              
  sky130_fd_pr__nfet_01v8/(1|3) = 1        |  sky130_fd_pr__diode_pw2nd_05v5/2 = 1     
  sky130_fd_pr__pfet_01v8_hvt/(1|3) = 1    |                                           
  sky130_fd_pr__pfet_01v8_hvt/2 = 2        |                                           
  sky130_fd_pr__nfet_01v8/2 = 2            |                                           
                                           |                                           
Net: VDPWR                                 |Net: VDPWR                                 
  sky130_fd_pr__pfet_01v8/(1|3) = 9        |  sky130_fd_pr__pfet_01v8/(1|3) = 9        
  sky130_fd_pr__pfet_01v8/2 = 3            |  sky130_fd_pr__pfet_01v8/2 = 3            
  sky130_fd_pr__pfet_01v8/4 = 9            |  sky130_fd_pr__pfet_01v8/4 = 9            
  sky130_fd_pr__pfet_01v8_lvt/(1|3) = 14   |  sky130_fd_pr__pfet_01v8_lvt/(1|3) = 14   
  sky130_fd_pr__pfet_01v8_lvt/4 = 23       |  sky130_fd_pr__pfet_01v8_lvt/4 = 23       
  sky130_fd_pr__cap_mim_m3_1/1 = 1         |  sky130_fd_pr__cap_mim_m3_1/1 = 1         
  sky130_fd_pr__res_high_po/(1|2) = 1      |  sky130_fd_pr__res_high_po/(1|2) = 1      
  sky130_fd_pr__nfet_01v8/2 = 3            |  sky130_fd_pr__nfet_01v8/2 = 2            
  sky130_fd_pr__pfet_01v8_hvt/4 = 550      |                                           
  sky130_fd_pr__pfet_01v8_hvt/(1|3) = 432  |                                           
                                           |                                           
Net: VGND                                  |Net: VGND                                  
  sky130_fd_pr__nfet_01v8/(1|3) = 412      |  sky130_fd_pr__nfet_01v8/(1|3) = 18       
  sky130_fd_pr__nfet_01v8/2 = 1            |  sky130_fd_pr__nfet_01v8/2 = 1            
  sky130_fd_pr__nfet_01v8/4 = 499          |  sky130_fd_pr__nfet_01v8/4 = 23           
  sky130_fd_pr__res_high_po/3 = 5          |  sky130_fd_pr__res_high_po/3 = 5          
  sky130_fd_pr__nfet_01v8_lvt/4 = 20       |  sky130_fd_pr__nfet_01v8_lvt/4 = 20       
  sky130_fd_pr__pfet_01v8_lvt/(1|3) = 1    |  sky130_fd_pr__pfet_01v8_lvt/(1|3) = 1    
  sky130_fd_pr__nfet_01v8_lvt/(1|3) = 12   |  sky130_fd_pr__nfet_01v8_lvt/(1|3) = 12   
  sky130_fd_pr__pnp_05v5_W3p40L3p40/1 = 3  |  sky130_fd_pr__pnp_05v5_W3p40L3p40/1 = 3  
  sky130_fd_pr__pnp_05v5_W3p40L3p40/2 = 3  |  sky130_fd_pr__pnp_05v5_W3p40L3p40/2 = 3  
  sky130_fd_pr__cap_mim_m3_1/2 = 1         |  sky130_fd_pr__cap_mim_m3_1/2 = 1         
  sky130_fd_pr__diode_pw2nd_05v5/1 = 3     |  sky130_fd_pr__diode_pw2nd_05v5/1 = 3     
  sky130_fd_pr__pfet_01v8_hvt/2 = 1        |                                           
  sky130_fd_pr__special_nfet_01v8/4 = 78   |                                           
                                           |                                           
Net: digital_0._116_.SET_B                 |(no matching net)                          
  sky130_fd_pr__pfet_01v8_hvt/2 = 2        |                                           
  sky130_fd_pr__nfet_01v8/(1|3) = 1        |                                           
  sky130_fd_pr__nfet_01v8/2 = 2            |                                           
  sky130_fd_pr__pfet_01v8_hvt/(1|3) = 1    |                                           
                                           |                                           
Net: digital_0.output5.A                   |(no matching net)                          
  sky130_fd_pr__nfet_01v8/(1|3) = 1        |                                           
  sky130_fd_pr__nfet_01v8/2 = 2            |                                           
  sky130_fd_pr__pfet_01v8_hvt/2 = 2        |                                           
  sky130_fd_pr__pfet_01v8_hvt/(1|3) = 1    |                                           
                                           |                                           
Net: digital_0.clkbuf_1_1__f_clk.A         |(no matching net)                          
  sky130_fd_pr__nfet_01v8/(1|3) = 1        |                                           
  sky130_fd_pr__nfet_01v8/2 = 2            |                                           
  sky130_fd_pr__pfet_01v8_hvt/(1|3) = 1    |                                           
  sky130_fd_pr__pfet_01v8_hvt/2 = 2        |                                           
                                           |                                           
Net: digital_0._103_.RESET_B               |(no matching net)                          
  sky130_fd_pr__pfet_01v8_hvt/(1|3) = 1    |                                           
  sky130_fd_pr__nfet_01v8/(1|3) = 1        |                                           
  sky130_fd_pr__nfet_01v8/2 = 2            |                                           
  sky130_fd_pr__pfet_01v8_hvt/2 = 2        |                                           
                                           |                                           
Net: digital_0.output6.A                   |(no matching net)                          
  sky130_fd_pr__nfet_01v8/2 = 2            |                                           
  sky130_fd_pr__pfet_01v8_hvt/(1|3) = 1    |                                           
  sky130_fd_pr__nfet_01v8/(1|3) = 1        |                                           
  sky130_fd_pr__pfet_01v8_hvt/2 = 2        |                                           
                                           |                                           
Net: digital_0._102_.RESET_B               |(no matching net)                          
  sky130_fd_pr__nfet_01v8/(1|3) = 1        |                                           
  sky130_fd_pr__nfet_01v8/2 = 2            |                                           
  sky130_fd_pr__pfet_01v8_hvt/(1|3) = 1    |                                           
  sky130_fd_pr__pfet_01v8_hvt/2 = 2        |                                           
                                           |                                           
Net: digital_0.output9.A                   |(no matching net)                          
  sky130_fd_pr__pfet_01v8_hvt/(1|3) = 1    |                                           
  sky130_fd_pr__nfet_01v8/2 = 2            |                                           
  sky130_fd_pr__pfet_01v8_hvt/2 = 2        |                                           
  sky130_fd_pr__nfet_01v8/(1|3) = 1        |                                           
                                           |                                           
Net: digital_0._118_.RESET_B               |(no matching net)                          
  sky130_fd_pr__pfet_01v8_hvt/(1|3) = 1    |                                           
  sky130_fd_pr__nfet_01v8/2 = 2            |                                           
  sky130_fd_pr__nfet_01v8/(1|3) = 1        |                                           
  sky130_fd_pr__pfet_01v8_hvt/2 = 2        |                                           
                                           |                                           
Net: digital_0.output11.A                  |(no matching net)                          
  sky130_fd_pr__nfet_01v8/(1|3) = 1        |                                           
  sky130_fd_pr__pfet_01v8_hvt/(1|3) = 1    |                                           
  sky130_fd_pr__nfet_01v8/2 = 2            |                                           
  sky130_fd_pr__pfet_01v8_hvt/2 = 2        |                                           
                                           |                                           
Net: digital_0._067_.A                     |(no matching net)                          
  sky130_fd_pr__pfet_01v8_hvt/2 = 2        |                                           
  sky130_fd_pr__nfet_01v8/(1|3) = 1        |                                           
  sky130_fd_pr__nfet_01v8/2 = 2            |                                           
  sky130_fd_pr__pfet_01v8_hvt/(1|3) = 1    |                                           
                                           |                                           
Net: digital_0._117_.RESET_B               |(no matching net)                          
  sky130_fd_pr__pfet_01v8_hvt/(1|3) = 1    |                                           
  sky130_fd_pr__pfet_01v8_hvt/2 = 2        |                                           
  sky130_fd_pr__nfet_01v8/(1|3) = 1        |                                           
  sky130_fd_pr__nfet_01v8/2 = 2            |                                           
                                           |                                           
Net: digital_0._100_.RESET_B               |(no matching net)                          
  sky130_fd_pr__nfet_01v8/2 = 2            |                                           
  sky130_fd_pr__nfet_01v8/(1|3) = 1        |                                           
  sky130_fd_pr__pfet_01v8_hvt/(1|3) = 1    |                                           
  sky130_fd_pr__pfet_01v8_hvt/2 = 2        |                                           
                                           |                                           
Net: digital_0.input3.X                    |(no matching net)                          
  sky130_fd_pr__pfet_01v8_hvt/2 = 2        |                                           
  sky130_fd_pr__nfet_01v8/2 = 2            |                                           
  sky130_fd_pr__pfet_01v8_hvt/(1|3) = 1    |                                           
  sky130_fd_pr__nfet_01v8/(1|3) = 1        |                                           
                                           |                                           
Net: digital_0._105_.RESET_B               |(no matching net)                          
  sky130_fd_pr__nfet_01v8/2 = 2            |                                           
  sky130_fd_pr__nfet_01v8/(1|3) = 1        |                                           
  sky130_fd_pr__pfet_01v8_hvt/2 = 2        |                                           
  sky130_fd_pr__pfet_01v8_hvt/(1|3) = 1    |                                           
                                           |                                           
Net: digital_0._106_.RESET_B               |(no matching net)                          
  sky130_fd_pr__pfet_01v8_hvt/(1|3) = 1    |                                           
  sky130_fd_pr__nfet_01v8/(1|3) = 1        |                                           
  sky130_fd_pr__nfet_01v8/2 = 2            |                                           
  sky130_fd_pr__pfet_01v8_hvt/2 = 2        |                                           
                                           |                                           
Net: digital_0._104_.RESET_B               |(no matching net)                          
  sky130_fd_pr__pfet_01v8_hvt/2 = 2        |                                           
  sky130_fd_pr__pfet_01v8_hvt/(1|3) = 1    |                                           
  sky130_fd_pr__nfet_01v8/(1|3) = 1        |                                           
  sky130_fd_pr__nfet_01v8/2 = 2            |                                           
                                           |                                           
Net: digital_0.input2.X                    |(no matching net)                          
  sky130_fd_pr__pfet_01v8_hvt/2 = 2        |                                           
  sky130_fd_pr__nfet_01v8/2 = 2            |                                           
  sky130_fd_pr__nfet_01v8/(1|3) = 1        |                                           
  sky130_fd_pr__pfet_01v8_hvt/(1|3) = 1    |                                           
                                           |                                           
Net: digital_0.output10.A                  |(no matching net)                          
  sky130_fd_pr__nfet_01v8/(1|3) = 1        |                                           
  sky130_fd_pr__pfet_01v8_hvt/2 = 2        |                                           
  sky130_fd_pr__pfet_01v8_hvt/(1|3) = 1    |                                           
  sky130_fd_pr__nfet_01v8/2 = 2            |                                           
                                           |                                           
Net: digital_0.output8.A                   |(no matching net)                          
  sky130_fd_pr__pfet_01v8_hvt/(1|3) = 1    |                                           
  sky130_fd_pr__nfet_01v8/(1|3) = 1        |                                           
  sky130_fd_pr__nfet_01v8/2 = 2            |                                           
  sky130_fd_pr__pfet_01v8_hvt/2 = 2        |                                           
                                           |                                           
Net: a_6968_4276#                          |(no matching net)                          
  sky130_fd_pr__nfet_01v8/(1|3) = 1        |                                           
  sky130_fd_pr__nfet_01v8/2 = 1            |                                           
  sky130_fd_pr__pfet_01v8_hvt/2 = 1        |                                           
  sky130_fd_pr__pfet_01v8_hvt/(1|3) = 3    |                                           
                                           |                                           
Net: a_13132_4276#                         |(no matching net)                          
  sky130_fd_pr__pfet_01v8_hvt/2 = 1        |                                           
  sky130_fd_pr__pfet_01v8_hvt/(1|3) = 3    |                                           
  sky130_fd_pr__nfet_01v8/(1|3) = 1        |                                           
  sky130_fd_pr__nfet_01v8/2 = 1            |                                           
                                           |                                           
Net: a_6081_2649#                          |(no matching net)                          
  sky130_fd_pr__special_nfet_01v8/(1|3) =  |                                           
  sky130_fd_pr__pfet_01v8_hvt/(1|3) = 2    |                                           
  sky130_fd_pr__nfet_01v8/2 = 1            |                                           
  sky130_fd_pr__pfet_01v8_hvt/2 = 1        |                                           
                                           |                                           
Net: a_8841_4018#                          |(no matching net)                          
  sky130_fd_pr__pfet_01v8_hvt/2 = 1        |                                           
  sky130_fd_pr__special_nfet_01v8/(1|3) =  |                                           
  sky130_fd_pr__nfet_01v8/2 = 1            |                                           
  sky130_fd_pr__pfet_01v8_hvt/(1|3) = 2    |                                           
                                           |                                           
Net: a_14729_5106#                         |(no matching net)                          
  sky130_fd_pr__nfet_01v8/2 = 1            |                                           
  sky130_fd_pr__pfet_01v8_hvt/(1|3) = 2    |                                           
  sky130_fd_pr__special_nfet_01v8/(1|3) =  |                                           
  sky130_fd_pr__pfet_01v8_hvt/2 = 1        |                                           
                                           |                                           
Net: a_14622_2246#                         |(no matching net)                          
  sky130_fd_pr__special_nfet_01v8/(1|3) =  |                                           
  sky130_fd_pr__pfet_01v8_hvt/2 = 1        |                                           
  sky130_fd_pr__pfet_01v8_hvt/(1|3) = 2    |                                           
  sky130_fd_pr__nfet_01v8/2 = 1            |                                           
                                           |                                           
Net: a_11601_2649#                         |(no matching net)                          
  sky130_fd_pr__pfet_01v8_hvt/(1|3) = 2    |                                           
  sky130_fd_pr__special_nfet_01v8/(1|3) =  |                                           
  sky130_fd_pr__nfet_01v8/2 = 1            |                                           
  sky130_fd_pr__pfet_01v8_hvt/2 = 1        |                                           
                                           |                                           
Net: a_7816_5264#                          |(no matching net)                          
  sky130_fd_pr__special_nfet_01v8/(1|3) =  |                                           
  sky130_fd_pr__pfet_01v8_hvt/2 = 1        |                                           
  sky130_fd_pr__nfet_01v8/2 = 1            |                                           
  sky130_fd_pr__pfet_01v8_hvt/(1|3) = 2    |                                           
                                           |                                           
Net: a_14241_4588#                         |(no matching net)                          
  sky130_fd_pr__nfet_01v8/2 = 1            |                                           
  sky130_fd_pr__pfet_01v8_hvt/(1|3) = 2    |                                           
  sky130_fd_pr__special_nfet_01v8/(1|3) =  |                                           
  sky130_fd_pr__pfet_01v8_hvt/2 = 1        |                                           
                                           |                                           
Net: a_4149_2930#                          |(no matching net)                          
  sky130_fd_pr__pfet_01v8_hvt/(1|3) = 2    |                                           
  sky130_fd_pr__special_nfet_01v8/(1|3) =  |                                           
  sky130_fd_pr__nfet_01v8/2 = 1            |                                           
  sky130_fd_pr__pfet_01v8_hvt/2 = 1        |                                           
                                           |                                           
Net: a_10944_4840#                         |(no matching net)                          
  sky130_fd_pr__nfet_01v8/2 = 1            |                                           
  sky130_fd_pr__special_nfet_01v8/(1|3) =  |                                           
  sky130_fd_pr__pfet_01v8_hvt/2 = 1        |                                           
  sky130_fd_pr__pfet_01v8_hvt/(1|3) = 2    |                                           
                                           |                                           
Net: a_4793_5106#                          |(no matching net)                          
  sky130_fd_pr__pfet_01v8_hvt/(1|3) = 2    |                                           
  sky130_fd_pr__special_nfet_01v8/(1|3) =  |                                           
  sky130_fd_pr__nfet_01v8/2 = 1            |                                           
  sky130_fd_pr__pfet_01v8_hvt/2 = 1        |                                           
                                           |                                           
Net: a_14806_4588#                         |(no matching net)                          
  sky130_fd_pr__special_nfet_01v8/(1|3) =  |                                           
  sky130_fd_pr__pfet_01v8_hvt/(1|3) = 2    |                                           
  sky130_fd_pr__pfet_01v8_hvt/2 = 1        |                                           
  sky130_fd_pr__nfet_01v8/2 = 1            |                                           
                                           |                                           
Net: a_4228_2000#                          |(no matching net)                          
  sky130_fd_pr__pfet_01v8_hvt/(1|3) = 2    |                                           
  sky130_fd_pr__special_nfet_01v8/(1|3) =  |                                           
  sky130_fd_pr__pfet_01v8_hvt/2 = 1        |                                           
  sky130_fd_pr__nfet_01v8/2 = 1            |                                           
                                           |                                           
Net: a_11665_2246#                         |(no matching net)                          
  sky130_fd_pr__pfet_01v8_hvt/2 = 1        |                                           
  sky130_fd_pr__nfet_01v8/2 = 1            |                                           
  sky130_fd_pr__special_nfet_01v8/(1|3) =  |                                           
  sky130_fd_pr__pfet_01v8_hvt/(1|3) = 2    |                                           
                                           |                                           
Net: a_9104_2664#                          |(no matching net)                          
  sky130_fd_pr__special_nfet_01v8/(1|3) =  |                                           
  sky130_fd_pr__pfet_01v8_hvt/(1|3) = 2    |                                           
  sky130_fd_pr__pfet_01v8_hvt/2 = 1        |                                           
  sky130_fd_pr__nfet_01v8/2 = 1            |                                           
                                           |                                           
Net: a_11969_4018#                         |(no matching net)                          
  sky130_fd_pr__pfet_01v8_hvt/(1|3) = 2    |                                           
  sky130_fd_pr__special_nfet_01v8/(1|3) =  |                                           
  sky130_fd_pr__nfet_01v8/2 = 1            |                                           
  sky130_fd_pr__pfet_01v8_hvt/2 = 1        |                                           
                                           |                                           
Net: a_11128_2664#                         |(no matching net)                          
  sky130_fd_pr__special_nfet_01v8/(1|3) =  |                                           
  sky130_fd_pr__nfet_01v8/2 = 1            |                                           
  sky130_fd_pr__pfet_01v8_hvt/(1|3) = 2    |                                           
  sky130_fd_pr__pfet_01v8_hvt/2 = 1        |                                           
                                           |                                           
Net: a_12230_2246#                         |(no matching net)                          
  sky130_fd_pr__pfet_01v8_hvt/(1|3) = 2    |                                           
  sky130_fd_pr__special_nfet_01v8/(1|3) =  |                                           
  sky130_fd_pr__nfet_01v8/2 = 1            |                                           
  sky130_fd_pr__pfet_01v8_hvt/2 = 1        |                                           
                                           |                                           
Net: a_14256_5264#                         |(no matching net)                          
  sky130_fd_pr__special_nfet_01v8/(1|3) =  |                                           
  sky130_fd_pr__pfet_01v8_hvt/(1|3) = 2    |                                           
  sky130_fd_pr__pfet_01v8_hvt/2 = 1        |                                           
  sky130_fd_pr__nfet_01v8/2 = 1            |                                           
                                           |                                           
Net: a_4320_5264#                          |(no matching net)                          
  sky130_fd_pr__special_nfet_01v8/(1|3) =  |                                           
  sky130_fd_pr__pfet_01v8_hvt/(1|3) = 2    |                                           
  sky130_fd_pr__nfet_01v8/2 = 1            |                                           
  sky130_fd_pr__pfet_01v8_hvt/2 = 1        |                                           
                                           |                                           
Net: a_11417_4825#                         |(no matching net)                          
  sky130_fd_pr__pfet_01v8_hvt/2 = 1        |                                           
  sky130_fd_pr__pfet_01v8_hvt/(1|3) = 2    |                                           
  sky130_fd_pr__special_nfet_01v8/(1|3) =  |                                           
  sky130_fd_pr__nfet_01v8/2 = 1            |                                           
                                           |                                           
Net: a_8841_1842#                          |(no matching net)                          
  sky130_fd_pr__nfet_01v8/2 = 1            |                                           
  sky130_fd_pr__pfet_01v8_hvt/2 = 1        |                                           
  sky130_fd_pr__special_nfet_01v8/(1|3) =  |                                           
  sky130_fd_pr__pfet_01v8_hvt/(1|3) = 2    |                                           
                                           |                                           
Net: a_5608_3752#                          |(no matching net)                          
  sky130_fd_pr__pfet_01v8_hvt/(1|3) = 2    |                                           
  sky130_fd_pr__pfet_01v8_hvt/2 = 1        |                                           
  sky130_fd_pr__special_nfet_01v8/(1|3) =  |                                           
  sky130_fd_pr__nfet_01v8/2 = 1            |                                           
                                           |                                           
Net: a_8289_5106#                          |(no matching net)                          
  sky130_fd_pr__nfet_01v8/2 = 1            |                                           
  sky130_fd_pr__special_nfet_01v8/(1|3) =  |                                           
  sky130_fd_pr__pfet_01v8_hvt/2 = 1        |                                           
  sky130_fd_pr__pfet_01v8_hvt/(1|3) = 2    |                                           
                                           |                                           
Net: a_11496_4176#                         |(no matching net)                          
  sky130_fd_pr__special_nfet_01v8/(1|3) =  |                                           
  sky130_fd_pr__pfet_01v8_hvt/2 = 1        |                                           
  sky130_fd_pr__pfet_01v8_hvt/(1|3) = 2    |                                           
  sky130_fd_pr__nfet_01v8/2 = 1            |                                           
                                           |                                           
Net: a_4701_1842#                          |(no matching net)                          
  sky130_fd_pr__nfet_01v8/2 = 1            |                                           
  sky130_fd_pr__pfet_01v8_hvt/2 = 1        |                                           
  sky130_fd_pr__special_nfet_01v8/(1|3) =  |                                           
  sky130_fd_pr__pfet_01v8_hvt/(1|3) = 2    |                                           
                                           |                                           
Net: a_5608_2664#                          |(no matching net)                          
  sky130_fd_pr__special_nfet_01v8/(1|3) =  |                                           
  sky130_fd_pr__nfet_01v8/2 = 1            |                                           
  sky130_fd_pr__pfet_01v8_hvt/(1|3) = 2    |                                           
  sky130_fd_pr__pfet_01v8_hvt/2 = 1        |                                           
                                           |                                           
Net: a_14057_2246#                         |(no matching net)                          
  sky130_fd_pr__nfet_01v8/2 = 1            |                                           
  sky130_fd_pr__special_nfet_01v8/(1|3) =  |                                           
  sky130_fd_pr__pfet_01v8_hvt/(1|3) = 2    |                                           
  sky130_fd_pr__pfet_01v8_hvt/2 = 1        |                                           
                                           |                                           
Net: a_13428_3088#                         |(no matching net)                          
  sky130_fd_pr__pfet_01v8_hvt/2 = 1        |                                           
  sky130_fd_pr__special_nfet_01v8/(1|3) =  |                                           
  sky130_fd_pr__nfet_01v8/2 = 1            |                                           
  sky130_fd_pr__pfet_01v8_hvt/(1|3) = 2    |                                           
                                           |                                           
Net: a_3676_3088#                          |(no matching net)                          
  sky130_fd_pr__special_nfet_01v8/(1|3) =  |                                           
  sky130_fd_pr__pfet_01v8_hvt/(1|3) = 2    |                                           
  sky130_fd_pr__pfet_01v8_hvt/2 = 1        |                                           
  sky130_fd_pr__nfet_01v8/2 = 1            |                                           
                                           |                                           
Net: a_8368_4176#                          |(no matching net)                          
  sky130_fd_pr__special_nfet_01v8/(1|3) =  |                                           
  sky130_fd_pr__nfet_01v8/2 = 1            |                                           
  sky130_fd_pr__pfet_01v8_hvt/2 = 1        |                                           
  sky130_fd_pr__pfet_01v8_hvt/(1|3) = 2    |                                           
                                           |                                           
Net: a_6160_4840#                          |(no matching net)                          
  sky130_fd_pr__pfet_01v8_hvt/(1|3) = 2    |                                           
  sky130_fd_pr__special_nfet_01v8/(1|3) =  |                                           
  sky130_fd_pr__pfet_01v8_hvt/2 = 1        |                                           
  sky130_fd_pr__nfet_01v8/2 = 1            |                                           
                                           |                                           
Net: a_6081_3737#                          |(no matching net)                          
  sky130_fd_pr__special_nfet_01v8/(1|3) =  |                                           
  sky130_fd_pr__pfet_01v8_hvt/(1|3) = 2    |                                           
  sky130_fd_pr__nfet_01v8/2 = 1            |                                           
  sky130_fd_pr__pfet_01v8_hvt/2 = 1        |                                           
                                           |                                           
Net: a_8368_2000#                          |(no matching net)                          
  sky130_fd_pr__pfet_01v8_hvt/(1|3) = 2    |                                           
  sky130_fd_pr__special_nfet_01v8/(1|3) =  |                                           
  sky130_fd_pr__pfet_01v8_hvt/2 = 1        |                                           
  sky130_fd_pr__nfet_01v8/2 = 1            |                                           
                                           |                                           
Net: a_6633_4825#                          |(no matching net)                          
  sky130_fd_pr__nfet_01v8/2 = 1            |                                           
  sky130_fd_pr__special_nfet_01v8/(1|3) =  |                                           
  sky130_fd_pr__pfet_01v8_hvt/2 = 1        |                                           
  sky130_fd_pr__pfet_01v8_hvt/(1|3) = 2    |                                           
                                           |                                           
Net: a_13901_2930#                         |(no matching net)                          
  sky130_fd_pr__special_nfet_01v8/(1|3) =  |                                           
  sky130_fd_pr__pfet_01v8_hvt/(1|3) = 2    |                                           
  sky130_fd_pr__nfet_01v8/2 = 1            |                                           
  sky130_fd_pr__pfet_01v8_hvt/2 = 1        |                                           
                                           |                                           
Net: a_13980_4176#                         |(no matching net)                          
  sky130_fd_pr__pfet_01v8_hvt/(1|3) = 2    |                                           
  sky130_fd_pr__nfet_01v8/2 = 1            |                                           
  sky130_fd_pr__pfet_01v8_hvt/2 = 1        |                                           
  sky130_fd_pr__special_nfet_01v8/(1|3) =  |                                           
                                           |                                           
Net: a_14453_4018#                         |(no matching net)                          
  sky130_fd_pr__special_nfet_01v8/(1|3) =  |                                           
  sky130_fd_pr__pfet_01v8_hvt/2 = 1        |                                           
  sky130_fd_pr__pfet_01v8_hvt/(1|3) = 2    |                                           
  sky130_fd_pr__nfet_01v8/2 = 1            |                                           
                                           |                                           
Net: a_9577_2649#                          |(no matching net)                          
  sky130_fd_pr__special_nfet_01v8/(1|3) =  |                                           
  sky130_fd_pr__nfet_01v8/2 = 1            |                                           
  sky130_fd_pr__pfet_01v8_hvt/(1|3) = 2    |                                           
  sky130_fd_pr__pfet_01v8_hvt/2 = 1        |                                           
                                           |                                           
Net: a_8772_4044#                          |(no matching net)                          
  sky130_fd_pr__pfet_01v8_hvt/(1|3) = 2    |                                           
  sky130_fd_pr__nfet_01v8/(1|3) = 1        |                                           
  sky130_fd_pr__nfet_01v8/2 = 1            |                                           
  sky130_fd_pr__pfet_01v8_hvt/2 = 1        |                                           
  sky130_fd_pr__special_nfet_01v8/(1|3) =  |                                           
                                           |                                           
Net: a_14660_5132#                         |(no matching net)                          
  sky130_fd_pr__nfet_01v8/(1|3) = 1        |                                           
  sky130_fd_pr__pfet_01v8_hvt/(1|3) = 2    |                                           
  sky130_fd_pr__pfet_01v8_hvt/2 = 1        |                                           
  sky130_fd_pr__special_nfet_01v8/(1|3) =  |                                           
  sky130_fd_pr__nfet_01v8/2 = 1            |                                           
                                           |                                           
Net: a_6012_2778#                          |(no matching net)                          
  sky130_fd_pr__nfet_01v8/2 = 1            |                                           
  sky130_fd_pr__nfet_01v8/(1|3) = 1        |                                           
  sky130_fd_pr__special_nfet_01v8/(1|3) =  |                                           
  sky130_fd_pr__pfet_01v8_hvt/(1|3) = 2    |                                           
  sky130_fd_pr__pfet_01v8_hvt/2 = 1        |                                           
                                           |                                           
Net: a_14459_4830#                         |(no matching net)                          
  sky130_fd_pr__nfet_01v8/(1|3) = 1        |                                           
  sky130_fd_pr__special_nfet_01v8/(1|3) =  |                                           
  sky130_fd_pr__nfet_01v8/2 = 1            |                                           
  sky130_fd_pr__pfet_01v8_hvt/(1|3) = 2    |                                           
  sky130_fd_pr__pfet_01v8_hvt/2 = 1        |                                           
                                           |                                           
Net: a_6564_4954#                          |(no matching net)                          
  sky130_fd_pr__nfet_01v8/2 = 1            |                                           
  sky130_fd_pr__nfet_01v8/(1|3) = 1        |                                           
  sky130_fd_pr__pfet_01v8_hvt/(1|3) = 2    |                                           
  sky130_fd_pr__special_nfet_01v8/(1|3) =  |                                           
  sky130_fd_pr__pfet_01v8_hvt/2 = 1        |                                           
                                           |                                           
Net: a_4080_2956#                          |(no matching net)                          
  sky130_fd_pr__nfet_01v8/2 = 1            |                                           
  sky130_fd_pr__nfet_01v8/(1|3) = 1        |                                           
  sky130_fd_pr__pfet_01v8_hvt/2 = 1        |                                           
  sky130_fd_pr__pfet_01v8_hvt/(1|3) = 2    |                                           
  sky130_fd_pr__special_nfet_01v8/(1|3) =  |                                           
                                           |                                           
Net: a_11883_1842#                         |(no matching net)                          
  sky130_fd_pr__pfet_01v8_hvt/(1|3) = 2    |                                           
  sky130_fd_pr__pfet_01v8_hvt/2 = 1        |                                           
  sky130_fd_pr__nfet_01v8/(1|3) = 1        |                                           
  sky130_fd_pr__nfet_01v8/2 = 1            |                                           
  sky130_fd_pr__special_nfet_01v8/(1|3) =  |                                           
                                           |                                           
Net: a_8772_1868#                          |(no matching net)                          
  sky130_fd_pr__nfet_01v8/2 = 1            |                                           
  sky130_fd_pr__nfet_01v8/(1|3) = 1        |                                           
  sky130_fd_pr__pfet_01v8_hvt/2 = 1        |                                           
  sky130_fd_pr__pfet_01v8_hvt/(1|3) = 2    |                                           
  sky130_fd_pr__special_nfet_01v8/(1|3) =  |                                           
                                           |                                           
Net: a_6012_3866#                          |(no matching net)                          
  sky130_fd_pr__pfet_01v8_hvt/2 = 1        |                                           
  sky130_fd_pr__pfet_01v8_hvt/(1|3) = 2    |                                           
  sky130_fd_pr__nfet_01v8/2 = 1            |                                           
  sky130_fd_pr__nfet_01v8/(1|3) = 1        |                                           
  sky130_fd_pr__special_nfet_01v8/(1|3) =  |                                           
                                           |                                           
Net: a_13832_2956#                         |(no matching net)                          
  sky130_fd_pr__pfet_01v8_hvt/2 = 1        |                                           
  sky130_fd_pr__special_nfet_01v8/(1|3) =  |                                           
  sky130_fd_pr__nfet_01v8/(1|3) = 1        |                                           
  sky130_fd_pr__nfet_01v8/2 = 1            |                                           
  sky130_fd_pr__pfet_01v8_hvt/(1|3) = 2    |                                           
                                           |                                           
Net: a_4724_5132#                          |(no matching net)                          
  sky130_fd_pr__special_nfet_01v8/(1|3) =  |                                           
  sky130_fd_pr__nfet_01v8/(1|3) = 1        |                                           
  sky130_fd_pr__nfet_01v8/2 = 1            |                                           
  sky130_fd_pr__pfet_01v8_hvt/2 = 1        |                                           
  sky130_fd_pr__pfet_01v8_hvt/(1|3) = 2    |                                           
                                           |                                           
Net: a_11348_4954#                         |(no matching net)                          
  sky130_fd_pr__pfet_01v8_hvt/(1|3) = 2    |                                           
  sky130_fd_pr__nfet_01v8/(1|3) = 1        |                                           
  sky130_fd_pr__special_nfet_01v8/(1|3) =  |                                           
  sky130_fd_pr__pfet_01v8_hvt/2 = 1        |                                           
  sky130_fd_pr__nfet_01v8/2 = 1            |                                           
                                           |                                           
Net: a_8220_5132#                          |(no matching net)                          
  sky130_fd_pr__nfet_01v8/(1|3) = 1        |                                           
  sky130_fd_pr__pfet_01v8_hvt/2 = 1        |                                           
  sky130_fd_pr__pfet_01v8_hvt/(1|3) = 2    |                                           
  sky130_fd_pr__special_nfet_01v8/(1|3) =  |                                           
  sky130_fd_pr__nfet_01v8/2 = 1            |                                           
                                           |                                           
Net: a_4632_1868#                          |(no matching net)                          
  sky130_fd_pr__pfet_01v8_hvt/(1|3) = 2    |                                           
  sky130_fd_pr__nfet_01v8/(1|3) = 1        |                                           
  sky130_fd_pr__special_nfet_01v8/(1|3) =  |                                           
  sky130_fd_pr__nfet_01v8/2 = 1            |                                           
  sky130_fd_pr__pfet_01v8_hvt/2 = 1        |                                           
                                           |                                           
Net: a_14275_1842#                         |(no matching net)                          
  sky130_fd_pr__pfet_01v8_hvt/2 = 1        |                                           
  sky130_fd_pr__nfet_01v8/(1|3) = 1        |                                           
  sky130_fd_pr__nfet_01v8/2 = 1            |                                           
  sky130_fd_pr__special_nfet_01v8/(1|3) =  |                                           
  sky130_fd_pr__pfet_01v8_hvt/(1|3) = 2    |                                           
                                           |                                           
Net: a_9508_2778#                          |(no matching net)                          
  sky130_fd_pr__nfet_01v8/2 = 1            |                                           
  sky130_fd_pr__pfet_01v8_hvt/2 = 1        |                                           
  sky130_fd_pr__pfet_01v8_hvt/(1|3) = 2    |                                           
  sky130_fd_pr__nfet_01v8/(1|3) = 1        |                                           
  sky130_fd_pr__special_nfet_01v8/(1|3) =  |                                           
                                           |                                           
Net: a_11900_4044#                         |(no matching net)                          
  sky130_fd_pr__nfet_01v8/2 = 1            |                                           
  sky130_fd_pr__nfet_01v8/(1|3) = 1        |                                           
  sky130_fd_pr__pfet_01v8_hvt/(1|3) = 2    |                                           
  sky130_fd_pr__pfet_01v8_hvt/2 = 1        |                                           
  sky130_fd_pr__special_nfet_01v8/(1|3) =  |                                           
                                           |                                           
Net: a_11532_2778#                         |(no matching net)                          
  sky130_fd_pr__pfet_01v8_hvt/2 = 1        |                                           
  sky130_fd_pr__pfet_01v8_hvt/(1|3) = 2    |                                           
  sky130_fd_pr__nfet_01v8/2 = 1            |                                           
  sky130_fd_pr__nfet_01v8/(1|3) = 1        |                                           
  sky130_fd_pr__special_nfet_01v8/(1|3) =  |                                           
                                           |                                           
Net: a_14384_4044#                         |(no matching net)                          
  sky130_fd_pr__pfet_01v8_hvt/(1|3) = 2    |                                           
  sky130_fd_pr__special_nfet_01v8/(1|3) =  |                                           
  sky130_fd_pr__nfet_01v8/2 = 1            |                                           
  sky130_fd_pr__nfet_01v8/(1|3) = 1        |                                           
  sky130_fd_pr__pfet_01v8_hvt/2 = 1        |                                           
                                           |                                           
Net: a_5189_1651#                          |(no matching net)                          
  sky130_fd_pr__pfet_01v8_hvt/(1|3) = 2    |                                           
  sky130_fd_pr__nfet_01v8/(1|3) = 2        |                                           
  sky130_fd_pr__pfet_01v8_hvt/2 = 1        |                                           
  sky130_fd_pr__nfet_01v8/2 = 1            |                                           
                                           |                                           
Net: a_13101_4915#                         |(no matching net)                          
  sky130_fd_pr__nfet_01v8/2 = 1            |                                           
  sky130_fd_pr__pfet_01v8_hvt/(1|3) = 2    |                                           
  sky130_fd_pr__pfet_01v8_hvt/2 = 1        |                                           
  sky130_fd_pr__nfet_01v8/(1|3) = 2        |                                           
                                           |                                           
Net: a_6046_5364#                          |(no matching net)                          
  sky130_fd_pr__nfet_01v8/(1|3) = 2        |                                           
  sky130_fd_pr__pfet_01v8_hvt/2 = 1        |                                           
  sky130_fd_pr__pfet_01v8_hvt/(1|3) = 2    |                                           
  sky130_fd_pr__nfet_01v8/2 = 1            |                                           
                                           |                                           
Net: a_11721_1651#                         |(no matching net)                          
  sky130_fd_pr__pfet_01v8_hvt/2 = 1        |                                           
  sky130_fd_pr__pfet_01v8_hvt/(1|3) = 2    |                                           
  sky130_fd_pr__nfet_01v8/2 = 1            |                                           
  sky130_fd_pr__nfet_01v8/(1|3) = 2        |                                           
                                           |                                           
Net: a_14205_3827#                         |(no matching net)                          
  sky130_fd_pr__pfet_01v8_hvt/2 = 1        |                                           
  sky130_fd_pr__nfet_01v8/(1|3) = 2        |                                           
  sky130_fd_pr__pfet_01v8_hvt/(1|3) = 2    |                                           
  sky130_fd_pr__nfet_01v8/2 = 1            |                                           
                                           |                                           
Net: a_4637_3827#                          |(no matching net)                          
  sky130_fd_pr__pfet_01v8_hvt/(1|3) = 2    |                                           
  sky130_fd_pr__pfet_01v8_hvt/2 = 1        |                                           
  sky130_fd_pr__nfet_01v8/2 = 1            |                                           
  sky130_fd_pr__nfet_01v8/(1|3) = 2        |                                           
                                           |                                           
Net: a_8869_1651#                          |(no matching net)                          
  sky130_fd_pr__pfet_01v8_hvt/(1|3) = 2    |                                           
  sky130_fd_pr__pfet_01v8_hvt/2 = 1        |                                           
  sky130_fd_pr__nfet_01v8/(1|3) = 2        |                                           
  sky130_fd_pr__nfet_01v8/2 = 1            |                                           
                                           |                                           
Net: a_7949_6003#                          |(no matching net)                          
  sky130_fd_pr__nfet_01v8/2 = 1            |                                           
  sky130_fd_pr__pfet_01v8_hvt/(1|3) = 2    |                                           
  sky130_fd_pr__pfet_01v8_hvt/2 = 1        |                                           
  sky130_fd_pr__nfet_01v8/(1|3) = 2        |                                           
                                           |                                           
Net: a_11406_2680#                         |(no matching net)                          
  sky130_fd_pr__pfet_01v8_hvt/2 = 2        |                                           
  sky130_fd_pr__special_nfet_01v8/2 = 2    |                                           
  sky130_fd_pr__pfet_01v8_hvt/(1|3) = 1    |                                           
  sky130_fd_pr__nfet_01v8/(1|3) = 1        |                                           
                                           |                                           
Net: a_5886_3768#                          |(no matching net)                          
  sky130_fd_pr__nfet_01v8/(1|3) = 1        |                                           
  sky130_fd_pr__pfet_01v8_hvt/2 = 2        |                                           
  sky130_fd_pr__special_nfet_01v8/2 = 2    |                                           
  sky130_fd_pr__pfet_01v8_hvt/(1|3) = 1    |                                           
                                           |                                           
Net: a_14534_5248#                         |(no matching net)                          
  sky130_fd_pr__pfet_01v8_hvt/2 = 2        |                                           
  sky130_fd_pr__special_nfet_01v8/2 = 2    |                                           
  sky130_fd_pr__pfet_01v8_hvt/(1|3) = 1    |                                           
  sky130_fd_pr__nfet_01v8/(1|3) = 1        |                                           
                                           |                                           
Net: a_3954_3072#                          |(no matching net)                          
  sky130_fd_pr__pfet_01v8_hvt/2 = 2        |                                           
  sky130_fd_pr__special_nfet_01v8/2 = 2    |                                           
  sky130_fd_pr__pfet_01v8_hvt/(1|3) = 1    |                                           
  sky130_fd_pr__nfet_01v8/(1|3) = 1        |                                           
                                           |                                           
Net: a_13891_4588#                         |(no matching net)                          
  sky130_fd_pr__special_nfet_01v8/2 = 2    |                                           
  sky130_fd_pr__pfet_01v8_hvt/(1|3) = 1    |                                           
  sky130_fd_pr__pfet_01v8_hvt/2 = 2        |                                           
  sky130_fd_pr__nfet_01v8/(1|3) = 1        |                                           
                                           |                                           
Net: a_4598_5248#                          |(no matching net)                          
  sky130_fd_pr__pfet_01v8_hvt/2 = 2        |                                           
  sky130_fd_pr__special_nfet_01v8/2 = 2    |                                           
  sky130_fd_pr__nfet_01v8/(1|3) = 1        |                                           
  sky130_fd_pr__pfet_01v8_hvt/(1|3) = 1    |                                           
                                           |                                           
Net: a_4506_1984#                          |(no matching net)                          
  sky130_fd_pr__pfet_01v8_hvt/2 = 2        |                                           
  sky130_fd_pr__special_nfet_01v8/2 = 2    |                                           
  sky130_fd_pr__pfet_01v8_hvt/(1|3) = 1    |                                           
  sky130_fd_pr__nfet_01v8/(1|3) = 1        |                                           
                                           |                                           
Net: a_8094_5248#                          |(no matching net)                          
  sky130_fd_pr__nfet_01v8/(1|3) = 1        |                                           
  sky130_fd_pr__pfet_01v8_hvt/2 = 2        |                                           
  sky130_fd_pr__special_nfet_01v8/2 = 2    |                                           
  sky130_fd_pr__pfet_01v8_hvt/(1|3) = 1    |                                           
                                           |                                           
Net: a_11774_4160#                         |(no matching net)                          
  sky130_fd_pr__pfet_01v8_hvt/2 = 2        |                                           
  sky130_fd_pr__special_nfet_01v8/2 = 2    |                                           
  sky130_fd_pr__pfet_01v8_hvt/(1|3) = 1    |                                           
  sky130_fd_pr__nfet_01v8/(1|3) = 1        |                                           
                                           |                                           
Net: a_6438_4856#                          |(no matching net)                          
  sky130_fd_pr__nfet_01v8/(1|3) = 1        |                                           
  sky130_fd_pr__pfet_01v8_hvt/2 = 2        |                                           
  sky130_fd_pr__special_nfet_01v8/2 = 2    |                                           
  sky130_fd_pr__pfet_01v8_hvt/(1|3) = 1    |                                           
                                           |                                           
Net: a_13707_1874#                         |(no matching net)                          
  sky130_fd_pr__pfet_01v8_hvt/(1|3) = 1    |                                           
  sky130_fd_pr__nfet_01v8/(1|3) = 1        |                                           
  sky130_fd_pr__special_nfet_01v8/2 = 2    |                                           
  sky130_fd_pr__pfet_01v8_hvt/2 = 2        |                                           
                                           |                                           
Net: a_5886_2680#                          |(no matching net)                          
  sky130_fd_pr__pfet_01v8_hvt/2 = 2        |                                           
  sky130_fd_pr__special_nfet_01v8/2 = 2    |                                           
  sky130_fd_pr__pfet_01v8_hvt/(1|3) = 1    |                                           
  sky130_fd_pr__nfet_01v8/(1|3) = 1        |                                           
                                           |                                           
Net: a_11222_4856#                         |(no matching net)                          
  sky130_fd_pr__pfet_01v8_hvt/2 = 2        |                                           
  sky130_fd_pr__special_nfet_01v8/2 = 2    |                                           
  sky130_fd_pr__pfet_01v8_hvt/(1|3) = 1    |                                           
  sky130_fd_pr__nfet_01v8/(1|3) = 1        |                                           
                                           |                                           
Net: a_9382_2680#                          |(no matching net)                          
  sky130_fd_pr__nfet_01v8/(1|3) = 1        |                                           
  sky130_fd_pr__pfet_01v8_hvt/2 = 2        |                                           
  sky130_fd_pr__special_nfet_01v8/2 = 2    |                                           
  sky130_fd_pr__pfet_01v8_hvt/(1|3) = 1    |                                           
                                           |                                           
Net: a_11315_1874#                         |(no matching net)                          
  sky130_fd_pr__pfet_01v8_hvt/2 = 2        |                                           
  sky130_fd_pr__special_nfet_01v8/2 = 2    |                                           
  sky130_fd_pr__pfet_01v8_hvt/(1|3) = 1    |                                           
  sky130_fd_pr__nfet_01v8/(1|3) = 1        |                                           
                                           |                                           
Net: a_13706_3072#                         |(no matching net)                          
  sky130_fd_pr__special_nfet_01v8/2 = 2    |                                           
  sky130_fd_pr__pfet_01v8_hvt/2 = 2        |                                           
  sky130_fd_pr__pfet_01v8_hvt/(1|3) = 1    |                                           
  sky130_fd_pr__nfet_01v8/(1|3) = 1        |                                           
                                           |                                           
Net: a_8646_4160#                          |(no matching net)                          
  sky130_fd_pr__pfet_01v8_hvt/(1|3) = 1    |                                           
  sky130_fd_pr__nfet_01v8/(1|3) = 1        |                                           
  sky130_fd_pr__pfet_01v8_hvt/2 = 2        |                                           
  sky130_fd_pr__special_nfet_01v8/2 = 2    |                                           
                                           |                                           
Net: a_8646_1984#                          |(no matching net)                          
  sky130_fd_pr__pfet_01v8_hvt/2 = 2        |                                           
  sky130_fd_pr__special_nfet_01v8/2 = 2    |                                           
  sky130_fd_pr__pfet_01v8_hvt/(1|3) = 1    |                                           
  sky130_fd_pr__nfet_01v8/(1|3) = 1        |                                           
                                           |                                           
Net: a_14258_4160#                         |(no matching net)                          
  sky130_fd_pr__pfet_01v8_hvt/2 = 2        |                                           
  sky130_fd_pr__special_nfet_01v8/2 = 2    |                                           
  sky130_fd_pr__pfet_01v8_hvt/(1|3) = 1    |                                           
  sky130_fd_pr__nfet_01v8/(1|3) = 1        |                                           
                                           |                                           
Net: digital_0._063_.B                     |(no matching net)                          
  sky130_fd_pr__pfet_01v8_hvt/(1|3) = 1    |                                           
  sky130_fd_pr__pfet_01v8_hvt/2 = 1        |                                           
  sky130_fd_pr__nfet_01v8/2 = 1            |                                           
  sky130_fd_pr__nfet_01v8/(1|3) = 3        |                                           
                                           |                                           
Net: digital_0._069_.B                     |(no matching net)                          
  sky130_fd_pr__pfet_01v8_hvt/2 = 1        |                                           
  sky130_fd_pr__pfet_01v8_hvt/(1|3) = 1    |                                           
  sky130_fd_pr__nfet_01v8/(1|3) = 3        |                                           
  sky130_fd_pr__nfet_01v8/2 = 1            |                                           
                                           |                                           
Net: a_13891_2412#                         |(no matching net)                          
  sky130_fd_pr__pfet_01v8_hvt/2 = 2        |                                           
  sky130_fd_pr__pfet_01v8_hvt/(1|3) = 1    |                                           
  sky130_fd_pr__special_nfet_01v8/2 = 1    |                                           
  sky130_fd_pr__nfet_01v8/2 = 1            |                                           
  sky130_fd_pr__nfet_01v8/(1|3) = 1        |                                           
                                           |                                           
Net: a_14797_2172#                         |(no matching net)                          
  sky130_fd_pr__pfet_01v8_hvt/2 = 2        |                                           
  sky130_fd_pr__pfet_01v8_hvt/(1|3) = 2    |                                           
  sky130_fd_pr__nfet_01v8/2 = 2            |                                           
  sky130_fd_pr__nfet_01v8/(1|3) = 1        |                                           
                                           |                                           
Net: a_3389_2930#                          |(no matching net)                          
  sky130_fd_pr__nfet_01v8/2 = 2            |                                           
  sky130_fd_pr__pfet_01v8_hvt/2 = 2        |                                           
  sky130_fd_pr__pfet_01v8_hvt/(1|3) = 2    |                                           
  sky130_fd_pr__nfet_01v8/(1|3) = 1        |                                           
                                           |                                           
Net: a_12405_2172#                         |(no matching net)                          
  sky130_fd_pr__nfet_01v8/2 = 2            |                                           
  sky130_fd_pr__pfet_01v8_hvt/2 = 2        |                                           
  sky130_fd_pr__pfet_01v8_hvt/(1|3) = 2    |                                           
  sky130_fd_pr__nfet_01v8/(1|3) = 1        |                                           
                                           |                                           
Net: a_13693_4018#                         |(no matching net)                          
  sky130_fd_pr__pfet_01v8_hvt/2 = 2        |                                           
  sky130_fd_pr__pfet_01v8_hvt/(1|3) = 2    |                                           
  sky130_fd_pr__nfet_01v8/(1|3) = 1        |                                           
  sky130_fd_pr__nfet_01v8/2 = 2            |                                           
                                           |                                           
Net: a_10657_4562#                         |(no matching net)                          
  sky130_fd_pr__nfet_01v8/2 = 2            |                                           
  sky130_fd_pr__nfet_01v8/(1|3) = 1        |                                           
  sky130_fd_pr__pfet_01v8_hvt/2 = 2        |                                           
  sky130_fd_pr__pfet_01v8_hvt/(1|3) = 2    |                                           
                                           |                                           
Net: a_5321_2386#                          |(no matching net)                          
  sky130_fd_pr__pfet_01v8_hvt/2 = 2        |                                           
  sky130_fd_pr__pfet_01v8_hvt/(1|3) = 2    |                                           
  sky130_fd_pr__nfet_01v8/2 = 2            |                                           
  sky130_fd_pr__nfet_01v8/(1|3) = 1        |                                           
                                           |                                           
Net: a_14981_4562#                         |(no matching net)                          
  sky130_fd_pr__nfet_01v8/2 = 2            |                                           
  sky130_fd_pr__pfet_01v8_hvt/(1|3) = 2    |                                           
  sky130_fd_pr__pfet_01v8_hvt/2 = 2        |                                           
  sky130_fd_pr__nfet_01v8/(1|3) = 1        |                                           
                                           |                                           
Net: a_7529_5106#                          |(no matching net)                          
  sky130_fd_pr__nfet_01v8/2 = 2            |                                           
  sky130_fd_pr__pfet_01v8_hvt/2 = 2        |                                           
  sky130_fd_pr__pfet_01v8_hvt/(1|3) = 2    |                                           
  sky130_fd_pr__nfet_01v8/(1|3) = 1        |                                           
                                           |                                           
Net: a_5873_4562#                          |(no matching net)                          
  sky130_fd_pr__nfet_01v8/2 = 2            |                                           
  sky130_fd_pr__pfet_01v8_hvt/2 = 2        |                                           
  sky130_fd_pr__pfet_01v8_hvt/(1|3) = 2    |                                           
  sky130_fd_pr__nfet_01v8/(1|3) = 1        |                                           
                                           |                                           
Net: a_13141_2930#                         |(no matching net)                          
  sky130_fd_pr__pfet_01v8_hvt/2 = 2        |                                           
  sky130_fd_pr__pfet_01v8_hvt/(1|3) = 2    |                                           
  sky130_fd_pr__nfet_01v8/(1|3) = 1        |                                           
  sky130_fd_pr__nfet_01v8/2 = 2            |                                           
                                           |                                           
Net: a_8081_4018#                          |(no matching net)                          
  sky130_fd_pr__pfet_01v8_hvt/2 = 2        |                                           
  sky130_fd_pr__nfet_01v8/(1|3) = 1        |                                           
  sky130_fd_pr__pfet_01v8_hvt/(1|3) = 2    |                                           
  sky130_fd_pr__nfet_01v8/2 = 2            |                                           
                                           |                                           
Net: a_8081_1842#                          |(no matching net)                          
  sky130_fd_pr__nfet_01v8/2 = 2            |                                           
  sky130_fd_pr__pfet_01v8_hvt/2 = 2        |                                           
  sky130_fd_pr__pfet_01v8_hvt/(1|3) = 2    |                                           
  sky130_fd_pr__nfet_01v8/(1|3) = 1        |                                           
                                           |                                           
Net: a_10841_2386#                         |(no matching net)                          
  sky130_fd_pr__pfet_01v8_hvt/2 = 2        |                                           
  sky130_fd_pr__pfet_01v8_hvt/(1|3) = 2    |                                           
  sky130_fd_pr__nfet_01v8/2 = 2            |                                           
  sky130_fd_pr__nfet_01v8/(1|3) = 1        |                                           
                                           |                                           
Net: a_11209_4018#                         |(no matching net)                          
  sky130_fd_pr__pfet_01v8_hvt/2 = 2        |                                           
  sky130_fd_pr__nfet_01v8/2 = 2            |                                           
  sky130_fd_pr__pfet_01v8_hvt/(1|3) = 2    |                                           
  sky130_fd_pr__nfet_01v8/(1|3) = 1        |                                           
                                           |                                           
Net: a_4033_5106#                          |(no matching net)                          
  sky130_fd_pr__nfet_01v8/2 = 2            |                                           
  sky130_fd_pr__pfet_01v8_hvt/2 = 2        |                                           
  sky130_fd_pr__pfet_01v8_hvt/(1|3) = 2    |                                           
  sky130_fd_pr__nfet_01v8/(1|3) = 1        |                                           
                                           |                                           
Net: a_8817_2386#                          |(no matching net)                          
  sky130_fd_pr__pfet_01v8_hvt/(1|3) = 2    |                                           
  sky130_fd_pr__nfet_01v8/2 = 2            |                                           
  sky130_fd_pr__pfet_01v8_hvt/2 = 2        |                                           
  sky130_fd_pr__nfet_01v8/(1|3) = 1        |                                           
                                           |                                           
Net: a_13969_5106#                         |(no matching net)                          
  sky130_fd_pr__pfet_01v8_hvt/2 = 2        |                                           
  sky130_fd_pr__pfet_01v8_hvt/(1|3) = 2    |                                           
  sky130_fd_pr__nfet_01v8/2 = 2            |                                           
  sky130_fd_pr__nfet_01v8/(1|3) = 1        |                                           
                                           |                                           
Net: a_3941_1842#                          |(no matching net)                          
  sky130_fd_pr__nfet_01v8/2 = 2            |                                           
  sky130_fd_pr__pfet_01v8_hvt/2 = 2        |                                           
  sky130_fd_pr__pfet_01v8_hvt/(1|3) = 2    |                                           
  sky130_fd_pr__nfet_01v8/(1|3) = 1        |                                           
                                           |                                           
Net: a_5321_3474#                          |(no matching net)                          
  sky130_fd_pr__pfet_01v8_hvt/(1|3) = 2    |                                           
  sky130_fd_pr__pfet_01v8_hvt/2 = 2        |                                           
  sky130_fd_pr__nfet_01v8/2 = 2            |                                           
  sky130_fd_pr__nfet_01v8/(1|3) = 1        |                                           
                                           |                                           
Net: digital_0._114_.RESET_B               |(no matching net)                          
  sky130_fd_pr__nfet_01v8/(1|3) = 2        |                                           
  sky130_fd_pr__nfet_01v8/2 = 2            |                                           
  sky130_fd_pr__pfet_01v8_hvt/2 = 2        |                                           
  sky130_fd_pr__pfet_01v8_hvt/(1|3) = 1    |                                           
                                           |                                           
Net: digital_0._111_.RESET_B               |(no matching net)                          
  sky130_fd_pr__pfet_01v8_hvt/(1|3) = 1    |                                           
  sky130_fd_pr__nfet_01v8/2 = 2            |                                           
  sky130_fd_pr__pfet_01v8_hvt/2 = 2        |                                           
  sky130_fd_pr__nfet_01v8/(1|3) = 2        |                                           
                                           |                                           
Net: digital_0._115_.RESET_B               |(no matching net)                          
  sky130_fd_pr__pfet_01v8_hvt/(1|3) = 1    |                                           
  sky130_fd_pr__nfet_01v8/2 = 2            |                                           
  sky130_fd_pr__pfet_01v8_hvt/2 = 2        |                                           
  sky130_fd_pr__nfet_01v8/(1|3) = 2        |                                           
                                           |                                           
Net: digital_0._112_.RESET_B               |(no matching net)                          
  sky130_fd_pr__nfet_01v8/(1|3) = 2        |                                           
  sky130_fd_pr__nfet_01v8/2 = 2            |                                           
  sky130_fd_pr__pfet_01v8_hvt/2 = 2        |                                           
  sky130_fd_pr__pfet_01v8_hvt/(1|3) = 1    |                                           
                                           |                                           
Net: digital_0._108_.RESET_B               |(no matching net)                          
  sky130_fd_pr__nfet_01v8/(1|3) = 2        |                                           
  sky130_fd_pr__nfet_01v8/2 = 2            |                                           
  sky130_fd_pr__pfet_01v8_hvt/2 = 2        |                                           
  sky130_fd_pr__pfet_01v8_hvt/(1|3) = 1    |                                           
                                           |                                           
Net: digital_0._109_.RESET_B               |(no matching net)                          
  sky130_fd_pr__pfet_01v8_hvt/2 = 2        |                                           
  sky130_fd_pr__nfet_01v8/(1|3) = 2        |                                           
  sky130_fd_pr__pfet_01v8_hvt/(1|3) = 1    |                                           
  sky130_fd_pr__nfet_01v8/2 = 2            |                                           
                                           |                                           
Net: digital_0._113_.RESET_B               |(no matching net)                          
  sky130_fd_pr__nfet_01v8/(1|3) = 2        |                                           
  sky130_fd_pr__pfet_01v8_hvt/(1|3) = 1    |                                           
  sky130_fd_pr__nfet_01v8/2 = 2            |                                           
  sky130_fd_pr__pfet_01v8_hvt/2 = 2        |                                           
                                           |                                           
Net: digital_0._110_.RESET_B               |(no matching net)                          
  sky130_fd_pr__nfet_01v8/(1|3) = 2        |                                           
  sky130_fd_pr__pfet_01v8_hvt/(1|3) = 1    |                                           
  sky130_fd_pr__pfet_01v8_hvt/2 = 2        |                                           
  sky130_fd_pr__nfet_01v8/2 = 2            |                                           
                                           |                                           
Net: a_7745_2412#                          |(no matching net)                          
  sky130_fd_pr__pfet_01v8_hvt/(1|3) = 4    |                                           
  sky130_fd_pr__nfet_01v8/2 = 1            |                                           
  sky130_fd_pr__pfet_01v8_hvt/2 = 1        |                                           
  sky130_fd_pr__nfet_01v8/(1|3) = 1        |                                           
                                           |                                           
Net: digital_0.output7.A                   |(no matching net)                          
  sky130_fd_pr__pfet_01v8_hvt/2 = 2        |                                           
  sky130_fd_pr__nfet_01v8/(1|3) = 1        |                                           
  sky130_fd_pr__pfet_01v8_hvt/(1|3) = 1    |                                           
  sky130_fd_pr__nfet_01v8/2 = 2            |                                           
                                           |                                           
Net: digital_0._107_.RESET_B               |(no matching net)                          
  sky130_fd_pr__pfet_01v8_hvt/(1|3) = 1    |                                           
  sky130_fd_pr__nfet_01v8/2 = 2            |                                           
  sky130_fd_pr__nfet_01v8/(1|3) = 1        |                                           
  sky130_fd_pr__pfet_01v8_hvt/2 = 2        |                                           
                                           |                                           
Net: digital_0.clkbuf_1_0__f_clk.X         |(no matching net)                          
  sky130_fd_pr__pfet_01v8_hvt/(1|3) = 1    |                                           
  sky130_fd_pr__nfet_01v8/2 = 6            |                                           
  sky130_fd_pr__pfet_01v8_hvt/2 = 6        |                                           
  sky130_fd_pr__nfet_01v8/(1|3) = 1        |                                           
                                           |                                           
Net: digital_0.load_slew17.A               |(no matching net)                          
  sky130_fd_pr__pfet_01v8_hvt/2 = 6        |                                           
  sky130_fd_pr__nfet_01v8/2 = 6            |                                           
  sky130_fd_pr__pfet_01v8_hvt/(1|3) = 1    |                                           
  sky130_fd_pr__nfet_01v8/(1|3) = 1        |                                           
                                           |                                           
Net: a_11416_3500#                         |(no matching net)                          
  sky130_fd_pr__pfet_01v8_hvt/2 = 1        |                                           
  sky130_fd_pr__nfet_01v8/2 = 1            |                                           
  sky130_fd_pr__pfet_01v8_hvt/(1|3) = 1    |                                           
  sky130_fd_pr__nfet_01v8/(1|3) = 1        |                                           
                                           |                                           
Net: digital_0.hold19.X                    |(no matching net)                          
  sky130_fd_pr__nfet_01v8/(1|3) = 1        |                                           
  sky130_fd_pr__nfet_01v8/2 = 1            |                                           
  sky130_fd_pr__pfet_01v8_hvt/2 = 1        |                                           
  sky130_fd_pr__pfet_01v8_hvt/(1|3) = 1    |                                           
                                           |                                           
Net: a_15101_3500#                         |(no matching net)                          
  sky130_fd_pr__nfet_01v8/2 = 1            |                                           
  sky130_fd_pr__nfet_01v8/(1|3) = 1        |                                           
  sky130_fd_pr__pfet_01v8_hvt/(1|3) = 1    |                                           
  sky130_fd_pr__pfet_01v8_hvt/2 = 1        |                                           
                                           |                                           
Net: a_7226_1324#                          |(no matching net)                          
  sky130_fd_pr__nfet_01v8/2 = 1            |                                           
  sky130_fd_pr__pfet_01v8_hvt/(1|3) = 1    |                                           
  sky130_fd_pr__nfet_01v8/(1|3) = 1        |                                           
  sky130_fd_pr__pfet_01v8_hvt/2 = 1        |                                           
                                           |                                           
Net: a_7337_1324#                          |(no matching net)                          
  sky130_fd_pr__nfet_01v8/(1|3) = 1        |                                           
  sky130_fd_pr__pfet_01v8_hvt/2 = 1        |                                           
  sky130_fd_pr__pfet_01v8_hvt/(1|3) = 1    |                                           
  sky130_fd_pr__nfet_01v8/2 = 1            |                                           
                                           |                                           
Net: digital_0._111_.D                     |(no matching net)                          
  sky130_fd_pr__pfet_01v8_hvt/2 = 1        |                                           
  sky130_fd_pr__nfet_01v8/(1|3) = 1        |                                           
  sky130_fd_pr__pfet_01v8_hvt/(1|3) = 1    |                                           
  sky130_fd_pr__nfet_01v8/2 = 1            |                                           
                                           |                                           
Net: a_4455_5676#                          |(no matching net)                          
  sky130_fd_pr__pfet_01v8_hvt/(1|3) = 1    |                                           
  sky130_fd_pr__nfet_01v8/2 = 1            |                                           
  sky130_fd_pr__nfet_01v8/(1|3) = 1        |                                           
  sky130_fd_pr__pfet_01v8_hvt/2 = 1        |                                           
                                           |                                           
Net: digital_0.hold27.X                    |(no matching net)                          
  sky130_fd_pr__pfet_01v8_hvt/2 = 1        |                                           
  sky130_fd_pr__pfet_01v8_hvt/(1|3) = 1    |                                           
  sky130_fd_pr__nfet_01v8/2 = 1            |                                           
  sky130_fd_pr__nfet_01v8/(1|3) = 1        |                                           
                                           |                                           
Net: a_4383_3827#                          |(no matching net)                          
  sky130_fd_pr__nfet_01v8/2 = 1            |                                           
  sky130_fd_pr__nfet_01v8/(1|3) = 1        |                                           
  sky130_fd_pr__pfet_01v8_hvt/2 = 1        |                                           
  sky130_fd_pr__pfet_01v8_hvt/(1|3) = 1    |                                           
                                           |                                           
Net: a_9434_2956#                          |(no matching net)                          
  sky130_fd_pr__pfet_01v8_hvt/2 = 1        |                                           
  sky130_fd_pr__nfet_01v8/(1|3) = 1        |                                           
  sky130_fd_pr__nfet_01v8/2 = 1            |                                           
  sky130_fd_pr__pfet_01v8_hvt/(1|3) = 1    |                                           
                                           |                                           
Net: a_9545_2956#                          |(no matching net)                          
  sky130_fd_pr__pfet_01v8_hvt/(1|3) = 1    |                                           
  sky130_fd_pr__pfet_01v8_hvt/2 = 1        |                                           
  sky130_fd_pr__nfet_01v8/(1|3) = 1        |                                           
  sky130_fd_pr__nfet_01v8/2 = 1            |                                           
                                           |                                           
Net: a_6343_2930#                          |(no matching net)                          
  sky130_fd_pr__nfet_01v8/2 = 1            |                                           
  sky130_fd_pr__nfet_01v8/(1|3) = 1        |                                           
  sky130_fd_pr__pfet_01v8_hvt/2 = 1        |                                           
  sky130_fd_pr__pfet_01v8_hvt/(1|3) = 1    |                                           
                                           |                                           
Net: a_8735_3474#                          |(no matching net)                          
  sky130_fd_pr__nfet_01v8/2 = 1            |                                           
  sky130_fd_pr__nfet_01v8/(1|3) = 1        |                                           
  sky130_fd_pr__pfet_01v8_hvt/2 = 1        |                                           
  sky130_fd_pr__pfet_01v8_hvt/(1|3) = 1    |                                           
                                           |                                           
Net: a_10420_1298#                         |(no matching net)                          
  sky130_fd_pr__pfet_01v8_hvt/(1|3) = 1    |                                           
  sky130_fd_pr__pfet_01v8_hvt/2 = 1        |                                           
  sky130_fd_pr__nfet_01v8/(1|3) = 1        |                                           
  sky130_fd_pr__nfet_01v8/2 = 1            |                                           
                                           |                                           
Net: a_10546_1482#                         |(no matching net)                          
  sky130_fd_pr__pfet_01v8_hvt/2 = 1        |                                           
  sky130_fd_pr__nfet_01v8/2 = 1            |                                           
  sky130_fd_pr__pfet_01v8_hvt/(1|3) = 1    |                                           
  sky130_fd_pr__nfet_01v8/(1|3) = 1        |                                           
                                           |                                           
Net: digital_0._100_.D                     |(no matching net)                          
  sky130_fd_pr__nfet_01v8/(1|3) = 1        |                                           
  sky130_fd_pr__nfet_01v8/2 = 1            |                                           
  sky130_fd_pr__pfet_01v8_hvt/(1|3) = 1    |                                           
  sky130_fd_pr__pfet_01v8_hvt/2 = 1        |                                           
                                           |                                           
Net: a_15506_5676#                         |(no matching net)                          
  sky130_fd_pr__nfet_01v8/2 = 1            |                                           
  sky130_fd_pr__pfet_01v8_hvt/(1|3) = 1    |                                           
  sky130_fd_pr__nfet_01v8/(1|3) = 1        |                                           
  sky130_fd_pr__pfet_01v8_hvt/2 = 1        |                                           
                                           |                                           
Net: a_15617_5676#                         |(no matching net)                          
  sky130_fd_pr__nfet_01v8/(1|3) = 1        |                                           
  sky130_fd_pr__pfet_01v8_hvt/2 = 1        |                                           
  sky130_fd_pr__pfet_01v8_hvt/(1|3) = 1    |                                           
  sky130_fd_pr__nfet_01v8/2 = 1            |                                           
                                           |                                           
Net: a_8003_1324#                          |(no matching net)                          
  sky130_fd_pr__nfet_01v8/2 = 1            |                                           
  sky130_fd_pr__pfet_01v8_hvt/2 = 1        |                                           
  sky130_fd_pr__nfet_01v8/(1|3) = 1        |                                           
  sky130_fd_pr__pfet_01v8_hvt/(1|3) = 1    |                                           
                                           |                                           
Net: a_8109_1324#                          |(no matching net)                          
  sky130_fd_pr__nfet_01v8/(1|3) = 1        |                                           
  sky130_fd_pr__pfet_01v8_hvt/2 = 1        |                                           
  sky130_fd_pr__pfet_01v8_hvt/(1|3) = 1    |                                           
  sky130_fd_pr__nfet_01v8/2 = 1            |                                           
                                           |                                           
Net: a_4341_4052#                          |(no matching net)                          
  sky130_fd_pr__nfet_01v8/(1|3) = 1        |                                           
  sky130_fd_pr__pfet_01v8_hvt/2 = 1        |                                           
  sky130_fd_pr__nfet_01v8/2 = 1            |                                           
  sky130_fd_pr__pfet_01v8_hvt/(1|3) = 1    |                                           
                                           |                                           
Net: a_3336_4018#                          |(no matching net)                          
  sky130_fd_pr__nfet_01v8/(1|3) = 1        |                                           
  sky130_fd_pr__nfet_01v8/2 = 1            |                                           
  sky130_fd_pr__pfet_01v8_hvt/(1|3) = 1    |                                           
  sky130_fd_pr__pfet_01v8_hvt/2 = 1        |                                           
                                           |                                           
Net: a_3462_4282#                          |(no matching net)                          
  sky130_fd_pr__nfet_01v8/2 = 1            |                                           
  sky130_fd_pr__nfet_01v8/(1|3) = 1        |                                           
  sky130_fd_pr__pfet_01v8_hvt/2 = 1        |                                           
  sky130_fd_pr__pfet_01v8_hvt/(1|3) = 1    |                                           
                                           |                                           
Net: a_8615_1651#                          |(no matching net)                          
  sky130_fd_pr__pfet_01v8_hvt/2 = 1        |                                           
  sky130_fd_pr__nfet_01v8/2 = 1            |                                           
  sky130_fd_pr__pfet_01v8_hvt/(1|3) = 1    |                                           
  sky130_fd_pr__nfet_01v8/(1|3) = 1        |                                           
                                           |                                           
Net: digital_0._060_.B                     |(no matching net)                          
  sky130_fd_pr__nfet_01v8/(1|3) = 1        |                                           
  sky130_fd_pr__pfet_01v8_hvt/(1|3) = 1    |                                           
  sky130_fd_pr__nfet_01v8/2 = 1            |                                           
  sky130_fd_pr__pfet_01v8_hvt/2 = 1        |                                           
                                           |                                           
Net: a_12603_2956#                         |(no matching net)                          
  sky130_fd_pr__nfet_01v8/(1|3) = 1        |                                           
  sky130_fd_pr__nfet_01v8/2 = 1            |                                           
  sky130_fd_pr__pfet_01v8_hvt/(1|3) = 1    |                                           
  sky130_fd_pr__pfet_01v8_hvt/2 = 1        |                                           
                                           |                                           
Net: a_12367_2956#                         |(no matching net)                          
  sky130_fd_pr__nfet_01v8/2 = 1            |                                           
  sky130_fd_pr__nfet_01v8/(1|3) = 1        |                                           
  sky130_fd_pr__pfet_01v8_hvt/2 = 1        |                                           
  sky130_fd_pr__pfet_01v8_hvt/(1|3) = 1    |                                           
                                           |                                           
Net: a_7695_6003#                          |(no matching net)                          
  sky130_fd_pr__nfet_01v8/(1|3) = 1        |                                           
  sky130_fd_pr__pfet_01v8_hvt/2 = 1        |                                           
  sky130_fd_pr__nfet_01v8/2 = 1            |                                           
  sky130_fd_pr__pfet_01v8_hvt/(1|3) = 1    |                                           
                                           |                                           
Net: a_15300_2412#                         |(no matching net)                          
  sky130_fd_pr__nfet_01v8/(1|3) = 1        |                                           
  sky130_fd_pr__pfet_01v8_hvt/2 = 1        |                                           
  sky130_fd_pr__nfet_01v8/2 = 1            |                                           
  sky130_fd_pr__pfet_01v8_hvt/(1|3) = 1    |                                           
                                           |                                           
Net: digital_0.hold28.X                    |(no matching net)                          
  sky130_fd_pr__nfet_01v8/2 = 1            |                                           
  sky130_fd_pr__pfet_01v8_hvt/(1|3) = 1    |                                           
  sky130_fd_pr__pfet_01v8_hvt/2 = 1        |                                           
  sky130_fd_pr__nfet_01v8/(1|3) = 1        |                                           
                                           |                                           
Net: digital_0._116_.D                     |(no matching net)                          
  sky130_fd_pr__nfet_01v8/(1|3) = 1        |                                           
  sky130_fd_pr__nfet_01v8/2 = 1            |                                           
  sky130_fd_pr__pfet_01v8_hvt/(1|3) = 1    |                                           
  sky130_fd_pr__pfet_01v8_hvt/2 = 1        |                                           
                                           |                                           
Net: a_15289_2956#                         |(no matching net)                          
  sky130_fd_pr__nfet_01v8/(1|3) = 1        |                                           
  sky130_fd_pr__pfet_01v8_hvt/2 = 1        |                                           
  sky130_fd_pr__pfet_01v8_hvt/(1|3) = 1    |                                           
  sky130_fd_pr__nfet_01v8/2 = 1            |                                           
                                           |                                           
Net: a_9677_1690#                          |(no matching net)                          
  sky130_fd_pr__pfet_01v8_hvt/(1|3) = 1    |                                           
  sky130_fd_pr__pfet_01v8_hvt/2 = 1        |                                           
  sky130_fd_pr__nfet_01v8/(1|3) = 1        |                                           
  sky130_fd_pr__nfet_01v8/2 = 1            |                                           
                                           |                                           
Net: a_13951_3827#                         |(no matching net)                          
  sky130_fd_pr__pfet_01v8_hvt/(1|3) = 1    |                                           
  sky130_fd_pr__nfet_01v8/(1|3) = 1        |                                           
  sky130_fd_pr__nfet_01v8/2 = 1            |                                           
  sky130_fd_pr__pfet_01v8_hvt/2 = 1        |                                           
                                           |                                           
Net: digital_0.hold25.X                    |(no matching net)                          
  sky130_fd_pr__pfet_01v8_hvt/2 = 1        |                                           
  sky130_fd_pr__pfet_01v8_hvt/(1|3) = 1    |                                           
  sky130_fd_pr__nfet_01v8/2 = 1            |                                           
  sky130_fd_pr__nfet_01v8/(1|3) = 1        |                                           
                                           |                                           
Net: a_6280_5650#                          |(no matching net)                          
  sky130_fd_pr__pfet_01v8_hvt/(1|3) = 1    |                                           
  sky130_fd_pr__pfet_01v8_hvt/2 = 1        |                                           
  sky130_fd_pr__nfet_01v8/(1|3) = 1        |                                           
  sky130_fd_pr__nfet_01v8/2 = 1            |                                           
                                           |                                           
Net: a_6406_5834#                          |(no matching net)                          
  sky130_fd_pr__pfet_01v8_hvt/2 = 1        |                                           
  sky130_fd_pr__nfet_01v8/2 = 1            |                                           
  sky130_fd_pr__pfet_01v8_hvt/(1|3) = 1    |                                           
  sky130_fd_pr__nfet_01v8/(1|3) = 1        |                                           
                                           |                                           
Net: digital_0._106_.D                     |(no matching net)                          
  sky130_fd_pr__nfet_01v8/2 = 1            |                                           
  sky130_fd_pr__pfet_01v8_hvt/2 = 1        |                                           
  sky130_fd_pr__pfet_01v8_hvt/(1|3) = 1    |                                           
  sky130_fd_pr__nfet_01v8/(1|3) = 1        |                                           
                                           |                                           
Net: a_6475_5430#                          |(no matching net)                          
  sky130_fd_pr__pfet_01v8_hvt/2 = 1        |                                           
  sky130_fd_pr__nfet_01v8/(1|3) = 1        |                                           
  sky130_fd_pr__pfet_01v8_hvt/(1|3) = 1    |                                           
  sky130_fd_pr__nfet_01v8/2 = 1            |                                           
                                           |                                           
Net: digital_0._107_.D                     |(no matching net)                          
  sky130_fd_pr__pfet_01v8_hvt/2 = 1        |                                           
  sky130_fd_pr__pfet_01v8_hvt/(1|3) = 1    |                                           
  sky130_fd_pr__nfet_01v8/2 = 1            |                                           
  sky130_fd_pr__nfet_01v8/(1|3) = 1        |                                           
                                           |                                           
Net: a_15617_2956#                         |(no matching net)                          
  sky130_fd_pr__nfet_01v8/2 = 1            |                                           
  sky130_fd_pr__nfet_01v8/(1|3) = 1        |                                           
  sky130_fd_pr__pfet_01v8_hvt/2 = 1        |                                           
  sky130_fd_pr__pfet_01v8_hvt/(1|3) = 1    |                                           
                                           |                                           
Net: a_7175_5676#                          |(no matching net)                          
  sky130_fd_pr__nfet_01v8/2 = 1            |                                           
  sky130_fd_pr__nfet_01v8/(1|3) = 1        |                                           
  sky130_fd_pr__pfet_01v8_hvt/2 = 1        |                                           
  sky130_fd_pr__pfet_01v8_hvt/(1|3) = 1    |                                           
                                           |                                           
Net: a_7281_5676#                          |(no matching net)                          
  sky130_fd_pr__nfet_01v8/(1|3) = 1        |                                           
  sky130_fd_pr__pfet_01v8_hvt/2 = 1        |                                           
  sky130_fd_pr__pfet_01v8_hvt/(1|3) = 1    |                                           
  sky130_fd_pr__nfet_01v8/2 = 1            |                                           
                                           |                                           
Net: a_12677_1298#                         |(no matching net)                          
  sky130_fd_pr__pfet_01v8_hvt/(1|3) = 1    |                                           
  sky130_fd_pr__nfet_01v8/2 = 1            |                                           
  sky130_fd_pr__nfet_01v8/(1|3) = 1        |                                           
  sky130_fd_pr__pfet_01v8_hvt/2 = 1        |                                           
                                           |                                           
Net: a_13795_5828#                         |(no matching net)                          
  sky130_fd_pr__pfet_01v8_hvt/(1|3) = 1    |                                           
  sky130_fd_pr__pfet_01v8_hvt/2 = 1        |                                           
  sky130_fd_pr__nfet_01v8/2 = 1            |                                           
  sky130_fd_pr__nfet_01v8/(1|3) = 1        |                                           
                                           |                                           
Net: a_13891_5650#                         |(no matching net)                          
  sky130_fd_pr__pfet_01v8_hvt/2 = 1        |                                           
  sky130_fd_pr__pfet_01v8_hvt/(1|3) = 1    |                                           
  sky130_fd_pr__nfet_01v8/2 = 1            |                                           
  sky130_fd_pr__nfet_01v8/(1|3) = 1        |                                           
                                           |                                           
Net: a_3443_2412#                          |(no matching net)                          
  sky130_fd_pr__nfet_01v8/(1|3) = 1        |                                           
  sky130_fd_pr__pfet_01v8_hvt/(1|3) = 1    |                                           
  sky130_fd_pr__nfet_01v8/2 = 1            |                                           
  sky130_fd_pr__pfet_01v8_hvt/2 = 1        |                                           
                                           |                                           
Net: a_6939_5676#                          |(no matching net)                          
  sky130_fd_pr__nfet_01v8/2 = 1            |                                           
  sky130_fd_pr__pfet_01v8_hvt/2 = 1        |                                           
  sky130_fd_pr__nfet_01v8/(1|3) = 1        |                                           
  sky130_fd_pr__pfet_01v8_hvt/(1|3) = 1    |                                           
                                           |                                           
Net: a_4245_1324#                          |(no matching net)                          
  sky130_fd_pr__pfet_01v8_hvt/2 = 1        |                                           
  sky130_fd_pr__pfet_01v8_hvt/(1|3) = 1    |                                           
  sky130_fd_pr__nfet_01v8/2 = 1            |                                           
  sky130_fd_pr__nfet_01v8/(1|3) = 1        |                                           
                                           |                                           
Net: a_10861_3474#                         |(no matching net)                          
  sky130_fd_pr__nfet_01v8/2 = 1            |                                           
  sky130_fd_pr__pfet_01v8_hvt/2 = 1        |                                           
  sky130_fd_pr__pfet_01v8_hvt/(1|3) = 1    |                                           
  sky130_fd_pr__nfet_01v8/(1|3) = 1        |                                           
                                           |                                           
Net: a_12847_4915#                         |(no matching net)                          
  sky130_fd_pr__nfet_01v8/2 = 1            |                                           
  sky130_fd_pr__pfet_01v8_hvt/2 = 1        |                                           
  sky130_fd_pr__pfet_01v8_hvt/(1|3) = 1    |                                           
  sky130_fd_pr__nfet_01v8/(1|3) = 1        |                                           
                                           |                                           
Net: a_9217_2956#                          |(no matching net)                          
  sky130_fd_pr__pfet_01v8_hvt/(1|3) = 1    |                                           
  sky130_fd_pr__nfet_01v8/2 = 1            |                                           
  sky130_fd_pr__nfet_01v8/(1|3) = 1        |                                           
  sky130_fd_pr__pfet_01v8_hvt/2 = 1        |                                           
                                           |                                           
Net: a_10786_1842#                         |(no matching net)                          
  sky130_fd_pr__nfet_01v8/(1|3) = 1        |                                           
  sky130_fd_pr__nfet_01v8/2 = 1            |                                           
  sky130_fd_pr__pfet_01v8_hvt/(1|3) = 1    |                                           
  sky130_fd_pr__pfet_01v8_hvt/2 = 1        |                                           
                                           |                                           
Net: a_12323_1476#                         |(no matching net)                          
  sky130_fd_pr__pfet_01v8_hvt/2 = 1        |                                           
  sky130_fd_pr__nfet_01v8/(1|3) = 1        |                                           
  sky130_fd_pr__nfet_01v8/2 = 1            |                                           
  sky130_fd_pr__pfet_01v8_hvt/(1|3) = 1    |                                           
                                           |                                           
Net: digital_0.hold26.X                    |(no matching net)                          
  sky130_fd_pr__pfet_01v8_hvt/(1|3) = 1    |                                           
  sky130_fd_pr__pfet_01v8_hvt/2 = 1        |                                           
  sky130_fd_pr__nfet_01v8/(1|3) = 1        |                                           
  sky130_fd_pr__nfet_01v8/2 = 1            |                                           
                                           |                                           
Net: digital_0.hold24.X                    |(no matching net)                          
  sky130_fd_pr__nfet_01v8/2 = 1            |                                           
  sky130_fd_pr__nfet_01v8/(1|3) = 1        |                                           
  sky130_fd_pr__pfet_01v8_hvt/2 = 1        |                                           
  sky130_fd_pr__pfet_01v8_hvt/(1|3) = 1    |                                           
                                           |                                           
Net: a_4139_1324#                          |(no matching net)                          
  sky130_fd_pr__pfet_01v8_hvt/2 = 1        |                                           
  sky130_fd_pr__nfet_01v8/(1|3) = 1        |                                           
  sky130_fd_pr__nfet_01v8/2 = 1            |                                           
  sky130_fd_pr__pfet_01v8_hvt/(1|3) = 1    |                                           
                                           |                                           
Net: digital_0._101_.D                     |(no matching net)                          
  sky130_fd_pr__pfet_01v8_hvt/(1|3) = 1    |                                           
  sky130_fd_pr__nfet_01v8/2 = 1            |                                           
  sky130_fd_pr__pfet_01v8_hvt/2 = 1        |                                           
  sky130_fd_pr__nfet_01v8/(1|3) = 1        |                                           
                                           |                                           
Net: digital_0.hold23.X                    |(no matching net)                          
  sky130_fd_pr__pfet_01v8_hvt/2 = 1        |                                           
  sky130_fd_pr__pfet_01v8_hvt/(1|3) = 1    |                                           
  sky130_fd_pr__nfet_01v8/(1|3) = 1        |                                           
  sky130_fd_pr__nfet_01v8/2 = 1            |                                           
                                           |                                           
Net: a_14149_5650#                         |(no matching net)                          
  sky130_fd_pr__pfet_01v8_hvt/2 = 1        |                                           
  sky130_fd_pr__nfet_01v8/(1|3) = 1        |                                           
  sky130_fd_pr__pfet_01v8_hvt/(1|3) = 1    |                                           
  sky130_fd_pr__nfet_01v8/2 = 1            |                                           
                                           |                                           
Net: a_10786_1298#                         |(no matching net)                          
  sky130_fd_pr__nfet_01v8/(1|3) = 1        |                                           
  sky130_fd_pr__pfet_01v8_hvt/2 = 1        |                                           
  sky130_fd_pr__nfet_01v8/2 = 1            |                                           
  sky130_fd_pr__pfet_01v8_hvt/(1|3) = 1    |                                           
                                           |                                           
Net: digital_0._103_.D                     |(no matching net)                          
  sky130_fd_pr__pfet_01v8_hvt/2 = 1        |                                           
  sky130_fd_pr__nfet_01v8/(1|3) = 1        |                                           
  sky130_fd_pr__pfet_01v8_hvt/(1|3) = 1    |                                           
  sky130_fd_pr__nfet_01v8/2 = 1            |                                           
                                           |                                           
Net: digital_0._057_.D                     |(no matching net)                          
  sky130_fd_pr__nfet_01v8/2 = 1            |                                           
  sky130_fd_pr__nfet_01v8/(1|3) = 1        |                                           
  sky130_fd_pr__pfet_01v8_hvt/2 = 1        |                                           
  sky130_fd_pr__pfet_01v8_hvt/(1|3) = 1    |                                           
                                           |                                           
Net: a_13155_2412#                         |(no matching net)                          
  sky130_fd_pr__nfet_01v8/2 = 1            |                                           
  sky130_fd_pr__nfet_01v8/(1|3) = 1        |                                           
  sky130_fd_pr__pfet_01v8_hvt/2 = 1        |                                           
  sky130_fd_pr__pfet_01v8_hvt/(1|3) = 1    |                                           
                                           |                                           
Net: a_13261_2412#                         |(no matching net)                          
  sky130_fd_pr__nfet_01v8/(1|3) = 1        |                                           
  sky130_fd_pr__pfet_01v8_hvt/(1|3) = 1    |                                           
  sky130_fd_pr__pfet_01v8_hvt/2 = 1        |                                           
  sky130_fd_pr__nfet_01v8/2 = 1            |                                           
                                           |                                           
Net: a_3785_2412#                          |(no matching net)                          
  sky130_fd_pr__pfet_01v8_hvt/2 = 1        |                                           
  sky130_fd_pr__nfet_01v8/(1|3) = 1        |                                           
  sky130_fd_pr__nfet_01v8/2 = 1            |                                           
  sky130_fd_pr__pfet_01v8_hvt/(1|3) = 1    |                                           
                                           |                                           
Net: a_6372_1298#                          |(no matching net)                          
  sky130_fd_pr__nfet_01v8/2 = 1            |                                           
  sky130_fd_pr__pfet_01v8_hvt/(1|3) = 1    |                                           
  sky130_fd_pr__nfet_01v8/(1|3) = 1        |                                           
  sky130_fd_pr__pfet_01v8_hvt/2 = 1        |                                           
                                           |                                           
Net: digital_0.hold21.X                    |(no matching net)                          
  sky130_fd_pr__pfet_01v8_hvt/(1|3) = 1    |                                           
  sky130_fd_pr__nfet_01v8/(1|3) = 1        |                                           
  sky130_fd_pr__nfet_01v8/2 = 1            |                                           
  sky130_fd_pr__pfet_01v8_hvt/2 = 1        |                                           
                                           |                                           
Net: a_14531_1476#                         |(no matching net)                          
  sky130_fd_pr__pfet_01v8_hvt/(1|3) = 1    |                                           
  sky130_fd_pr__pfet_01v8_hvt/2 = 1        |                                           
  sky130_fd_pr__nfet_01v8/(1|3) = 1        |                                           
  sky130_fd_pr__nfet_01v8/2 = 1            |                                           
                                           |                                           
Net: a_14627_1298#                         |(no matching net)                          
  sky130_fd_pr__pfet_01v8_hvt/2 = 1        |                                           
  sky130_fd_pr__pfet_01v8_hvt/(1|3) = 1    |                                           
  sky130_fd_pr__nfet_01v8/2 = 1            |                                           
  sky130_fd_pr__nfet_01v8/(1|3) = 1        |                                           
                                           |                                           
Net: digital_0._105_.D                     |(no matching net)                          
  sky130_fd_pr__pfet_01v8_hvt/2 = 1        |                                           
  sky130_fd_pr__pfet_01v8_hvt/(1|3) = 1    |                                           
  sky130_fd_pr__nfet_01v8/(1|3) = 1        |                                           
  sky130_fd_pr__nfet_01v8/2 = 1            |                                           
                                           |                                           
Net: a_12709_2956#                         |(no matching net)                          
  sky130_fd_pr__pfet_01v8_hvt/2 = 1        |                                           
  sky130_fd_pr__nfet_01v8/(1|3) = 1        |                                           
  sky130_fd_pr__pfet_01v8_hvt/(1|3) = 1    |                                           
  sky130_fd_pr__nfet_01v8/2 = 1            |                                           
                                           |                                           
Net: a_12919_2412#                         |(no matching net)                          
  sky130_fd_pr__nfet_01v8/2 = 1            |                                           
  sky130_fd_pr__pfet_01v8_hvt/2 = 1        |                                           
  sky130_fd_pr__nfet_01v8/(1|3) = 1        |                                           
  sky130_fd_pr__pfet_01v8_hvt/(1|3) = 1    |                                           
                                           |                                           
Net: a_3702_4018#                          |(no matching net)                          
  sky130_fd_pr__nfet_01v8/(1|3) = 1        |                                           
  sky130_fd_pr__nfet_01v8/2 = 1            |                                           
  sky130_fd_pr__pfet_01v8_hvt/2 = 1        |                                           
  sky130_fd_pr__pfet_01v8_hvt/(1|3) = 1    |                                           
                                           |                                           
Net: a_7253_2386#                          |(no matching net)                          
  sky130_fd_pr__nfet_01v8/(1|3) = 1        |                                           
  sky130_fd_pr__pfet_01v8_hvt/2 = 1        |                                           
  sky130_fd_pr__nfet_01v8/2 = 1            |                                           
  sky130_fd_pr__pfet_01v8_hvt/(1|3) = 1    |                                           
                                           |                                           
Net: a_12419_1298#                         |(no matching net)                          
  sky130_fd_pr__nfet_01v8/2 = 1            |                                           
  sky130_fd_pr__nfet_01v8/(1|3) = 1        |                                           
  sky130_fd_pr__pfet_01v8_hvt/2 = 1        |                                           
  sky130_fd_pr__pfet_01v8_hvt/(1|3) = 1    |                                           
                                           |                                           
Net: a_14876_2626#                         |(no matching net)                          
  sky130_fd_pr__pfet_01v8_hvt/(1|3) = 1    |                                           
  sky130_fd_pr__pfet_01v8_hvt/2 = 1        |                                           
  sky130_fd_pr__nfet_01v8/(1|3) = 1        |                                           
  sky130_fd_pr__nfet_01v8/2 = 1            |                                           
                                           |                                           
Net: digital_0._104_.D                     |(no matching net)                          
  sky130_fd_pr__pfet_01v8_hvt/(1|3) = 1    |                                           
  sky130_fd_pr__nfet_01v8/2 = 1            |                                           
  sky130_fd_pr__nfet_01v8/(1|3) = 1        |                                           
  sky130_fd_pr__pfet_01v8_hvt/2 = 1        |                                           
                                           |                                           
Net: a_6738_1298#                          |(no matching net)                          
  sky130_fd_pr__nfet_01v8/(1|3) = 1        |                                           
  sky130_fd_pr__pfet_01v8_hvt/2 = 1        |                                           
  sky130_fd_pr__nfet_01v8/2 = 1            |                                           
  sky130_fd_pr__pfet_01v8_hvt/(1|3) = 1    |                                           
                                           |                                           
Net: a_15506_2956#                         |(no matching net)                          
  sky130_fd_pr__pfet_01v8_hvt/(1|3) = 1    |                                           
  sky130_fd_pr__nfet_01v8/2 = 1            |                                           
  sky130_fd_pr__pfet_01v8_hvt/2 = 1        |                                           
  sky130_fd_pr__nfet_01v8/(1|3) = 1        |                                           
                                           |                                           
Net: a_10420_1842#                         |(no matching net)                          
  sky130_fd_pr__nfet_01v8/(1|3) = 1        |                                           
  sky130_fd_pr__nfet_01v8/2 = 1            |                                           
  sky130_fd_pr__pfet_01v8_hvt/(1|3) = 1    |                                           
  sky130_fd_pr__pfet_01v8_hvt/2 = 1        |                                           
                                           |                                           
Net: a_10546_2106#                         |(no matching net)                          
  sky130_fd_pr__nfet_01v8/2 = 1            |                                           
  sky130_fd_pr__nfet_01v8/(1|3) = 1        |                                           
  sky130_fd_pr__pfet_01v8_hvt/2 = 1        |                                           
  sky130_fd_pr__pfet_01v8_hvt/(1|3) = 1    |                                           
                                           |                                           
Net: digital_0._080_.A2                    |(no matching net)                          
  sky130_fd_pr__pfet_01v8_hvt/(1|3) = 1    |                                           
  sky130_fd_pr__nfet_01v8/(1|3) = 1        |                                           
  sky130_fd_pr__nfet_01v8/2 = 1            |                                           
  sky130_fd_pr__pfet_01v8_hvt/2 = 1        |                                           
                                           |                                           
Net: a_14995_3500#                         |(no matching net)                          
  sky130_fd_pr__nfet_01v8/(1|3) = 1        |                                           
  sky130_fd_pr__pfet_01v8_hvt/(1|3) = 1    |                                           
  sky130_fd_pr__nfet_01v8/2 = 1            |                                           
  sky130_fd_pr__pfet_01v8_hvt/2 = 1        |                                           
                                           |                                           
Net: a_14759_3500#                         |(no matching net)                          
  sky130_fd_pr__nfet_01v8/2 = 1            |                                           
  sky130_fd_pr__pfet_01v8_hvt/2 = 1        |                                           
  sky130_fd_pr__nfet_01v8/(1|3) = 1        |                                           
  sky130_fd_pr__pfet_01v8_hvt/(1|3) = 1    |                                           
                                           |                                           
Net: a_3903_1324#                          |(no matching net)                          
  sky130_fd_pr__pfet_01v8_hvt/(1|3) = 1    |                                           
  sky130_fd_pr__nfet_01v8/2 = 1            |                                           
  sky130_fd_pr__nfet_01v8/(1|3) = 1        |                                           
  sky130_fd_pr__pfet_01v8_hvt/2 = 1        |                                           
                                           |                                           
Net: digital_0.hold20.X                    |(no matching net)                          
  sky130_fd_pr__pfet_01v8_hvt/(1|3) = 1    |                                           
  sky130_fd_pr__pfet_01v8_hvt/2 = 1        |                                           
  sky130_fd_pr__nfet_01v8/(1|3) = 1        |                                           
  sky130_fd_pr__nfet_01v8/2 = 1            |                                           
                                           |                                           
Net: a_14770_5676#                         |(no matching net)                          
  sky130_fd_pr__pfet_01v8_hvt/(1|3) = 1    |                                           
  sky130_fd_pr__nfet_01v8/(1|3) = 1        |                                           
  sky130_fd_pr__pfet_01v8_hvt/2 = 1        |                                           
  sky130_fd_pr__nfet_01v8/2 = 1            |                                           
                                           |                                           
Net: a_14553_5676#                         |(no matching net)                          
  sky130_fd_pr__pfet_01v8_hvt/2 = 1        |                                           
  sky130_fd_pr__nfet_01v8/2 = 1            |                                           
  sky130_fd_pr__nfet_01v8/(1|3) = 1        |                                           
  sky130_fd_pr__pfet_01v8_hvt/(1|3) = 1    |                                           
                                           |                                           
Net: a_3513_3500#                          |(no matching net)                          
  sky130_fd_pr__pfet_01v8_hvt/(1|3) = 1    |                                           
  sky130_fd_pr__pfet_01v8_hvt/2 = 1        |                                           
  sky130_fd_pr__nfet_01v8/2 = 1            |                                           
  sky130_fd_pr__nfet_01v8/(1|3) = 1        |                                           
                                           |                                           
Net: digital_0._114_.D                     |(no matching net)                          
  sky130_fd_pr__pfet_01v8_hvt/(1|3) = 1    |                                           
  sky130_fd_pr__pfet_01v8_hvt/2 = 1        |                                           
  sky130_fd_pr__nfet_01v8/2 = 1            |                                           
  sky130_fd_pr__nfet_01v8/(1|3) = 1        |                                           
                                           |                                           
Net: a_14881_5676#                         |(no matching net)                          
  sky130_fd_pr__pfet_01v8_hvt/2 = 1        |                                           
  sky130_fd_pr__pfet_01v8_hvt/(1|3) = 1    |                                           
  sky130_fd_pr__nfet_01v8/(1|3) = 1        |                                           
  sky130_fd_pr__nfet_01v8/2 = 1            |                                           
                                           |                                           
Net: digital_0._118_.D                     |(no matching net)                          
  sky130_fd_pr__pfet_01v8_hvt/(1|3) = 1    |                                           
  sky130_fd_pr__nfet_01v8/(1|3) = 1        |                                           
  sky130_fd_pr__nfet_01v8/2 = 1            |                                           
  sky130_fd_pr__pfet_01v8_hvt/2 = 1        |                                           
                                           |                                           
Net: a_6646_5650#                          |(no matching net)                          
  sky130_fd_pr__pfet_01v8_hvt/2 = 1        |                                           
  sky130_fd_pr__nfet_01v8/2 = 1            |                                           
  sky130_fd_pr__nfet_01v8/(1|3) = 1        |                                           
  sky130_fd_pr__pfet_01v8_hvt/(1|3) = 1    |                                           
                                           |                                           
Net: a_11467_1651#                         |(no matching net)                          
  sky130_fd_pr__pfet_01v8_hvt/(1|3) = 1    |                                           
  sky130_fd_pr__nfet_01v8/(1|3) = 1        |                                           
  sky130_fd_pr__nfet_01v8/2 = 1            |                                           
  sky130_fd_pr__pfet_01v8_hvt/2 = 1        |                                           
                                           |                                           
Net: a_5169_5676#                          |(no matching net)                          
  sky130_fd_pr__pfet_01v8_hvt/(1|3) = 1    |                                           
  sky130_fd_pr__pfet_01v8_hvt/2 = 1        |                                           
  sky130_fd_pr__nfet_01v8/2 = 1            |                                           
  sky130_fd_pr__nfet_01v8/(1|3) = 1        |                                           
                                           |                                           
Net: a_13725_1324#                         |(no matching net)                          
  sky130_fd_pr__pfet_01v8_hvt/(1|3) = 1    |                                           
  sky130_fd_pr__pfet_01v8_hvt/2 = 1        |                                           
  sky130_fd_pr__nfet_01v8/2 = 1            |                                           
  sky130_fd_pr__nfet_01v8/(1|3) = 1        |                                           
                                           |                                           
Net: a_14885_1298#                         |(no matching net)                          
  sky130_fd_pr__nfet_01v8/(1|3) = 1        |                                           
  sky130_fd_pr__pfet_01v8_hvt/2 = 1        |                                           
  sky130_fd_pr__pfet_01v8_hvt/(1|3) = 1    |                                           
  sky130_fd_pr__nfet_01v8/2 = 1            |                                           
                                           |                                           
Net: a_7767_1324#                          |(no matching net)                          
  sky130_fd_pr__pfet_01v8_hvt/(1|3) = 1    |                                           
  sky130_fd_pr__nfet_01v8/2 = 1            |                                           
  sky130_fd_pr__nfet_01v8/(1|3) = 1        |                                           
  sky130_fd_pr__pfet_01v8_hvt/2 = 1        |                                           
                                           |                                           
Net: digital_0.hold18.X                    |(no matching net)                          
  sky130_fd_pr__pfet_01v8_hvt/2 = 1        |                                           
  sky130_fd_pr__nfet_01v8/2 = 1            |                                           
  sky130_fd_pr__pfet_01v8_hvt/(1|3) = 1    |                                           
  sky130_fd_pr__nfet_01v8/(1|3) = 1        |                                           
                                           |                                           
Net: digital_0.hold22.X                    |(no matching net)                          
  sky130_fd_pr__nfet_01v8/2 = 1            |                                           
  sky130_fd_pr__pfet_01v8_hvt/2 = 1        |                                           
  sky130_fd_pr__pfet_01v8_hvt/(1|3) = 1    |                                           
  sky130_fd_pr__nfet_01v8/(1|3) = 1        |                                           
                                           |                                           
Net: a_4691_5676#                          |(no matching net)                          
  sky130_fd_pr__nfet_01v8/2 = 1            |                                           
  sky130_fd_pr__pfet_01v8_hvt/2 = 1        |                                           
  sky130_fd_pr__nfet_01v8/(1|3) = 1        |                                           
  sky130_fd_pr__pfet_01v8_hvt/(1|3) = 1    |                                           
                                           |                                           
Net: a_4797_5676#                          |(no matching net)                          
  sky130_fd_pr__nfet_01v8/(1|3) = 1        |                                           
  sky130_fd_pr__nfet_01v8/2 = 1            |                                           
  sky130_fd_pr__pfet_01v8_hvt/(1|3) = 1    |                                           
  sky130_fd_pr__pfet_01v8_hvt/2 = 1        |                                           
                                           |                                           
Net: a_3730_3500#                          |(no matching net)                          
  sky130_fd_pr__pfet_01v8_hvt/(1|3) = 1    |                                           
  sky130_fd_pr__nfet_01v8/(1|3) = 1        |                                           
  sky130_fd_pr__pfet_01v8_hvt/2 = 1        |                                           
  sky130_fd_pr__nfet_01v8/2 = 1            |                                           
                                           |                                           
Net: a_5497_5676#                          |(no matching net)                          
  sky130_fd_pr__pfet_01v8_hvt/2 = 1        |                                           
  sky130_fd_pr__pfet_01v8_hvt/(1|3) = 1    |                                           
  sky130_fd_pr__nfet_01v8/2 = 1            |                                           
  sky130_fd_pr__nfet_01v8/(1|3) = 1        |                                           
                                           |                                           
Net: a_15289_5676#                         |(no matching net)                          
  sky130_fd_pr__pfet_01v8_hvt/(1|3) = 1    |                                           
  sky130_fd_pr__pfet_01v8_hvt/2 = 1        |                                           
  sky130_fd_pr__nfet_01v8/2 = 1            |                                           
  sky130_fd_pr__nfet_01v8/(1|3) = 1        |                                           
                                           |                                           
Net: digital_0._102_.D                     |(no matching net)                          
  sky130_fd_pr__pfet_01v8_hvt/(1|3) = 1    |                                           
  sky130_fd_pr__nfet_01v8/2 = 1            |                                           
  sky130_fd_pr__pfet_01v8_hvt/2 = 1        |                                           
  sky130_fd_pr__nfet_01v8/(1|3) = 1        |                                           
                                           |                                           
Net: a_15506_1324#                         |(no matching net)                          
  sky130_fd_pr__pfet_01v8_hvt/(1|3) = 1    |                                           
  sky130_fd_pr__nfet_01v8/(1|3) = 1        |                                           
  sky130_fd_pr__pfet_01v8_hvt/2 = 1        |                                           
  sky130_fd_pr__nfet_01v8/2 = 1            |                                           
                                           |                                           
Net: a_15289_1324#                         |(no matching net)                          
  sky130_fd_pr__pfet_01v8_hvt/2 = 1        |                                           
  sky130_fd_pr__nfet_01v8/2 = 1            |                                           
  sky130_fd_pr__pfet_01v8_hvt/(1|3) = 1    |                                           
  sky130_fd_pr__nfet_01v8/(1|3) = 1        |                                           
                                           |                                           
Net: a_5386_5676#                          |(no matching net)                          
  sky130_fd_pr__pfet_01v8_hvt/(1|3) = 1    |                                           
  sky130_fd_pr__nfet_01v8/(1|3) = 1        |                                           
  sky130_fd_pr__pfet_01v8_hvt/2 = 1        |                                           
  sky130_fd_pr__nfet_01v8/2 = 1            |                                           
                                           |                                           
Net: a_4935_1651#                          |(no matching net)                          
  sky130_fd_pr__pfet_01v8_hvt/2 = 1        |                                           
  sky130_fd_pr__pfet_01v8_hvt/(1|3) = 1    |                                           
  sky130_fd_pr__nfet_01v8/(1|3) = 1        |                                           
  sky130_fd_pr__nfet_01v8/2 = 1            |                                           
                                           |                                           
Net: a_13942_1324#                         |(no matching net)                          
  sky130_fd_pr__pfet_01v8_hvt/(1|3) = 1    |                                           
  sky130_fd_pr__nfet_01v8/(1|3) = 1        |                                           
  sky130_fd_pr__pfet_01v8_hvt/2 = 1        |                                           
  sky130_fd_pr__nfet_01v8/2 = 1            |                                           
                                           |                                           
Net: a_7009_1324#                          |(no matching net)                          
  sky130_fd_pr__pfet_01v8_hvt/2 = 1        |                                           
  sky130_fd_pr__nfet_01v8/2 = 1            |                                           
  sky130_fd_pr__pfet_01v8_hvt/(1|3) = 1    |                                           
  sky130_fd_pr__nfet_01v8/(1|3) = 1        |                                           
                                           |                                           
Net: a_3679_2412#                          |(no matching net)                          
  sky130_fd_pr__nfet_01v8/2 = 1            |                                           
  sky130_fd_pr__nfet_01v8/(1|3) = 1        |                                           
  sky130_fd_pr__pfet_01v8_hvt/2 = 1        |                                           
  sky130_fd_pr__pfet_01v8_hvt/(1|3) = 1    |                                           
                                           |                                           
Net: a_4374_2412#                          |(no matching net)                          
  sky130_fd_pr__pfet_01v8_hvt/(1|3) = 1    |                                           
  sky130_fd_pr__nfet_01v8/(1|3) = 1        |                                           
  sky130_fd_pr__pfet_01v8_hvt/2 = 1        |                                           
  sky130_fd_pr__nfet_01v8/2 = 1            |                                           
                                           |                                           
Net: a_4157_2412#                          |(no matching net)                          
  sky130_fd_pr__pfet_01v8_hvt/2 = 1        |                                           
  sky130_fd_pr__nfet_01v8/2 = 1            |                                           
  sky130_fd_pr__pfet_01v8_hvt/(1|3) = 1    |                                           
  sky130_fd_pr__nfet_01v8/(1|3) = 1        |                                           
                                           |                                           
Net: a_3841_3500#                          |(no matching net)                          
  sky130_fd_pr__pfet_01v8_hvt/(1|3) = 1    |                                           
  sky130_fd_pr__pfet_01v8_hvt/2 = 1        |                                           
  sky130_fd_pr__nfet_01v8/(1|3) = 1        |                                           
  sky130_fd_pr__nfet_01v8/2 = 1            |                                           
                                           |                                           
Net: a_6498_1482#                          |(no matching net)                          
  sky130_fd_pr__pfet_01v8_hvt/2 = 1        |                                           
  sky130_fd_pr__nfet_01v8/2 = 1            |                                           
  sky130_fd_pr__pfet_01v8_hvt/(1|3) = 1    |                                           
  sky130_fd_pr__nfet_01v8/(1|3) = 1        |                                           
                                           |                                           
Net: a_15617_1324#                         |(no matching net)                          
  sky130_fd_pr__pfet_01v8_hvt/2 = 1        |                                           
  sky130_fd_pr__pfet_01v8_hvt/(1|3) = 1    |                                           
  sky130_fd_pr__nfet_01v8/2 = 1            |                                           
  sky130_fd_pr__nfet_01v8/(1|3) = 1        |                                           
                                           |                                           
Net: a_4485_2412#                          |(no matching net)                          
  sky130_fd_pr__pfet_01v8_hvt/(1|3) = 1    |                                           
  sky130_fd_pr__pfet_01v8_hvt/2 = 1        |                                           
  sky130_fd_pr__nfet_01v8/(1|3) = 1        |                                           
  sky130_fd_pr__nfet_01v8/2 = 1            |                                           
                                           |                                           
Net: a_14053_1324#                         |(no matching net)                          
  sky130_fd_pr__pfet_01v8_hvt/2 = 1        |                                           
  sky130_fd_pr__pfet_01v8_hvt/(1|3) = 1    |                                           
  sky130_fd_pr__nfet_01v8/(1|3) = 1        |                                           
  sky130_fd_pr__nfet_01v8/2 = 1            |                                           
                                           |                                           
Net: a_6644_2778#                          |(no matching net)                          
  sky130_fd_pr__special_nfet_01v8/(1|3) =  |                                           
  sky130_fd_pr__pfet_01v8_hvt/(1|3) = 2    |                                           
  sky130_fd_pr__nfet_01v8/(1|3) = 1        |                                           
                                           |                                           
Net: a_9404_4044#                          |(no matching net)                          
  sky130_fd_pr__pfet_01v8_hvt/(1|3) = 2    |                                           
  sky130_fd_pr__special_nfet_01v8/(1|3) =  |                                           
  sky130_fd_pr__nfet_01v8/(1|3) = 1        |                                           
                                           |                                           
Net: a_12164_2778#                         |(no matching net)                          
  sky130_fd_pr__pfet_01v8_hvt/(1|3) = 2    |                                           
  sky130_fd_pr__nfet_01v8/(1|3) = 1        |                                           
  sky130_fd_pr__special_nfet_01v8/(1|3) =  |                                           
                                           |                                           
Net: a_6644_3866#                          |(no matching net)                          
  sky130_fd_pr__nfet_01v8/(1|3) = 1        |                                           
  sky130_fd_pr__special_nfet_01v8/(1|3) =  |                                           
  sky130_fd_pr__pfet_01v8_hvt/(1|3) = 2    |                                           
                                           |                                           
Net: a_14079_2412#                         |(no matching net)                          
  sky130_fd_pr__pfet_01v8_hvt/(1|3) = 2    |                                           
  sky130_fd_pr__nfet_01v8/(1|3) = 1        |                                           
  sky130_fd_pr__special_nfet_01v8/(1|3) =  |                                           
                                           |                                           
Net: a_11980_4954#                         |(no matching net)                          
  sky130_fd_pr__nfet_01v8/(1|3) = 1        |                                           
  sky130_fd_pr__pfet_01v8_hvt/(1|3) = 2    |                                           
  sky130_fd_pr__special_nfet_01v8/(1|3) =  |                                           
                                           |                                           
Net: a_13962_2234#                         |(no matching net)                          
  sky130_fd_pr__nfet_01v8/(1|3) = 1        |                                           
  sky130_fd_pr__special_nfet_01v8/(1|3) =  |                                           
  sky130_fd_pr__pfet_01v8_hvt/(1|3) = 2    |                                           
                                           |                                           
Net: a_15292_5132#                         |(no matching net)                          
  sky130_fd_pr__pfet_01v8_hvt/(1|3) = 2    |                                           
  sky130_fd_pr__nfet_01v8/(1|3) = 1        |                                           
  sky130_fd_pr__special_nfet_01v8/(1|3) =  |                                           
                                           |                                           
Net: a_4712_2956#                          |(no matching net)                          
  sky130_fd_pr__pfet_01v8_hvt/(1|3) = 2    |                                           
  sky130_fd_pr__nfet_01v8/(1|3) = 1        |                                           
  sky130_fd_pr__special_nfet_01v8/(1|3) =  |                                           
                                           |                                           
Net: a_5356_5132#                          |(no matching net)                          
  sky130_fd_pr__pfet_01v8_hvt/(1|3) = 2    |                                           
  sky130_fd_pr__nfet_01v8/(1|3) = 1        |                                           
  sky130_fd_pr__special_nfet_01v8/(1|3) =  |                                           
                                           |                                           
Net: a_9404_1868#                          |(no matching net)                          
  sky130_fd_pr__nfet_01v8/(1|3) = 1        |                                           
  sky130_fd_pr__pfet_01v8_hvt/(1|3) = 2    |                                           
  sky130_fd_pr__special_nfet_01v8/(1|3) =  |                                           
                                           |                                           
Net: a_11570_2234#                         |(no matching net)                          
  sky130_fd_pr__pfet_01v8_hvt/(1|3) = 2    |                                           
  sky130_fd_pr__nfet_01v8/(1|3) = 1        |                                           
  sky130_fd_pr__special_nfet_01v8/(1|3) =  |                                           
                                           |                                           
Net: a_12532_4044#                         |(no matching net)                          
  sky130_fd_pr__pfet_01v8_hvt/(1|3) = 2    |                                           
  sky130_fd_pr__nfet_01v8/(1|3) = 1        |                                           
  sky130_fd_pr__special_nfet_01v8/(1|3) =  |                                           
                                           |                                           
Net: a_8852_5132#                          |(no matching net)                          
  sky130_fd_pr__pfet_01v8_hvt/(1|3) = 2    |                                           
  sky130_fd_pr__special_nfet_01v8/(1|3) =  |                                           
  sky130_fd_pr__nfet_01v8/(1|3) = 1        |                                           
                                           |                                           
Net: a_5264_1868#                          |(no matching net)                          
  sky130_fd_pr__pfet_01v8_hvt/(1|3) = 2    |                                           
  sky130_fd_pr__special_nfet_01v8/(1|3) =  |                                           
  sky130_fd_pr__nfet_01v8/(1|3) = 1        |                                           
                                           |                                           
Net: a_14464_2956#                         |(no matching net)                          
  sky130_fd_pr__special_nfet_01v8/(1|3) =  |                                           
  sky130_fd_pr__pfet_01v8_hvt/(1|3) = 2    |                                           
  sky130_fd_pr__nfet_01v8/(1|3) = 1        |                                           
                                           |                                           
Net: a_14146_4588#                         |(no matching net)                          
  sky130_fd_pr__nfet_01v8/(1|3) = 1        |                                           
  sky130_fd_pr__special_nfet_01v8/(1|3) =  |                                           
  sky130_fd_pr__pfet_01v8_hvt/(1|3) = 2    |                                           
                                           |                                           
Net: a_15016_4044#                         |(no matching net)                          
  sky130_fd_pr__nfet_01v8/(1|3) = 1        |                                           
  sky130_fd_pr__special_nfet_01v8/(1|3) =  |                                           
  sky130_fd_pr__pfet_01v8_hvt/(1|3) = 2    |                                           
                                           |                                           
Net: a_7196_4954#                          |(no matching net)                          
  sky130_fd_pr__pfet_01v8_hvt/(1|3) = 2    |                                           
  sky130_fd_pr__special_nfet_01v8/(1|3) =  |                                           
  sky130_fd_pr__nfet_01v8/(1|3) = 1        |                                           
                                           |                                           
Net: a_10140_2778#                         |(no matching net)                          
  sky130_fd_pr__pfet_01v8_hvt/(1|3) = 2    |                                           
  sky130_fd_pr__special_nfet_01v8/(1|3) =  |                                           
  sky130_fd_pr__nfet_01v8/(1|3) = 1        |                                           
                                           |                                           
Net: JNWTR_IVX1_CV_0.Y                     |(no matching net)                          
  sky130_fd_pr__pfet_01v8/(1|3) = 1        |                                           
  sky130_fd_pr__nfet_01v8/(1|3) = 1        |                                           
  sky130_fd_pr__pfet_01v8_hvt/2 = 1        |                                           
  sky130_fd_pr__nfet_01v8/2 = 1            |                                           
                                           |                                           
Net: JNWTR_ORX1_CV_0.A                     |(no matching net)                          
  sky130_fd_pr__pfet_01v8/2 = 1            |                                           
  sky130_fd_pr__pfet_01v8_hvt/(1|3) = 1    |                                           
  sky130_fd_pr__nfet_01v8/(1|3) = 1        |                                           
  sky130_fd_pr__nfet_01v8/2 = 1            |                                           
                                           |                                           
Net: digital_0._112_.Q                     |(no matching net)                          
  sky130_fd_pr__nfet_01v8/2 = 5            |                                           
  sky130_fd_pr__pfet_01v8_hvt/(1|3) = 1    |                                           
  sky130_fd_pr__pfet_01v8_hvt/2 = 5        |                                           
  sky130_fd_pr__nfet_01v8/(1|3) = 1        |                                           
                                           |                                           
Net: digital_0.load_slew17.X               |(no matching net)                          
  sky130_fd_pr__pfet_01v8_hvt/2 = 5        |                                           
  sky130_fd_pr__nfet_01v8/2 = 5            |                                           
  sky130_fd_pr__pfet_01v8_hvt/(1|3) = 1    |                                           
  sky130_fd_pr__nfet_01v8/(1|3) = 1        |                                           
                                           |                                           
Net: digital_0._113_.Q                     |(no matching net)                          
  sky130_fd_pr__pfet_01v8_hvt/2 = 5        |                                           
  sky130_fd_pr__nfet_01v8/2 = 5            |                                           
  sky130_fd_pr__pfet_01v8_hvt/(1|3) = 1    |                                           
  sky130_fd_pr__nfet_01v8/(1|3) = 1        |                                           
                                           |                                           
Net: a_7288_4404#                          |(no matching net)                          
  sky130_fd_pr__nfet_01v8/(1|3) = 2        |                                           
                                           |                                           
Net: a_5410_1324#                          |(no matching net)                          
  sky130_fd_pr__nfet_01v8/(1|3) = 2        |                                           
                                           |                                           
Net: a_12584_2234#                         |(no matching net)                          
  sky130_fd_pr__nfet_01v8/(1|3) = 2        |                                           
                                           |                                           
Net: a_4637_3500#                          |(no matching net)                          
  sky130_fd_pr__nfet_01v8/(1|3) = 2        |                                           
                                           |                                           
Net: a_6319_2412#                          |(no matching net)                          
  sky130_fd_pr__nfet_01v8/(1|3) = 2        |                                           
                                           |                                           
Net: a_12512_5452#                         |(no matching net)                          
  sky130_fd_pr__nfet_01v8/(1|3) = 2        |                                           
                                           |                                           
Net: a_9139_2412#                          |(no matching net)                          
  sky130_fd_pr__nfet_01v8/(1|3) = 2        |                                           
                                           |                                           
Net: a_11163_2412#                         |(no matching net)                          
  sky130_fd_pr__nfet_01v8/(1|3) = 2        |                                           
                                           |                                           
Net: a_6871_4588#                          |(no matching net)                          
  sky130_fd_pr__nfet_01v8/(1|3) = 2        |                                           
                                           |                                           
Net: a_10979_4588#                         |(no matching net)                          
  sky130_fd_pr__nfet_01v8/(1|3) = 2        |                                           
                                           |                                           
Net: a_4387_3322#                          |(no matching net)                          
  sky130_fd_pr__nfet_01v8/(1|3) = 2        |                                           
                                           |                                           
Net: a_8403_4410#                          |(no matching net)                          
  sky130_fd_pr__nfet_01v8/(1|3) = 2        |                                           
                                           |                                           
Net: a_14494_2412#                         |(no matching net)                          
  sky130_fd_pr__nfet_01v8/(1|3) = 2        |                                           
                                           |                                           
Net: a_13463_3322#                         |(no matching net)                          
  sky130_fd_pr__nfet_01v8/(1|3) = 2        |                                           
                                           |                                           
Net: a_5031_5498#                          |(no matching net)                          
  sky130_fd_pr__nfet_01v8/(1|3) = 2        |                                           
                                           |                                           
Net: a_9079_2234#                          |(no matching net)                          
  sky130_fd_pr__nfet_01v8/(1|3) = 2        |                                           
                                           |                                           
Net: a_13101_4588#                         |(no matching net)                          
  sky130_fd_pr__nfet_01v8/(1|3) = 2        |                                           
                                           |                                           
Net: a_8671_3276#                          |(no matching net)                          
  sky130_fd_pr__nfet_01v8/(1|3) = 2        |                                           
                                           |                                           
Net: a_6409_5498#                          |(no matching net)                          
  sky130_fd_pr__nfet_01v8/(1|3) = 2        |                                           
                                           |                                           
Net: a_9815_2412#                          |(no matching net)                          
  sky130_fd_pr__nfet_01v8/(1|3) = 2        |                                           
                                           |                                           
Net: a_15160_4588#                         |(no matching net)                          
  sky130_fd_pr__nfet_01v8/(1|3) = 2        |                                           
                                           |                                           
Net: a_5643_2412#                          |(no matching net)                          
  sky130_fd_pr__nfet_01v8/(1|3) = 2        |                                           
                                           |                                           
Net: a_4939_2234#                          |(no matching net)                          
  sky130_fd_pr__nfet_01v8/(1|3) = 2        |                                           
                                           |                                           
Net: a_8022_2412#                          |(no matching net)                          
  sky130_fd_pr__nfet_01v8/(1|3) = 2        |                                           
                                           |                                           
Net: a_12207_4410#                         |(no matching net)                          
  sky130_fd_pr__nfet_01v8/(1|3) = 2        |                                           
                                           |                                           
Net: a_7851_5498#                          |(no matching net)                          
  sky130_fd_pr__nfet_01v8/(1|3) = 2        |                                           
                                           |                                           
Net: a_8869_1324#                          |(no matching net)                          
  sky130_fd_pr__nfet_01v8/(1|3) = 2        |                                           
                                           |                                           
Net: a_13452_4404#                         |(no matching net)                          
  sky130_fd_pr__nfet_01v8/(1|3) = 2        |                                           
                                           |                                           
Net: a_14426_3500#                         |(no matching net)                          
  sky130_fd_pr__nfet_01v8/(1|3) = 2        |                                           
                                           |                                           
Net: a_13420_1324#                         |(no matching net)                          
  sky130_fd_pr__nfet_01v8/(1|3) = 2        |                                           
                                           |                                           
Net: a_6188_5498#                          |(no matching net)                          
  sky130_fd_pr__nfet_01v8/(1|3) = 2        |                                           
                                           |                                           
Net: a_11592_3276#                         |(no matching net)                          
  sky130_fd_pr__nfet_01v8/(1|3) = 2        |                                           
                                           |                                           
Net: a_9079_4410#                          |(no matching net)                          
  sky130_fd_pr__nfet_01v8/(1|3) = 2        |                                           
                                           |                                           
Net: a_8471_3276#                          |(no matching net)                          
  sky130_fd_pr__nfet_01v8/(1|3) = 2        |                                           
                                           |                                           
Net: a_14139_3322#                         |(no matching net)                          
  sky130_fd_pr__nfet_01v8/(1|3) = 2        |                                           
                                           |                                           
Net: a_6319_3500#                          |(no matching net)                          
  sky130_fd_pr__nfet_01v8/(1|3) = 2        |                                           
                                           |                                           
Net: a_4263_2234#                          |(no matching net)                          
  sky130_fd_pr__nfet_01v8/(1|3) = 2        |                                           
                                           |                                           
Net: a_13322_4588#                         |(no matching net)                          
  sky130_fd_pr__nfet_01v8/(1|3) = 2        |                                           
                                           |                                           
Net: a_7916_2412#                          |(no matching net)                          
  sky130_fd_pr__nfet_01v8/(1|3) = 2        |                                           
                                           |                                           
Net: a_7825_3500#                          |(no matching net)                          
  sky130_fd_pr__nfet_01v8/(1|3) = 2        |                                           
                                           |                                           
Net: a_14205_3500#                         |(no matching net)                          
  sky130_fd_pr__nfet_01v8/(1|3) = 2        |                                           
                                           |                                           
Net: a_11655_4588#                         |(no matching net)                          
  sky130_fd_pr__nfet_01v8/(1|3) = 2        |                                           
                                           |                                           
Net: a_5189_1324#                          |(no matching net)                          
  sky130_fd_pr__nfet_01v8/(1|3) = 2        |                                           
                                           |                                           
Net: a_14015_4410#                         |(no matching net)                          
  sky130_fd_pr__nfet_01v8/(1|3) = 2        |                                           
                                           |                                           
Net: a_14319_2234#                         |(no matching net)                          
  sky130_fd_pr__nfet_01v8/(1|3) = 2        |                                           
                                           |                                           
Net: a_15593_3528#                         |(no matching net)                          
  sky130_fd_pr__nfet_01v8/(1|3) = 2        |                                           
                                           |                                           
Net: a_11927_2234#                         |(no matching net)                          
  sky130_fd_pr__nfet_01v8/(1|3) = 2        |                                           
                                           |                                           
Net: a_9090_1324#                          |(no matching net)                          
  sky130_fd_pr__nfet_01v8/(1|3) = 2        |                                           
                                           |                                           
Net: a_5643_3500#                          |(no matching net)                          
  sky130_fd_pr__nfet_01v8/(1|3) = 2        |                                           
                                           |                                           
Net: a_4858_3500#                          |(no matching net)                          
  sky130_fd_pr__nfet_01v8/(1|3) = 2        |                                           
                                           |                                           
Net: a_11721_1324#                         |(no matching net)                          
  sky130_fd_pr__nfet_01v8/(1|3) = 2        |                                           
                                           |                                           
Net: a_14967_5498#                         |(no matching net)                          
  sky130_fd_pr__nfet_01v8/(1|3) = 2        |                                           
                                           |                                           
Net: a_8170_5676#                          |(no matching net)                          
  sky130_fd_pr__nfet_01v8/(1|3) = 2        |                                           
                                           |                                           
Net: a_7207_4404#                          |(no matching net)                          
  sky130_fd_pr__nfet_01v8/(1|3) = 2        |                                           
                                           |                                           
Net: a_8403_2234#                          |(no matching net)                          
  sky130_fd_pr__nfet_01v8/(1|3) = 2        |                                           
                                           |                                           
Net: a_7827_2412#                          |(no matching net)                          
  sky130_fd_pr__nfet_01v8/(1|3) = 2        |                                           
                                           |                                           
Net: a_7793_4382#                          |(no matching net)                          
  sky130_fd_pr__nfet_01v8/(1|3) = 2        |                                           
                                           |                                           
Net: a_14503_4588#                         |(no matching net)                          
  sky130_fd_pr__nfet_01v8/(1|3) = 2        |                                           
                                           |                                           
Net: a_14754_2412#                         |(no matching net)                          
  sky130_fd_pr__nfet_01v8/(1|3) = 2        |                                           
                                           |                                           
Net: a_11839_2412#                         |(no matching net)                          
  sky130_fd_pr__nfet_01v8/(1|3) = 2        |                                           
                                           |                                           
Net: a_14998_2412#                         |(no matching net)                          
  sky130_fd_pr__nfet_01v8/(1|3) = 2        |                                           
                                           |                                           
Net: a_6851_2188#                          |(no matching net)                          
  sky130_fd_pr__nfet_01v8/(1|3) = 2        |                                           
                                           |                                           
Net: a_14291_5498#                         |(no matching net)                          
  sky130_fd_pr__nfet_01v8/(1|3) = 2        |                                           
                                           |                                           
Net: a_14691_4410#                         |(no matching net)                          
  sky130_fd_pr__nfet_01v8/(1|3) = 2        |                                           
                                           |                                           
Net: a_8555_3276#                          |(no matching net)                          
  sky130_fd_pr__nfet_01v8/(1|3) = 2        |                                           
                                           |                                           
Net: a_8527_5498#                          |(no matching net)                          
  sky130_fd_pr__nfet_01v8/(1|3) = 2        |                                           
                                           |                                           
Net: a_9017_4588#                          |(no matching net)                          
  sky130_fd_pr__nfet_01v8/(1|3) = 2        |                                           
                                           |                                           
Net: a_14976_2234#                         |(no matching net)                          
  sky130_fd_pr__nfet_01v8/(1|3) = 2        |                                           
                                           |                                           
Net: a_6321_2206#                          |(no matching net)                          
  sky130_fd_pr__nfet_01v8/(1|3) = 2        |                                           
                                           |                                           
Net: a_4355_5498#                          |(no matching net)                          
  sky130_fd_pr__nfet_01v8/(1|3) = 2        |                                           
                                           |                                           
Net: a_11715_5452#                         |(no matching net)                          
  sky130_fd_pr__nfet_01v8/(1|3) = 2        |                                           
                                           |                                           
Net: a_13371_4404#                         |(no matching net)                          
  sky130_fd_pr__nfet_01v8/(1|3) = 2        |                                           
                                           |                                           
Net: a_9947_1324#                          |(no matching net)                          
  sky130_fd_pr__nfet_01v8/(1|3) = 2        |                                           
                                           |                                           
Net: a_14926_2412#                         |(no matching net)                          
  sky130_fd_pr__nfet_01v8/(1|3) = 2        |                                           
                                           |                                           
Net: a_7949_5676#                          |(no matching net)                          
  sky130_fd_pr__nfet_01v8/(1|3) = 2        |                                           
                                           |                                           
Net: a_3711_3322#                          |(no matching net)                          
  sky130_fd_pr__nfet_01v8/(1|3) = 2        |                                           
                                           |                                           
Net: a_7957_4616#                          |(no matching net)                          
  sky130_fd_pr__nfet_01v8/(1|3) = 2        |                                           
                                           |                                           
Net: a_11942_1324#                         |(no matching net)                          
  sky130_fd_pr__nfet_01v8/(1|3) = 2        |                                           
                                           |                                           
Net: a_6195_4588#                          |(no matching net)                          
  sky130_fd_pr__nfet_01v8/(1|3) = 2        |                                           
                                           |                                           
Net: a_7667_3500#                          |(no matching net)                          
  sky130_fd_pr__nfet_01v8/(1|3) = 2        |                                           
                                           |                                           
Net: a_11873_5452#                         |(no matching net)                          
  sky130_fd_pr__nfet_01v8/(1|3) = 2        |                                           
                                           |                                           
Net: a_11531_4410#                         |(no matching net)                          
  sky130_fd_pr__nfet_01v8/(1|3) = 2        |                                           
                                           |                                           
Net: a_3951_3322#                          |(no matching net)                          
  sky130_fd_pr__nfet_01v8/(1|3) = 1        |                                           
  sky130_fd_pr__special_nfet_01v8/(1|3) =  |                                           
                                           |                                           
Net: a_14731_2246#                         |(no matching net)                          
  sky130_fd_pr__special_nfet_01v8/(1|3) =  |                                           
  sky130_fd_pr__nfet_01v8/(1|3) = 1        |                                           
                                           |                                           
Net: a_6391_2412#                          |(no matching net)                          
  sky130_fd_pr__nfet_01v8/(1|3) = 1        |                                           
  sky130_fd_pr__special_nfet_01v8/(1|3) =  |                                           
                                           |                                           
Net: a_8091_5498#                          |(no matching net)                          
  sky130_fd_pr__special_nfet_01v8/(1|3) =  |                                           
  sky130_fd_pr__nfet_01v8/(1|3) = 1        |                                           
                                           |                                           
Net: a_6943_4588#                          |(no matching net)                          
  sky130_fd_pr__nfet_01v8/(1|3) = 1        |                                           
  sky130_fd_pr__special_nfet_01v8/(1|3) =  |                                           
                                           |                                           
Net: a_6435_4588#                          |(no matching net)                          
  sky130_fd_pr__nfet_01v8/(1|3) = 1        |                                           
  sky130_fd_pr__special_nfet_01v8/(1|3) =  |                                           
                                           |                                           
Net: a_4459_3322#                          |(no matching net)                          
  sky130_fd_pr__nfet_01v8/(1|3) = 1        |                                           
  sky130_fd_pr__special_nfet_01v8/(1|3) =  |                                           
                                           |                                           
Net: a_11911_2412#                         |(no matching net)                          
  sky130_fd_pr__special_nfet_01v8/(1|3) =  |                                           
  sky130_fd_pr__nfet_01v8/(1|3) = 1        |                                           
                                           |                                           
Net: a_9379_2412#                          |(no matching net)                          
  sky130_fd_pr__special_nfet_01v8/(1|3) =  |                                           
  sky130_fd_pr__nfet_01v8/(1|3) = 1        |                                           
                                           |                                           
Net: a_15039_5498#                         |(no matching net)                          
  sky130_fd_pr__special_nfet_01v8/(1|3) =  |                                           
  sky130_fd_pr__nfet_01v8/(1|3) = 1        |                                           
                                           |                                           
Net: a_9151_2234#                          |(no matching net)                          
  sky130_fd_pr__nfet_01v8/(1|3) = 1        |                                           
  sky130_fd_pr__special_nfet_01v8/(1|3) =  |                                           
                                           |                                           
Net: a_11403_2412#                         |(no matching net)                          
  sky130_fd_pr__special_nfet_01v8/(1|3) =  |                                           
  sky130_fd_pr__nfet_01v8/(1|3) = 1        |                                           
                                           |                                           
Net: a_12339_2246#                         |(no matching net)                          
  sky130_fd_pr__special_nfet_01v8/(1|3) =  |                                           
  sky130_fd_pr__nfet_01v8/(1|3) = 1        |                                           
                                           |                                           
Net: a_14531_5498#                         |(no matching net)                          
  sky130_fd_pr__special_nfet_01v8/(1|3) =  |                                           
  sky130_fd_pr__nfet_01v8/(1|3) = 1        |                                           
                                           |                                           
Net: a_5103_5498#                          |(no matching net)                          
  sky130_fd_pr__special_nfet_01v8/(1|3) =  |                                           
  sky130_fd_pr__nfet_01v8/(1|3) = 1        |                                           
                                           |                                           
Net: a_12279_4410#                         |(no matching net)                          
  sky130_fd_pr__special_nfet_01v8/(1|3) =  |                                           
  sky130_fd_pr__nfet_01v8/(1|3) = 1        |                                           
                                           |                                           
Net: a_4595_5498#                          |(no matching net)                          
  sky130_fd_pr__nfet_01v8/(1|3) = 1        |                                           
  sky130_fd_pr__special_nfet_01v8/(1|3) =  |                                           
                                           |                                           
Net: a_11771_4410#                         |(no matching net)                          
  sky130_fd_pr__special_nfet_01v8/(1|3) =  |                                           
  sky130_fd_pr__nfet_01v8/(1|3) = 1        |                                           
                                           |                                           
Net: a_11727_4588#                         |(no matching net)                          
  sky130_fd_pr__special_nfet_01v8/(1|3) =  |                                           
  sky130_fd_pr__nfet_01v8/(1|3) = 1        |                                           
                                           |                                           
Net: a_5883_2412#                          |(no matching net)                          
  sky130_fd_pr__special_nfet_01v8/(1|3) =  |                                           
  sky130_fd_pr__nfet_01v8/(1|3) = 1        |                                           
                                           |                                           
Net: a_8643_4410#                          |(no matching net)                          
  sky130_fd_pr__special_nfet_01v8/(1|3) =  |                                           
  sky130_fd_pr__nfet_01v8/(1|3) = 1        |                                           
                                           |                                           
Net: a_9887_2412#                          |(no matching net)                          
  sky130_fd_pr__nfet_01v8/(1|3) = 1        |                                           
  sky130_fd_pr__special_nfet_01v8/(1|3) =  |                                           
                                           |                                           
Net: a_6391_3500#                          |(no matching net)                          
  sky130_fd_pr__nfet_01v8/(1|3) = 1        |                                           
  sky130_fd_pr__special_nfet_01v8/(1|3) =  |                                           
                                           |                                           
Net: a_14153_2246#                         |(no matching net)                          
  sky130_fd_pr__special_nfet_01v8/(1|3) =  |                                           
  sky130_fd_pr__nfet_01v8/(1|3) = 1        |                                           
                                           |                                           
Net: a_11761_2246#                         |(no matching net)                          
  sky130_fd_pr__special_nfet_01v8/(1|3) =  |                                           
  sky130_fd_pr__nfet_01v8/(1|3) = 1        |                                           
                                           |                                           
Net: a_9151_4410#                          |(no matching net)                          
  sky130_fd_pr__special_nfet_01v8/(1|3) =  |                                           
  sky130_fd_pr__nfet_01v8/(1|3) = 1        |                                           
                                           |                                           
Net: a_5883_3500#                          |(no matching net)                          
  sky130_fd_pr__special_nfet_01v8/(1|3) =  |                                           
  sky130_fd_pr__nfet_01v8/(1|3) = 1        |                                           
                                           |                                           
Net: a_14211_3322#                         |(no matching net)                          
  sky130_fd_pr__special_nfet_01v8/(1|3) =  |                                           
  sky130_fd_pr__nfet_01v8/(1|3) = 1        |                                           
                                           |                                           
Net: a_11219_4588#                         |(no matching net)                          
  sky130_fd_pr__special_nfet_01v8/(1|3) =  |                                           
  sky130_fd_pr__nfet_01v8/(1|3) = 1        |                                           
                                           |                                           
Net: a_13703_3322#                         |(no matching net)                          
  sky130_fd_pr__special_nfet_01v8/(1|3) =  |                                           
  sky130_fd_pr__nfet_01v8/(1|3) = 1        |                                           
                                           |                                           
Net: a_14915_4588#                         |(no matching net)                          
  sky130_fd_pr__nfet_01v8/(1|3) = 1        |                                           
  sky130_fd_pr__special_nfet_01v8/(1|3) =  |                                           
                                           |                                           
Net: a_14337_4588#                         |(no matching net)                          
  sky130_fd_pr__nfet_01v8/(1|3) = 1        |                                           
  sky130_fd_pr__special_nfet_01v8/(1|3) =  |                                           
                                           |                                           
Net: a_14763_4410#                         |(no matching net)                          
  sky130_fd_pr__special_nfet_01v8/(1|3) =  |                                           
  sky130_fd_pr__nfet_01v8/(1|3) = 1        |                                           
                                           |                                           
Net: a_14284_2412#                         |(no matching net)                          
  sky130_fd_pr__nfet_01v8/(1|3) = 1        |                                           
  sky130_fd_pr__special_nfet_01v8/(1|3) =  |                                           
                                           |                                           
Net: a_8599_5498#                          |(no matching net)                          
  sky130_fd_pr__special_nfet_01v8/(1|3) =  |                                           
  sky130_fd_pr__nfet_01v8/(1|3) = 1        |                                           
                                           |                                           
Net: a_8643_2234#                          |(no matching net)                          
  sky130_fd_pr__special_nfet_01v8/(1|3) =  |                                           
  sky130_fd_pr__nfet_01v8/(1|3) = 1        |                                           
                                           |                                           
Net: a_5011_2234#                          |(no matching net)                          
  sky130_fd_pr__special_nfet_01v8/(1|3) =  |                                           
  sky130_fd_pr__nfet_01v8/(1|3) = 1        |                                           
                                           |                                           
Net: a_4503_2234#                          |(no matching net)                          
  sky130_fd_pr__special_nfet_01v8/(1|3) =  |                                           
  sky130_fd_pr__nfet_01v8/(1|3) = 1        |                                           
                                           |                                           
Net: a_14255_4410#                         |(no matching net)                          
  sky130_fd_pr__nfet_01v8/(1|3) = 1        |                                           
  sky130_fd_pr__special_nfet_01v8/(1|3) =  |                                           
                                           |                                           
Net: a_5403_1651#                          |(no matching net)                          
  sky130_fd_pr__pfet_01v8_hvt/(1|3) = 2    |                                           
                                           |                                           
Net: a_14214_4044#                         |(no matching net)                          
  sky130_fd_pr__pfet_01v8_hvt/(1|3) = 2    |                                           
                                           |                                           
Net: a_9417_4838#                          |(no matching net)                          
  sky130_fd_pr__pfet_01v8_hvt/(1|3) = 2    |                                           
                                           |                                           
Net: a_13189_3750#                         |(no matching net)                          
  sky130_fd_pr__pfet_01v8_hvt/(1|3) = 2    |                                           
                                           |                                           
Net: a_8797_1651#                          |(no matching net)                          
  sky130_fd_pr__pfet_01v8_hvt/(1|3) = 2    |                                           
                                           |                                           
Net: a_14834_2778#                         |(no matching net)                          
  sky130_fd_pr__pfet_01v8_hvt/(1|3) = 2    |                                           
                                           |                                           
Net: a_5461_2956#                          |(no matching net)                          
  sky130_fd_pr__pfet_01v8_hvt/(1|3) = 2    |                                           
                                           |                                           
Net: a_13315_4915#                         |(no matching net)                          
  sky130_fd_pr__pfet_01v8_hvt/(1|3) = 2    |                                           
                                           |                                           
Net: a_3437_1868#                          |(no matching net)                          
  sky130_fd_pr__pfet_01v8_hvt/(1|3) = 2    |                                           
                                           |                                           
Net: a_8050_5132#                          |(no matching net)                          
  sky130_fd_pr__pfet_01v8_hvt/(1|3) = 2    |                                           
                                           |                                           
Net: a_11149_2956#                         |(no matching net)                          
  sky130_fd_pr__pfet_01v8_hvt/(1|3) = 2    |                                           
                                           |                                           
Net: a_6505_5171#                          |(no matching net)                          
  sky130_fd_pr__pfet_01v8_hvt/(1|3) = 2    |                                           
                                           |                                           
Net: a_4462_1868#                          |(no matching net)                          
  sky130_fd_pr__pfet_01v8_hvt/(1|3) = 2    |                                           
                                           |                                           
Net: a_5842_3866#                          |(no matching net)                          
  sky130_fd_pr__pfet_01v8_hvt/(1|3) = 2    |                                           
                                           |                                           
Net: a_7025_5132#                          |(no matching net)                          
  sky130_fd_pr__pfet_01v8_hvt/(1|3) = 2    |                                           
                                           |                                           
Net: a_13029_4915#                         |(no matching net)                          
  sky130_fd_pr__pfet_01v8_hvt/(1|3) = 2    |                                           
                                           |                                           
Net: a_11362_2778#                         |(no matching net)                          
  sky130_fd_pr__pfet_01v8_hvt/(1|3) = 2    |                                           
                                           |                                           
Net: a_11257_5926#                         |(no matching net)                          
  sky130_fd_pr__pfet_01v8_hvt/(1|3) = 2    |                                           
                                           |                                           
Net: a_4851_3827#                          |(no matching net)                          
  sky130_fd_pr__pfet_01v8_hvt/(1|3) = 2    |                                           
                                           |                                           
Net: a_14784_1868#                         |(no matching net)                          
  sky130_fd_pr__pfet_01v8_hvt/(1|3) = 2    |                                           
                                           |                                           
Net: a_9969_2956#                          |(no matching net)                          
  sky130_fd_pr__pfet_01v8_hvt/(1|3) = 2    |                                           
                                           |                                           
Net: a_8655_4910#                          |(no matching net)                          
  sky130_fd_pr__pfet_01v8_hvt/(1|3) = 2    |                                           
                                           |                                           
Net: a_14490_5132#                         |(no matching net)                          
  sky130_fd_pr__pfet_01v8_hvt/(1|3) = 2    |                                           
                                           |                                           
Net: a_3910_2956#                          |(no matching net)                          
  sky130_fd_pr__pfet_01v8_hvt/(1|3) = 2    |                                           
                                           |                                           
Net: a_12392_1868#                         |(no matching net)                          
  sky130_fd_pr__pfet_01v8_hvt/(1|3) = 2    |                                           
                                           |                                           
Net: a_4554_5132#                          |(no matching net)                          
  sky130_fd_pr__pfet_01v8_hvt/(1|3) = 2    |                                           
                                           |                                           
Net: a_11730_4044#                         |(no matching net)                          
  sky130_fd_pr__pfet_01v8_hvt/(1|3) = 2    |                                           
                                           |                                           
Net: a_11793_5926#                         |(no matching net)                          
  sky130_fd_pr__pfet_01v8_hvt/(1|3) = 2    |                                           
                                           |                                           
Net: a_5997_4044#                          |(no matching net)                          
  sky130_fd_pr__pfet_01v8_hvt/(1|3) = 2    |                                           
                                           |                                           
Net: a_14133_3827#                         |(no matching net)                          
  sky130_fd_pr__pfet_01v8_hvt/(1|3) = 2    |                                           
                                           |                                           
Net: a_12069_5132#                         |(no matching net)                          
  sky130_fd_pr__pfet_01v8_hvt/(1|3) = 2    |                                           
                                           |                                           
Net: a_5842_2778#                          |(no matching net)                          
  sky130_fd_pr__pfet_01v8_hvt/(1|3) = 2    |                                           
                                           |                                           
Net: a_6394_4954#                          |(no matching net)                          
  sky130_fd_pr__pfet_01v8_hvt/(1|3) = 2    |                                           
                                           |                                           
Net: a_8602_1868#                          |(no matching net)                          
  sky130_fd_pr__pfet_01v8_hvt/(1|3) = 2    |                                           
                                           |                                           
Net: a_8163_6003#                          |(no matching net)                          
  sky130_fd_pr__pfet_01v8_hvt/(1|3) = 2    |                                           
                                           |                                           
Net: a_6457_4044#                          |(no matching net)                          
  sky130_fd_pr__pfet_01v8_hvt/(1|3) = 2    |                                           
                                           |                                           
Net: a_14654_2778#                         |(no matching net)                          
  sky130_fd_pr__pfet_01v8_hvt/(1|3) = 2    |                                           
                                           |                                           
Net: a_3437_1574#                          |(no matching net)                          
  sky130_fd_pr__pfet_01v8_hvt/(1|3) = 2    |                                           
                                           |                                           
Net: a_11178_4954#                         |(no matching net)                          
  sky130_fd_pr__pfet_01v8_hvt/(1|3) = 2    |                                           
                                           |                                           
Net: a_7877_6003#                          |(no matching net)                          
  sky130_fd_pr__pfet_01v8_hvt/(1|3) = 2    |                                           
                                           |                                           
Net: a_14968_4954#                         |(no matching net)                          
  sky130_fd_pr__pfet_01v8_hvt/(1|3) = 2    |                                           
                                           |                                           
Net: a_11935_1651#                         |(no matching net)                          
  sky130_fd_pr__pfet_01v8_hvt/(1|3) = 2    |                                           
                                           |                                           
Net: a_5117_1651#                          |(no matching net)                          
  sky130_fd_pr__pfet_01v8_hvt/(1|3) = 2    |                                           
                                           |                                           
Net: a_14419_3827#                         |(no matching net)                          
  sky130_fd_pr__pfet_01v8_hvt/(1|3) = 2    |                                           
                                           |                                           
Net: a_10137_4838#                         |(no matching net)                          
  sky130_fd_pr__pfet_01v8_hvt/(1|3) = 2    |                                           
                                           |                                           
Net: a_11649_1651#                         |(no matching net)                          
  sky130_fd_pr__pfet_01v8_hvt/(1|3) = 2    |                                           
                                           |                                           
Net: a_6188_5171#                          |(no matching net)                          
  sky130_fd_pr__pfet_01v8_hvt/(1|3) = 2    |                                           
                                           |                                           
Net: a_7302_1868#                          |(no matching net)                          
  sky130_fd_pr__pfet_01v8_hvt/(1|3) = 2    |                                           
                                           |                                           
Net: a_13662_2956#                         |(no matching net)                          
  sky130_fd_pr__pfet_01v8_hvt/(1|3) = 2    |                                           
                                           |                                           
Net: a_4565_3827#                          |(no matching net)                          
  sky130_fd_pr__pfet_01v8_hvt/(1|3) = 2    |                                           
                                           |                                           
Net: a_8602_4044#                          |(no matching net)                          
  sky130_fd_pr__pfet_01v8_hvt/(1|3) = 2    |                                           
                                           |                                           
Net: a_14260_2778#                         |(no matching net)                          
  sky130_fd_pr__pfet_01v8_hvt/(1|3) = 2    |                                           
                                           |                                           
Net: a_9338_2778#                          |(no matching net)                          
  sky130_fd_pr__pfet_01v8_hvt/(1|3) = 2    |                                           
                                           |                                           
Net: a_9083_1651#                          |(no matching net)                          
  sky130_fd_pr__pfet_01v8_hvt/(1|3) = 2    |                                           
                                           |                                           
Net: clk                                   |(no matching net)                          
  sky130_fd_pr__nfet_01v8/2 = 1            |                                           
  sky130_fd_pr__pfet_01v8_hvt/2 = 1        |                                           
                                           |                                           
Net: uio_out<7>                            |(no matching net)                          
  sky130_fd_pr__pfet_01v8_hvt/(1|3) = 1    |                                           
  sky130_fd_pr__nfet_01v8/(1|3) = 1        |                                           
                                           |                                           
Net: uio_out<1>                            |(no matching net)                          
  sky130_fd_pr__nfet_01v8/(1|3) = 1        |                                           
  sky130_fd_pr__pfet_01v8_hvt/(1|3) = 1    |                                           
                                           |                                           
Net: uio_out<4>                            |(no matching net)                          
  sky130_fd_pr__nfet_01v8/(1|3) = 1        |                                           
  sky130_fd_pr__pfet_01v8_hvt/(1|3) = 1    |                                           
                                           |                                           
Net: uio_out<6>                            |(no matching net)                          
  sky130_fd_pr__nfet_01v8/(1|3) = 1        |                                           
  sky130_fd_pr__pfet_01v8_hvt/(1|3) = 1    |                                           
                                           |                                           
Net: uio_out<3>                            |(no matching net)                          
  sky130_fd_pr__pfet_01v8_hvt/(1|3) = 1    |                                           
  sky130_fd_pr__nfet_01v8/(1|3) = 1        |                                           
                                           |                                           
Net: uo_out<1>                             |(no matching net)                          
  sky130_fd_pr__pfet_01v8_hvt/(1|3) = 1    |                                           
  sky130_fd_pr__nfet_01v8/(1|3) = 1        |                                           
                                           |                                           
Net: digital_0.clkload0.X                  |(no matching net)                          
  sky130_fd_pr__pfet_01v8_hvt/(1|3) = 1    |                                           
  sky130_fd_pr__nfet_01v8/(1|3) = 1        |                                           
                                           |                                           
Net: uio_out<2>                            |(no matching net)                          
  sky130_fd_pr__pfet_01v8_hvt/(1|3) = 1    |                                           
  sky130_fd_pr__nfet_01v8/(1|3) = 1        |                                           
                                           |                                           
Net: uio_out<0>                            |(no matching net)                          
  sky130_fd_pr__pfet_01v8_hvt/(1|3) = 1    |                                           
  sky130_fd_pr__nfet_01v8/(1|3) = 1        |                                           
                                           |                                           
Net: uio_out<5>                            |(no matching net)                          
  sky130_fd_pr__pfet_01v8_hvt/(1|3) = 1    |                                           
  sky130_fd_pr__nfet_01v8/(1|3) = 1        |                                           
                                           |                                           
Net: digital_0.load_slew15.X               |(no matching net)                          
  sky130_fd_pr__nfet_01v8/2 = 7            |                                           
  sky130_fd_pr__pfet_01v8_hvt/2 = 7        |                                           
  sky130_fd_pr__nfet_01v8/(1|3) = 1        |                                           
  sky130_fd_pr__pfet_01v8_hvt/(1|3) = 1    |                                           
                                           |                                           
Net: digital_0.clkload0.A                  |(no matching net)                          
  sky130_fd_pr__nfet_01v8/(1|3) = 1        |                                           
  sky130_fd_pr__pfet_01v8_hvt/2 = 7        |                                           
  sky130_fd_pr__pfet_01v8_hvt/(1|3) = 1    |                                           
  sky130_fd_pr__nfet_01v8/2 = 7            |                                           
                                           |                                           
Net: digital_0._116_.Q                     |(no matching net)                          
  sky130_fd_pr__nfet_01v8/2 = 10           |                                           
  sky130_fd_pr__pfet_01v8_hvt/2 = 10       |                                           
  sky130_fd_pr__pfet_01v8_hvt/(1|3) = 1    |                                           
  sky130_fd_pr__nfet_01v8/(1|3) = 1        |                                           
                                           |                                           
Net: a_6575_1868#                          |(no matching net)                          
  sky130_fd_pr__pfet_01v8_hvt/(1|3) = 3    |                                           
                                           |                                           
Net: a_11746_2778#                         |(no matching net)                          
  sky130_fd_pr__pfet_01v8_hvt/(1|3) = 3    |                                           
                                           |                                           
Net: a_12512_5132#                         |(no matching net)                          
  sky130_fd_pr__pfet_01v8_hvt/(1|3) = 3    |                                           
                                           |                                           
Net: a_7385_3750#                          |(no matching net)                          
  sky130_fd_pr__pfet_01v8_hvt/(1|3) = 3    |                                           
                                           |                                           
Net: a_14874_5132#                         |(no matching net)                          
  sky130_fd_pr__pfet_01v8_hvt/(1|3) = 3    |                                           
                                           |                                           
Net: a_4294_2956#                          |(no matching net)                          
  sky130_fd_pr__pfet_01v8_hvt/(1|3) = 3    |                                           
                                           |                                           
Net: a_11562_4954#                         |(no matching net)                          
  sky130_fd_pr__pfet_01v8_hvt/(1|3) = 3    |                                           
                                           |                                           
Net: a_4938_5132#                          |(no matching net)                          
  sky130_fd_pr__pfet_01v8_hvt/(1|3) = 3    |                                           
                                           |                                           
Net: a_12114_4044#                         |(no matching net)                          
  sky130_fd_pr__pfet_01v8_hvt/(1|3) = 3    |                                           
                                           |                                           
Net: a_6226_3866#                          |(no matching net)                          
  sky130_fd_pr__pfet_01v8_hvt/(1|3) = 3    |                                           
                                           |                                           
Net: a_14046_2956#                         |(no matching net)                          
  sky130_fd_pr__pfet_01v8_hvt/(1|3) = 3    |                                           
                                           |                                           
Net: a_11433_5132#                         |(no matching net)                          
  sky130_fd_pr__pfet_01v8_hvt/(1|3) = 3    |                                           
                                           |                                           
Net: a_6226_2778#                          |(no matching net)                          
  sky130_fd_pr__pfet_01v8_hvt/(1|3) = 3    |                                           
                                           |                                           
Net: a_14165_1868#                         |(no matching net)                          
  sky130_fd_pr__pfet_01v8_hvt/(1|3) = 3    |                                           
                                           |                                           
Net: a_11773_1868#                         |(no matching net)                          
  sky130_fd_pr__pfet_01v8_hvt/(1|3) = 3    |                                           
                                           |                                           
Net: a_14349_4954#                         |(no matching net)                          
  sky130_fd_pr__pfet_01v8_hvt/(1|3) = 3    |                                           
                                           |                                           
Net: a_11592_2956#                         |(no matching net)                          
  sky130_fd_pr__pfet_01v8_hvt/(1|3) = 3    |                                           
                                           |                                           
Net: a_8986_1868#                          |(no matching net)                          
  sky130_fd_pr__pfet_01v8_hvt/(1|3) = 3    |                                           
                                           |                                           
Net: a_8434_5132#                          |(no matching net)                          
  sky130_fd_pr__pfet_01v8_hvt/(1|3) = 3    |                                           
                                           |                                           
Net: a_13348_1574#                         |(no matching net)                          
  sky130_fd_pr__pfet_01v8_hvt/(1|3) = 3    |                                           
                                           |                                           
Net: a_9722_2778#                          |(no matching net)                          
  sky130_fd_pr__pfet_01v8_hvt/(1|3) = 3    |                                           
                                           |                                           
Net: a_8986_4044#                          |(no matching net)                          
  sky130_fd_pr__pfet_01v8_hvt/(1|3) = 3    |                                           
                                           |                                           
Net: a_4846_1868#                          |(no matching net)                          
  sky130_fd_pr__pfet_01v8_hvt/(1|3) = 3    |                                           
                                           |                                           
Net: a_14598_4044#                         |(no matching net)                          
  sky130_fd_pr__pfet_01v8_hvt/(1|3) = 3    |                                           
                                           |                                           
Net: a_6778_4954#                          |(no matching net)                          
  sky130_fd_pr__pfet_01v8_hvt/(1|3) = 3    |                                           
                                           |                                           
Net: ui_in<0>                              |(no matching net)                          
  sky130_fd_pr__diode_pw2nd_05v5/2 = 1     |                                           
  sky130_fd_pr__nfet_01v8/2 = 1            |                                           
  sky130_fd_pr__pfet_01v8_hvt/2 = 1        |                                           
                                           |                                           
Net: a_8573_4588#                          |(no matching net)                          
  sky130_fd_pr__nfet_01v8/(1|3) = 3        |                                           
                                           |                                           
Net: a_8793_4562#                          |(no matching net)                          
  sky130_fd_pr__pfet_01v8_hvt/2 = 1        |                                           
  sky130_fd_pr__pfet_01v8_hvt/(1|3) = 2    |                                           
  sky130_fd_pr__nfet_01v8/(1|3) = 1        |                                           
  sky130_fd_pr__nfet_01v8/2 = 1            |                                           
                                           |                                           
Net: a_8739_4910#                          |(no matching net)                          
  sky130_fd_pr__pfet_01v8_hvt/(1|3) = 2    |                                           
  sky130_fd_pr__nfet_01v8/2 = 1            |                                           
  sky130_fd_pr__pfet_01v8_hvt/2 = 1        |                                           
  sky130_fd_pr__nfet_01v8/(1|3) = 1        |                                           
                                           |                                           
Net: a_14350_2386#                         |(no matching net)                          
  sky130_fd_pr__pfet_01v8_hvt/(1|3) = 2    |                                           
  sky130_fd_pr__nfet_01v8/(1|3) = 1        |                                           
  sky130_fd_pr__nfet_01v8/2 = 1            |                                           
  sky130_fd_pr__pfet_01v8_hvt/2 = 1        |                                           
                                           |                                           
Net: a_7547_4018#                          |(no matching net)                          
  sky130_fd_pr__pfet_01v8_hvt/(1|3) = 2    |                                           
  sky130_fd_pr__pfet_01v8_hvt/2 = 1        |                                           
  sky130_fd_pr__nfet_01v8/2 = 1            |                                           
  sky130_fd_pr__nfet_01v8/(1|3) = 1        |                                           
                                           |                                           
Net: a_6075_1842#                          |(no matching net)                          
  sky130_fd_pr__pfet_01v8_hvt/(1|3) = 2    |                                           
  sky130_fd_pr__nfet_01v8/2 = 1            |                                           
  sky130_fd_pr__pfet_01v8_hvt/2 = 1        |                                           
  sky130_fd_pr__nfet_01v8/(1|3) = 1        |                                           
                                           |                                           
Net: a_7871_4616#                          |(no matching net)                          
  sky130_fd_pr__nfet_01v8/2 = 1            |                                           
  sky130_fd_pr__pfet_01v8_hvt/(1|3) = 2    |                                           
  sky130_fd_pr__pfet_01v8_hvt/2 = 1        |                                           
  sky130_fd_pr__nfet_01v8/(1|3) = 1        |                                           
                                           |                                           
Net: a_9862_1690#                          |(no matching net)                          
  sky130_fd_pr__pfet_01v8_hvt/2 = 1        |                                           
  sky130_fd_pr__pfet_01v8_hvt/(1|3) = 2    |                                           
  sky130_fd_pr__nfet_01v8/2 = 1            |                                           
  sky130_fd_pr__nfet_01v8/(1|3) = 1        |                                           
                                           |                                           
Net: a_15507_3528#                         |(no matching net)                          
  sky130_fd_pr__pfet_01v8_hvt/2 = 1        |                                           
  sky130_fd_pr__pfet_01v8_hvt/(1|3) = 2    |                                           
  sky130_fd_pr__nfet_01v8/(1|3) = 1        |                                           
  sky130_fd_pr__nfet_01v8/2 = 1            |                                           
                                           |                                           
Net: digital_0._113_.D                     |(no matching net)                          
  sky130_fd_pr__nfet_01v8/(1|3) = 2        |                                           
  sky130_fd_pr__nfet_01v8/2 = 1            |                                           
  sky130_fd_pr__pfet_01v8_hvt/(1|3) = 1    |                                           
  sky130_fd_pr__pfet_01v8_hvt/2 = 1        |                                           
                                           |                                           
Net: a_6631_1842#                          |(no matching net)                          
  sky130_fd_pr__nfet_01v8/2 = 1            |                                           
  sky130_fd_pr__nfet_01v8/(1|3) = 2        |                                           
  sky130_fd_pr__pfet_01v8_hvt/2 = 1        |                                           
  sky130_fd_pr__pfet_01v8_hvt/(1|3) = 1    |                                           
                                           |                                           
Net: a_12154_5452#                         |(no matching net)                          
  sky130_fd_pr__nfet_01v8/(1|3) = 2        |                                           
  sky130_fd_pr__pfet_01v8_hvt/2 = 1        |                                           
  sky130_fd_pr__nfet_01v8/2 = 1            |                                           
  sky130_fd_pr__pfet_01v8_hvt/(1|3) = 1    |                                           
                                           |                                           
Net: digital_0._108_.D                     |(no matching net)                          
  sky130_fd_pr__pfet_01v8_hvt/(1|3) = 1    |                                           
  sky130_fd_pr__nfet_01v8/(1|3) = 2        |                                           
  sky130_fd_pr__nfet_01v8/2 = 1            |                                           
  sky130_fd_pr__pfet_01v8_hvt/2 = 1        |                                           
                                           |                                           
Net: a_8389_3276#                          |(no matching net)                          
  sky130_fd_pr__nfet_01v8/2 = 1            |                                           
  sky130_fd_pr__nfet_01v8/(1|3) = 2        |                                           
  sky130_fd_pr__pfet_01v8_hvt/2 = 1        |                                           
  sky130_fd_pr__pfet_01v8_hvt/(1|3) = 1    |                                           
                                           |                                           
Net: digital_0._109_.D                     |(no matching net)                          
  sky130_fd_pr__nfet_01v8/2 = 1            |                                           
  sky130_fd_pr__pfet_01v8_hvt/2 = 1        |                                           
  sky130_fd_pr__nfet_01v8/(1|3) = 2        |                                           
  sky130_fd_pr__pfet_01v8_hvt/(1|3) = 1    |                                           
                                           |                                           
Net: digital_0._112_.D                     |(no matching net)                          
  sky130_fd_pr__pfet_01v8_hvt/(1|3) = 1    |                                           
  sky130_fd_pr__nfet_01v8/(1|3) = 2        |                                           
  sky130_fd_pr__pfet_01v8_hvt/2 = 1        |                                           
  sky130_fd_pr__nfet_01v8/2 = 1            |                                           
                                           |                                           
Net: a_13042_1476#                         |(no matching net)                          
  sky130_fd_pr__nfet_01v8/2 = 1            |                                           
  sky130_fd_pr__nfet_01v8/(1|3) = 2        |                                           
  sky130_fd_pr__pfet_01v8_hvt/(1|3) = 1    |                                           
  sky130_fd_pr__pfet_01v8_hvt/2 = 1        |                                           
                                           |                                           
Net: digital_0._067_.B                     |(no matching net)                          
  sky130_fd_pr__nfet_01v8/(1|3) = 2        |                                           
  sky130_fd_pr__nfet_01v8/2 = 1            |                                           
  sky130_fd_pr__pfet_01v8_hvt/(1|3) = 1    |                                           
  sky130_fd_pr__pfet_01v8_hvt/2 = 1        |                                           
                                           |                                           
Net: digital_0._110_.D                     |(no matching net)                          
  sky130_fd_pr__nfet_01v8/(1|3) = 2        |                                           
  sky130_fd_pr__pfet_01v8_hvt/2 = 1        |                                           
  sky130_fd_pr__pfet_01v8_hvt/(1|3) = 1    |                                           
  sky130_fd_pr__nfet_01v8/2 = 1            |                                           
                                           |                                           
Net: digital_0._115_.D                     |(no matching net)                          
  sky130_fd_pr__nfet_01v8/(1|3) = 2        |                                           
  sky130_fd_pr__pfet_01v8_hvt/(1|3) = 1    |                                           
  sky130_fd_pr__pfet_01v8_hvt/2 = 1        |                                           
  sky130_fd_pr__nfet_01v8/2 = 1            |                                           
                                           |                                           
Net: a_11234_3276#                         |(no matching net)                          
  sky130_fd_pr__nfet_01v8/2 = 1            |                                           
  sky130_fd_pr__nfet_01v8/(1|3) = 2        |                                           
  sky130_fd_pr__pfet_01v8_hvt/(1|3) = 1    |                                           
  sky130_fd_pr__pfet_01v8_hvt/2 = 1        |                                           
                                           |                                           
Net: a_8389_2956#                          |(no matching net)                          
  sky130_fd_pr__pfet_01v8_hvt/(1|3) = 5    |                                           
                                           |                                           
Net: digital_0.hold28.A                    |(no matching net)                          
  sky130_fd_pr__pfet_01v8_hvt/2 = 17       |                                           
  sky130_fd_pr__nfet_01v8/2 = 17           |                                           
  sky130_fd_pr__nfet_01v8/(1|3) = 1        |                                           
  sky130_fd_pr__pfet_01v8_hvt/(1|3) = 1    |                                           
                                           |                                           
Net: a_5925_2554#                          |(no matching net)                          
  sky130_fd_pr__special_nfet_01v8/2 = 2    |                                           
  sky130_fd_pr__pfet_01v8_hvt/(1|3) = 1    |                                           
  sky130_fd_pr__pfet_01v8_hvt/2 = 3        |                                           
  sky130_fd_pr__nfet_01v8/(1|3) = 1        |                                           
  sky130_fd_pr__nfet_01v8/2 = 1            |                                           
                                           |                                           
Net: a_13541_1874#                         |(no matching net)                          
  sky130_fd_pr__special_nfet_01v8/2 = 2    |                                           
  sky130_fd_pr__pfet_01v8_hvt/2 = 3        |                                           
  sky130_fd_pr__nfet_01v8/2 = 1            |                                           
  sky130_fd_pr__pfet_01v8_hvt/(1|3) = 1    |                                           
  sky130_fd_pr__nfet_01v8/(1|3) = 1        |                                           
                                           |                                           
Net: a_11445_2554#                         |(no matching net)                          
  sky130_fd_pr__pfet_01v8_hvt/2 = 3        |                                           
  sky130_fd_pr__special_nfet_01v8/2 = 2    |                                           
  sky130_fd_pr__pfet_01v8_hvt/(1|3) = 1    |                                           
  sky130_fd_pr__nfet_01v8/2 = 1            |                                           
  sky130_fd_pr__nfet_01v8/(1|3) = 1        |                                           
                                           |                                           
Net: a_13745_3198#                         |(no matching net)                          
  sky130_fd_pr__nfet_01v8/(1|3) = 1        |                                           
  sky130_fd_pr__special_nfet_01v8/2 = 2    |                                           
  sky130_fd_pr__pfet_01v8_hvt/2 = 3        |                                           
  sky130_fd_pr__nfet_01v8/2 = 1            |                                           
  sky130_fd_pr__pfet_01v8_hvt/(1|3) = 1    |                                           
                                           |                                           
Net: a_8133_5374#                          |(no matching net)                          
  sky130_fd_pr__special_nfet_01v8/2 = 2    |                                           
  sky130_fd_pr__pfet_01v8_hvt/(1|3) = 1    |                                           
  sky130_fd_pr__nfet_01v8/2 = 1            |                                           
  sky130_fd_pr__nfet_01v8/(1|3) = 1        |                                           
  sky130_fd_pr__pfet_01v8_hvt/2 = 3        |                                           
                                           |                                           
Net: a_5925_3642#                          |(no matching net)                          
  sky130_fd_pr__nfet_01v8/2 = 1            |                                           
  sky130_fd_pr__pfet_01v8_hvt/2 = 3        |                                           
  sky130_fd_pr__special_nfet_01v8/2 = 2    |                                           
  sky130_fd_pr__pfet_01v8_hvt/(1|3) = 1    |                                           
  sky130_fd_pr__nfet_01v8/(1|3) = 1        |                                           
                                           |                                           
Net: a_14297_4286#                         |(no matching net)                          
  sky130_fd_pr__pfet_01v8_hvt/(1|3) = 1    |                                           
  sky130_fd_pr__nfet_01v8/(1|3) = 1        |                                           
  sky130_fd_pr__special_nfet_01v8/2 = 2    |                                           
  sky130_fd_pr__pfet_01v8_hvt/2 = 3        |                                           
  sky130_fd_pr__nfet_01v8/2 = 1            |                                           
                                           |                                           
Net: a_4545_2110#                          |(no matching net)                          
  sky130_fd_pr__pfet_01v8_hvt/(1|3) = 1    |                                           
  sky130_fd_pr__pfet_01v8_hvt/2 = 3        |                                           
  sky130_fd_pr__nfet_01v8/(1|3) = 1        |                                           
  sky130_fd_pr__special_nfet_01v8/2 = 2    |                                           
  sky130_fd_pr__nfet_01v8/2 = 1            |                                           
                                           |                                           
Net: a_14573_5374#                         |(no matching net)                          
  sky130_fd_pr__pfet_01v8_hvt/2 = 3        |                                           
  sky130_fd_pr__special_nfet_01v8/2 = 2    |                                           
  sky130_fd_pr__nfet_01v8/(1|3) = 1        |                                           
  sky130_fd_pr__pfet_01v8_hvt/(1|3) = 1    |                                           
  sky130_fd_pr__nfet_01v8/2 = 1            |                                           
                                           |                                           
Net: a_3993_3198#                          |(no matching net)                          
  sky130_fd_pr__pfet_01v8_hvt/2 = 3        |                                           
  sky130_fd_pr__special_nfet_01v8/2 = 2    |                                           
  sky130_fd_pr__nfet_01v8/2 = 1            |                                           
  sky130_fd_pr__pfet_01v8_hvt/(1|3) = 1    |                                           
  sky130_fd_pr__nfet_01v8/(1|3) = 1        |                                           
                                           |                                           
Net: a_4637_5374#                          |(no matching net)                          
  sky130_fd_pr__pfet_01v8_hvt/2 = 3        |                                           
  sky130_fd_pr__pfet_01v8_hvt/(1|3) = 1    |                                           
  sky130_fd_pr__nfet_01v8/2 = 1            |                                           
  sky130_fd_pr__special_nfet_01v8/2 = 2    |                                           
  sky130_fd_pr__nfet_01v8/(1|3) = 1        |                                           
                                           |                                           
Net: a_11149_1874#                         |(no matching net)                          
  sky130_fd_pr__nfet_01v8/(1|3) = 1        |                                           
  sky130_fd_pr__pfet_01v8_hvt/2 = 3        |                                           
  sky130_fd_pr__special_nfet_01v8/2 = 2    |                                           
  sky130_fd_pr__nfet_01v8/2 = 1            |                                           
  sky130_fd_pr__pfet_01v8_hvt/(1|3) = 1    |                                           
                                           |                                           
Net: a_9421_2554#                          |(no matching net)                          
  sky130_fd_pr__special_nfet_01v8/2 = 2    |                                           
  sky130_fd_pr__nfet_01v8/2 = 1            |                                           
  sky130_fd_pr__pfet_01v8_hvt/(1|3) = 1    |                                           
  sky130_fd_pr__pfet_01v8_hvt/2 = 3        |                                           
  sky130_fd_pr__nfet_01v8/(1|3) = 1        |                                           
                                           |                                           
Net: a_11813_4286#                         |(no matching net)                          
  sky130_fd_pr__pfet_01v8_hvt/2 = 3        |                                           
  sky130_fd_pr__special_nfet_01v8/2 = 2    |                                           
  sky130_fd_pr__nfet_01v8/2 = 1            |                                           
  sky130_fd_pr__pfet_01v8_hvt/(1|3) = 1    |                                           
  sky130_fd_pr__nfet_01v8/(1|3) = 1        |                                           
                                           |                                           
Net: a_11261_4730#                         |(no matching net)                          
  sky130_fd_pr__pfet_01v8_hvt/(1|3) = 1    |                                           
  sky130_fd_pr__pfet_01v8_hvt/2 = 3        |                                           
  sky130_fd_pr__nfet_01v8/(1|3) = 1        |                                           
  sky130_fd_pr__special_nfet_01v8/2 = 2    |                                           
  sky130_fd_pr__nfet_01v8/2 = 1            |                                           
                                           |                                           
Net: a_6477_4730#                          |(no matching net)                          
  sky130_fd_pr__nfet_01v8/2 = 1            |                                           
  sky130_fd_pr__pfet_01v8_hvt/(1|3) = 1    |                                           
  sky130_fd_pr__pfet_01v8_hvt/2 = 3        |                                           
  sky130_fd_pr__nfet_01v8/(1|3) = 1        |                                           
  sky130_fd_pr__special_nfet_01v8/2 = 2    |                                           
                                           |                                           
Net: a_8685_2110#                          |(no matching net)                          
  sky130_fd_pr__nfet_01v8/(1|3) = 1        |                                           
  sky130_fd_pr__pfet_01v8_hvt/2 = 3        |                                           
  sky130_fd_pr__special_nfet_01v8/2 = 2    |                                           
  sky130_fd_pr__nfet_01v8/2 = 1            |                                           
  sky130_fd_pr__pfet_01v8_hvt/(1|3) = 1    |                                           
                                           |                                           
Net: a_13725_4588#                         |(no matching net)                          
  sky130_fd_pr__pfet_01v8_hvt/2 = 3        |                                           
  sky130_fd_pr__special_nfet_01v8/2 = 2    |                                           
  sky130_fd_pr__nfet_01v8/2 = 1            |                                           
  sky130_fd_pr__pfet_01v8_hvt/(1|3) = 1    |                                           
  sky130_fd_pr__nfet_01v8/(1|3) = 1        |                                           
                                           |                                           
Net: a_8685_4286#                          |(no matching net)                          
  sky130_fd_pr__special_nfet_01v8/2 = 2    |                                           
  sky130_fd_pr__pfet_01v8_hvt/2 = 3        |                                           
  sky130_fd_pr__nfet_01v8/2 = 1            |                                           
  sky130_fd_pr__pfet_01v8_hvt/(1|3) = 1    |                                           
  sky130_fd_pr__nfet_01v8/(1|3) = 1        |                                           
                                           |                                           
Net: digital_0._063_.A                     |(no matching net)                          
  sky130_fd_pr__pfet_01v8_hvt/2 = 3        |                                           
  sky130_fd_pr__nfet_01v8/(1|3) = 1        |                                           
  sky130_fd_pr__nfet_01v8/2 = 3            |                                           
  sky130_fd_pr__pfet_01v8_hvt/(1|3) = 1    |                                           
                                           |                                           
Net: digital_0._111_.Q                     |(no matching net)                          
  sky130_fd_pr__pfet_01v8_hvt/2 = 3        |                                           
  sky130_fd_pr__pfet_01v8_hvt/(1|3) = 1    |                                           
  sky130_fd_pr__nfet_01v8/2 = 3            |                                           
  sky130_fd_pr__nfet_01v8/(1|3) = 1        |                                           
                                           |                                           
Net: digital_0._109_.Q                     |(no matching net)                          
  sky130_fd_pr__nfet_01v8/(1|3) = 1        |                                           
  sky130_fd_pr__pfet_01v8_hvt/(1|3) = 1    |                                           
  sky130_fd_pr__nfet_01v8/2 = 3            |                                           
  sky130_fd_pr__pfet_01v8_hvt/2 = 3        |                                           
                                           |                                           
Net: digital_0._060_.A_N                   |(no matching net)                          
  sky130_fd_pr__pfet_01v8_hvt/2 = 3        |                                           
  sky130_fd_pr__nfet_01v8/(1|3) = 1        |                                           
  sky130_fd_pr__nfet_01v8/2 = 3            |                                           
  sky130_fd_pr__pfet_01v8_hvt/(1|3) = 1    |                                           
                                           |                                           
Net: digital_0._115_.Q                     |(no matching net)                          
  sky130_fd_pr__pfet_01v8_hvt/2 = 3        |                                           
  sky130_fd_pr__nfet_01v8/(1|3) = 1        |                                           
  sky130_fd_pr__nfet_01v8/2 = 3            |                                           
  sky130_fd_pr__pfet_01v8_hvt/(1|3) = 1    |                                           
                                           |                                           
Net: digital_0._114_.Q                     |(no matching net)                          
  sky130_fd_pr__nfet_01v8/(1|3) = 1        |                                           
  sky130_fd_pr__pfet_01v8_hvt/2 = 3        |                                           
  sky130_fd_pr__pfet_01v8_hvt/(1|3) = 1    |                                           
  sky130_fd_pr__nfet_01v8/2 = 3            |                                           
                                           |                                           
Net: a_14174_2412#                         |(no matching net)                          
  sky130_fd_pr__pfet_01v8_hvt/(1|3) = 2    |                                           
  sky130_fd_pr__nfet_01v8/2 = 2            |                                           
  sky130_fd_pr__special_nfet_01v8/(1|3) =  |                                           
  sky130_fd_pr__pfet_01v8_hvt/2 = 2        |                                           
                                           |                                           
Net: a_13725_2412#                         |(no matching net)                          
  sky130_fd_pr__pfet_01v8_hvt/(1|3) = 1    |                                           
  sky130_fd_pr__pfet_01v8_hvt/2 = 3        |                                           
  sky130_fd_pr__nfet_01v8/(1|3) = 1        |                                           
  sky130_fd_pr__special_nfet_01v8/2 = 1    |                                           
  sky130_fd_pr__nfet_01v8/2 = 2            |                                           
                                           |                                           
Net: digital_0._108_.Q                     |(no matching net)                          
  sky130_fd_pr__pfet_01v8_hvt/2 = 5        |                                           
  sky130_fd_pr__nfet_01v8/2 = 6            |                                           
  sky130_fd_pr__pfet_01v8_hvt/(1|3) = 1    |                                           
  sky130_fd_pr__nfet_01v8/(1|3) = 1        |                                           
                                           |                                           
Net: digital_0._065_.A2_N                  |(no matching net)                          
  sky130_fd_pr__pfet_01v8_hvt/2 = 5        |                                           
  sky130_fd_pr__nfet_01v8/2 = 6            |                                           
  sky130_fd_pr__pfet_01v8_hvt/(1|3) = 1    |                                           
  sky130_fd_pr__nfet_01v8/(1|3) = 1        |                                           
                                           |                                           
Net: digital_0._069_.A                     |(no matching net)                          
  sky130_fd_pr__pfet_01v8_hvt/2 = 8        |                                           
  sky130_fd_pr__nfet_01v8/2 = 9            |                                           
  sky130_fd_pr__pfet_01v8_hvt/(1|3) = 1    |                                           
  sky130_fd_pr__nfet_01v8/(1|3) = 1        |                                           
                                           |                                           
Net: digital_0.output13.A                  |(no matching net)                          
  sky130_fd_pr__nfet_01v8/2 = 7            |                                           
  sky130_fd_pr__pfet_01v8_hvt/(1|3) = 1    |                                           
  sky130_fd_pr__pfet_01v8_hvt/2 = 6        |                                           
  sky130_fd_pr__nfet_01v8/(1|3) = 1        |                                           
                                           |                                           
Net: digital_0._110_.Q                     |(no matching net)                          
  sky130_fd_pr__pfet_01v8_hvt/(1|3) = 1    |                                           
  sky130_fd_pr__nfet_01v8/2 = 4            |                                           
  sky130_fd_pr__pfet_01v8_hvt/2 = 4        |                                           
  sky130_fd_pr__nfet_01v8/(1|3) = 1        |                                           
                                           |                                           
Net: digital_0.load_slew15.A               |(no matching net)                          
  sky130_fd_pr__pfet_01v8_hvt/2 = 4        |                                           
  sky130_fd_pr__pfet_01v8_hvt/(1|3) = 1    |                                           
  sky130_fd_pr__nfet_01v8/2 = 4            |                                           
  sky130_fd_pr__nfet_01v8/(1|3) = 1        |                                           
                                           |                                           
Net: uo_out<0>                             |(no matching net)                          
  sky130_fd_pr__pfet_01v8/2 = 2            |                                           
  sky130_fd_pr__pfet_01v8/(1|3) = 2        |                                           
  sky130_fd_pr__pfet_01v8_hvt/2 = 1        |                                           
  sky130_fd_pr__nfet_01v8/2 = 3            |                                           
  sky130_fd_pr__nfet_01v8/(1|3) = 2        |                                           
                                           |                                           
Net: a_14726_2778#                         |(no matching net)                          
  sky130_fd_pr__pfet_01v8_hvt/(1|3) = 3    |                                           
  sky130_fd_pr__nfet_01v8/2 = 2            |                                           
  sky130_fd_pr__pfet_01v8_hvt/2 = 2        |                                           
  sky130_fd_pr__nfet_01v8/(1|3) = 2        |                                           
                                           |                                           
Net: digital_0.input1.X                    |(no matching net)                          
  sky130_fd_pr__pfet_01v8_hvt/2 = 8        |                                           
  sky130_fd_pr__nfet_01v8/2 = 8            |                                           
  sky130_fd_pr__pfet_01v8_hvt/(1|3) = 1    |                                           
  sky130_fd_pr__nfet_01v8/(1|3) = 1        |                                           
---------------------------------------------------------------------------------------
DEVICE mismatches: Class fragments follow (with node fanout counts):
Circuit 1: tt_um_lelo_gr01_analogicus      |Circuit 2: tt_um_lelo_gr01_analogicus      

---------------------------------------------------------------------------------------
Instance: sky130_fd_pr__pfet_01v8_hvt:0    |Instance: JNWTR_TAPCELLB_CV:8/JNWTR_NCHDL: 
  (1,3) = (1045,6)                         |  (1,3) = (90,90)                          
  2 = 7                                    |  2 = 90                                   
  4 = 1045                                 |  4 = 90                                   
                                           |                                           
Instance: sky130_fd_pr__pfet_01v8_hvt:2    |(no matching instance)                     
  (1,3) = (1045,14)                        |                                           
  2 = 4                                    |                                           
  4 = 1045                                 |                                           
                                           |                                           
                                           |                                           
Instance: sky130_fd_pr__pfet_01v8_hvt:10   |(no matching instance)                     
  (1,3) = (1045,5)                         |                                           
  2 = 5                                    |                                           
  4 = 1045                                 |                                           
                                           |                                           
                                           |                                           
Instance: sky130_fd_pr__pfet_01v8_hvt:11   |(no matching instance)                     
  (1,3) = (1045,2)                         |                                           
  2 = 36                                   |                                           
  4 = 1045                                 |                                           
                                           |                                           
                                           |                                           
Instance: sky130_fd_pr__pfet_01v8_hvt:17   |(no matching instance)                     
  (1,3) = (1045,6)                         |                                           
  2 = 6                                    |                                           
  4 = 1045                                 |                                           
                                           |                                           
                                           |                                           
Instance: sky130_fd_pr__pfet_01v8_hvt:21   |(no matching instance)                     
  (1,3) = (1045,2)                         |                                           
  2 = 7                                    |                                           
  4 = 1045                                 |                                           
                                           |                                           
                                           |                                           
Instance: sky130_fd_pr__pfet_01v8_hvt:23   |(no matching instance)                     
  (1,3) = (1045,4)                         |                                           
  2 = 4                                    |                                           
  4 = 1045                                 |                                           
                                           |                                           
                                           |                                           
Instance: sky130_fd_pr__pfet_01v8_hvt:25   |(no matching instance)                     
  (1,3) = (1045,4)                         |                                           
  2 = 6                                    |                                           
  4 = 1045                                 |                                           
                                           |                                           
                                           |                                           
Instance: sky130_fd_pr__pfet_01v8_hvt:26   |(no matching instance)                     
  (1,3) = (1045,6)                         |                                           
  2 = 16                                   |                                           
  4 = 1045                                 |                                           
                                           |                                           
                                           |                                           
Instance: sky130_fd_pr__pfet_01v8_hvt:28   |(no matching instance)                     
  (1,3) = (1045,3)                         |                                           
  2 = 8                                    |                                           
  4 = 1045                                 |                                           
                                           |                                           
                                           |                                           
Instance: sky130_fd_pr__pfet_01v8_hvt:29   |(no matching instance)                     
  (1,3) = (1045,5)                         |                                           
  2 = 6                                    |                                           
  4 = 1045                                 |                                           
                                           |                                           
                                           |                                           
Instance: sky130_fd_pr__pfet_01v8_hvt:30   |(no matching instance)                     
  (1,3) = (1045,5)                         |                                           
  2 = 8                                    |                                           
  4 = 1045                                 |                                           
                                           |                                           
                                           |                                           
Instance: sky130_fd_pr__pfet_01v8_hvt:32   |(no matching instance)                     
  (1,3) = (6,2)                            |                                           
  2 = 4                                    |                                           
  4 = 1045                                 |                                           
                                           |                                           
                                           |                                           
Instance: sky130_fd_pr__pfet_01v8_hvt:39   |(no matching instance)                     
  (1,3) = (1045,12)                        |                                           
  2 = 7                                    |                                           
  4 = 1045                                 |                                           
                                           |                                           
                                           |                                           
Instance: sky130_fd_pr__pfet_01v8_hvt:45   |(no matching instance)                     
  (1,3) = (6,3)                            |                                           
  2 = 8                                    |                                           
  4 = 1045                                 |                                           
                                           |                                           
                                           |                                           
Instance: sky130_fd_pr__pfet_01v8_hvt:50   |(no matching instance)                     
  (1,3) = (1045,4)                         |                                           
  2 = 4                                    |                                           
  4 = 1045                                 |                                           
                                           |                                           
                                           |                                           
Instance: sky130_fd_pr__pfet_01v8_hvt:51   |(no matching instance)                     
  (1,3) = (1045,3)                         |                                           
  2 = 13                                   |                                           
  4 = 1045                                 |                                           
                                           |                                           
                                           |                                           
Instance: sky130_fd_pr__pfet_01v8_hvt:52   |(no matching instance)                     
  (1,3) = (1045,6)                         |                                           
  2 = 7                                    |                                           
  4 = 1045                                 |                                           
                                           |                                           
                                           |                                           
Instance: sky130_fd_pr__pfet_01v8_hvt:56   |(no matching instance)                     
  (1,3) = (1045,4)                         |                                           
  2 = 4                                    |                                           
  4 = 1045                                 |                                           
                                           |                                           
                                           |                                           
Instance: sky130_fd_pr__pfet_01v8_hvt:59   |(no matching instance)                     
  (1,3) = (7,2)                            |                                           
  2 = 14                                   |                                           
  4 = 1045                                 |                                           
                                           |                                           
                                           |                                           
Instance: sky130_fd_pr__pfet_01v8_hvt:61   |(no matching instance)                     
  (1,3) = (1045,1045)                      |                                           
  2 = 1039                                 |                                           
  4 = 1045                                 |                                           
                                           |                                           
                                           |                                           
Instance: sky130_fd_pr__pfet_01v8_hvt:62   |(no matching instance)                     
  (1,3) = (7,2)                            |                                           
  2 = 12                                   |                                           
  4 = 1045                                 |                                           
                                           |                                           
                                           |                                           
Instance: sky130_fd_pr__pfet_01v8_hvt:63   |(no matching instance)                     
  (1,3) = (1045,3)                         |                                           
  2 = 19                                   |                                           
  4 = 1045                                 |                                           
                                           |                                           
                                           |                                           
Instance: sky130_fd_pr__pfet_01v8_hvt:68   |(no matching instance)                     
  (1,3) = (6,4)                            |                                           
  2 = 6                                    |                                           
  4 = 1045                                 |                                           
                                           |                                           
                                           |                                           
Instance: sky130_fd_pr__pfet_01v8_hvt:72   |(no matching instance)                     
  (1,3) = (1045,6)                         |                                           
  2 = 14                                   |                                           
  4 = 1045                                 |                                           
                                           |                                           
                                           |                                           
Instance: sky130_fd_pr__pfet_01v8_hvt:75   |(no matching instance)                     
  (1,3) = (6,3)                            |                                           
  2 = 12                                   |                                           
  4 = 1045                                 |                                           
                                           |                                           
                                           |                                           
Instance: sky130_fd_pr__pfet_01v8_hvt:78   |(no matching instance)                     
  (1,3) = (1045,7)                         |                                           
  2 = 6                                    |                                           
  4 = 1045                                 |                                           
                                           |                                           
                                           |                                           
Instance: sky130_fd_pr__pfet_01v8_hvt:79   |(no matching instance)                     
  (1,3) = (1045,8)                         |                                           
  2 = 14                                   |                                           
  4 = 1045                                 |                                           
                                           |                                           
                                           |                                           
Instance: sky130_fd_pr__pfet_01v8_hvt:85   |(no matching instance)                     
  (1,3) = (1045,5)                         |                                           
  2 = 12                                   |                                           
  4 = 1045                                 |                                           
                                           |                                           
                                           |                                           
Instance: sky130_fd_pr__pfet_01v8_hvt:87   |(no matching instance)                     
  (1,3) = (8,4)                            |                                           
  2 = 6                                    |                                           
  4 = 1045                                 |                                           
                                           |                                           
                                           |                                           
Instance: sky130_fd_pr__pfet_01v8_hvt:95   |(no matching instance)                     
  (1,3) = (1045,2)                         |                                           
  2 = 4                                    |                                           
  4 = 1045                                 |                                           
                                           |                                           
                                           |                                           
Instance: sky130_fd_pr__pfet_01v8_hvt:98   |(no matching instance)                     
  (1,3) = (5,3)                            |                                           
  2 = 5                                    |                                           
  4 = 1045                                 |                                           
                                           |                                           
                                           |                                           
Instance: sky130_fd_pr__pfet_01v8_hvt:102  |(no matching instance)                     
  (1,3) = (9,2)                            |                                           
  2 = 6                                    |                                           
  4 = 1045                                 |                                           
                                           |                                           
                                           |                                           
Instance: sky130_fd_pr__pfet_01v8_hvt:104  |(no matching instance)                     
  (1,3) = (1045,8)                         |                                           
  2 = 16                                   |                                           
  4 = 1045                                 |                                           
                                           |                                           
                                           |                                           
Instance: sky130_fd_pr__pfet_01v8_hvt:111  |(no matching instance)                     
  (1,3) = (6,3)                            |                                           
  2 = 8                                    |                                           
  4 = 1045                                 |                                           
                                           |                                           
                                           |                                           
Instance: sky130_fd_pr__pfet_01v8_hvt:113  |(no matching instance)                     
  (1,3) = (1045,8)                         |                                           
  2 = 14                                   |                                           
  4 = 1045                                 |                                           
                                           |                                           
                                           |                                           
Instance: sky130_fd_pr__pfet_01v8_hvt:114  |(no matching instance)                     
  (1,3) = (6,3)                            |                                           
  2 = 8                                    |                                           
  4 = 1045                                 |                                           
                                           |                                           
                                           |                                           
Instance: sky130_fd_pr__pfet_01v8_hvt:117  |(no matching instance)                     
  (1,3) = (1045,4)                         |                                           
  2 = 5                                    |                                           
  4 = 1045                                 |                                           
                                           |                                           
                                           |                                           
Instance: sky130_fd_pr__pfet_01v8_hvt:123  |(no matching instance)                     
  (1,3) = (5,2)                            |                                           
  2 = 6                                    |                                           
  4 = 1045                                 |                                           
                                           |                                           
                                           |                                           
Instance: sky130_fd_pr__pfet_01v8_hvt:124  |(no matching instance)                     
  (1,3) = (1045,15)                        |                                           
  2 = 7                                    |                                           
  4 = 1045                                 |                                           
                                           |                                           
                                           |                                           
Instance: sky130_fd_pr__pfet_01v8_hvt:127  |(no matching instance)                     
  (1,3) = (1045,7)                         |                                           
  2 = 6                                    |                                           
  4 = 1045                                 |                                           
                                           |                                           
                                           |                                           
Instance: sky130_fd_pr__pfet_01v8_hvt:132  |(no matching instance)                     
  (1,3) = (1045,10)                        |                                           
  2 = 7                                    |                                           
  4 = 1045                                 |                                           
                                           |                                           
                                           |                                           
Instance: sky130_fd_pr__pfet_01v8_hvt:134  |(no matching instance)                     
  (1,3) = (6,4)                            |                                           
  2 = 6                                    |                                           
  4 = 1045                                 |                                           
                                           |                                           
                                           |                                           
Instance: sky130_fd_pr__pfet_01v8_hvt:139  |(no matching instance)                     
  (1,3) = (6,4)                            |                                           
  2 = 6                                    |                                           
  4 = 1045                                 |                                           
                                           |                                           
                                           |                                           
Instance: sky130_fd_pr__pfet_01v8_hvt:143  |(no matching instance)                     
  (1,3) = (1045,8)                         |                                           
  2 = 16                                   |                                           
  4 = 1045                                 |                                           
                                           |                                           
                                           |                                           
Instance: sky130_fd_pr__pfet_01v8_hvt:144  |(no matching instance)                     
  (1,3) = (1045,4)                         |                                           
  2 = 8                                    |                                           
  4 = 1045                                 |                                           
                                           |                                           
                                           |                                           
Instance: sky130_fd_pr__pfet_01v8_hvt:145  |(no matching instance)                     
  (1,3) = (1045,2)                         |                                           
  2 = 36                                   |                                           
  4 = 1045                                 |                                           
                                           |                                           
                                           |                                           
Instance: sky130_fd_pr__pfet_01v8_hvt:148  |(no matching instance)                     
  (1,3) = (1045,8)                         |                                           
  2 = 7                                    |                                           
  4 = 1045                                 |                                           
                                           |                                           
                                           |                                           
Instance: sky130_fd_pr__pfet_01v8_hvt:150  |(no matching instance)                     
  (1,3) = (1045,4)                         |                                           
  2 = 36                                   |                                           
  4 = 1045                                 |                                           
                                           |                                           
                                           |                                           
Instance: sky130_fd_pr__pfet_01v8_hvt:152  |(no matching instance)                     
  (1,3) = (1045,3)                         |                                           
  2 = 7                                    |                                           
  4 = 1045                                 |                                           
                                           |                                           
                                           |                                           
Instance: sky130_fd_pr__pfet_01v8_hvt:158  |(no matching instance)                     
  (1,3) = (1045,16)                        |                                           
  2 = 4                                    |                                           
  4 = 1045                                 |                                           
                                           |                                           
                                           |                                           
Instance: sky130_fd_pr__pfet_01v8_hvt:159  |(no matching instance)                     
  (1,3) = (6,2)                            |                                           
  2 = 4                                    |                                           
  4 = 1045                                 |                                           
                                           |                                           
                                           |                                           
Instance: sky130_fd_pr__pfet_01v8_hvt:160  |(no matching instance)                     
  (1,3) = (6,3)                            |                                           
  2 = 8                                    |                                           
  4 = 1045                                 |                                           
                                           |                                           
                                           |                                           
Instance: sky130_fd_pr__pfet_01v8_hvt:161  |(no matching instance)                     
  (1,3) = (1045,8)                         |                                           
  2 = 7                                    |                                           
  4 = 1045                                 |                                           
                                           |                                           
                                           |                                           
Instance: sky130_fd_pr__pfet_01v8_hvt:163  |(no matching instance)                     
  (1,3) = (1045,2)                         |                                           
  2 = 22                                   |                                           
  4 = 1045                                 |                                           
                                           |                                           
                                           |                                           
Instance: sky130_fd_pr__pfet_01v8_hvt:164  |(no matching instance)                     
  (1,3) = (1045,2)                         |                                           
  2 = 7                                    |                                           
  4 = 1045                                 |                                           
                                           |                                           
                                           |                                           
Instance: sky130_fd_pr__pfet_01v8_hvt:166  |(no matching instance)                     
  (1,3) = (1045,8)                         |                                           
  2 = 18                                   |                                           
  4 = 1045                                 |                                           
                                           |                                           
                                           |                                           
Instance: sky130_fd_pr__pfet_01v8_hvt:176  |(no matching instance)                     
  (1,3) = (6,4)                            |                                           
  2 = 6                                    |                                           
  4 = 1045                                 |                                           
                                           |                                           
                                           |                                           
Instance: sky130_fd_pr__pfet_01v8_hvt:178  |(no matching instance)                     
  (1,3) = (1045,2)                         |                                           
  2 = 8                                    |                                           
  4 = 1045                                 |                                           
                                           |                                           
                                           |                                           
Instance: sky130_fd_pr__pfet_01v8_hvt:180  |(no matching instance)                     
  (1,3) = (1045,4)                         |                                           
  2 = 4                                    |                                           
  4 = 1045                                 |                                           
                                           |                                           
                                           |                                           
Instance: sky130_fd_pr__pfet_01v8_hvt:183  |(no matching instance)                     
  (1,3) = (1045,6)                         |                                           
  2 = 7                                    |                                           
  4 = 1045                                 |                                           
                                           |                                           
                                           |                                           
Instance: sky130_fd_pr__pfet_01v8_hvt:184  |(no matching instance)                     
  (1,3) = (1045,6)                         |                                           
  2 = 16                                   |                                           
  4 = 1045                                 |                                           
                                           |                                           
                                           |                                           
Instance: sky130_fd_pr__pfet_01v8_hvt:185  |(no matching instance)                     
  (1,3) = (1045,2)                         |                                           
  2 = 4                                    |                                           
  4 = 1045                                 |                                           
                                           |                                           
                                           |                                           
Instance: sky130_fd_pr__pfet_01v8_hvt:188  |(no matching instance)                     
  (1,3) = (1045,22)                        |                                           
  2 = 4                                    |                                           
  4 = 1045                                 |                                           
                                           |                                           
                                           |                                           
Instance: sky130_fd_pr__pfet_01v8_hvt:189  |(no matching instance)                     
  (1,3) = (6,2)                            |                                           
  2 = 6                                    |                                           
  4 = 1045                                 |                                           
                                           |                                           
                                           |                                           
Instance: sky130_fd_pr__pfet_01v8_hvt:190  |(no matching instance)                     
  (1,3) = (1045,3)                         |                                           
  2 = 15                                   |                                           
  4 = 1045                                 |                                           
                                           |                                           
                                           |                                           
Instance: sky130_fd_pr__pfet_01v8_hvt:191  |(no matching instance)                     
  (1,3) = (1045,4)                         |                                           
  2 = 4                                    |                                           
  4 = 1045                                 |                                           
                                           |                                           
                                           |                                           
Instance: sky130_fd_pr__pfet_01v8_hvt:194  |(no matching instance)                     
  (1,3) = (1045,6)                         |                                           
  2 = 6                                    |                                           
  4 = 1045                                 |                                           
                                           |                                           
                                           |                                           
Instance: sky130_fd_pr__pfet_01v8_hvt:195  |(no matching instance)                     
  (1,3) = (1045,2)                         |                                           
  2 = 4                                    |                                           
  4 = 1045                                 |                                           
                                           |                                           
                                           |                                           
Instance: sky130_fd_pr__pfet_01v8_hvt:198  |(no matching instance)                     
  (1,3) = (1045,6)                         |                                           
  2 = 4                                    |                                           
  4 = 1045                                 |                                           
                                           |                                           
                                           |                                           
Instance: sky130_fd_pr__pfet_01v8_hvt:202  |(no matching instance)                     
  (1,3) = (1045,9)                         |                                           
  2 = 6                                    |                                           
  4 = 1045                                 |                                           
                                           |                                           
                                           |                                           
Instance: sky130_fd_pr__pfet_01v8_hvt:206  |(no matching instance)                     
  (1,3) = (6,3)                            |                                           
  2 = 8                                    |                                           
  4 = 1045                                 |                                           
                                           |                                           
                                           |                                           
Instance: sky130_fd_pr__pfet_01v8_hvt:207  |(no matching instance)                     
  (1,3) = (1045,3)                         |                                           
  2 = 13                                   |                                           
  4 = 1045                                 |                                           
                                           |                                           
                                           |                                           
Instance: sky130_fd_pr__pfet_01v8_hvt:208  |(no matching instance)                     
  (1,3) = (1045,8)                         |                                           
  2 = 18                                   |                                           
  4 = 1045                                 |                                           
                                           |                                           
                                           |                                           
Instance: sky130_fd_pr__pfet_01v8_hvt:212  |(no matching instance)                     
  (1,3) = (1045,4)                         |                                           
  2 = 6                                    |                                           
  4 = 1045                                 |                                           
                                           |                                           
                                           |                                           
Instance: sky130_fd_pr__pfet_01v8_hvt:214  |(no matching instance)                     
  (1,3) = (1045,3)                         |                                           
  2 = 6                                    |                                           
  4 = 1045                                 |                                           
                                           |                                           
                                           |                                           
Instance: sky130_fd_pr__pfet_01v8_hvt:216  |(no matching instance)                     
  (1,3) = (1045,4)                         |                                           
  2 = 6                                    |                                           
  4 = 1045                                 |                                           
                                           |                                           
                                           |                                           
Instance: sky130_fd_pr__pfet_01v8_hvt:218  |(no matching instance)                     
  (1,3) = (1045,4)                         |                                           
  2 = 4                                    |                                           
  4 = 1045                                 |                                           
                                           |                                           
                                           |                                           
Instance: sky130_fd_pr__pfet_01v8_hvt:220  |(no matching instance)                     
  (1,3) = (6,6)                            |                                           
  2 = 8                                    |                                           
  4 = 1045                                 |                                           
                                           |                                           
                                           |                                           
Instance: sky130_fd_pr__pfet_01v8_hvt:224  |(no matching instance)                     
  (1,3) = (1045,3)                         |                                           
  2 = 6                                    |                                           
  4 = 1045                                 |                                           
                                           |                                           
                                           |                                           
Instance: sky130_fd_pr__pfet_01v8_hvt:232  |(no matching instance)                     
  (1,3) = (6,4)                            |                                           
  2 = 6                                    |                                           
  4 = 1045                                 |                                           
                                           |                                           
                                           |                                           
Instance: sky130_fd_pr__pfet_01v8_hvt:242  |(no matching instance)                     
  (1,3) = (1045,4)                         |                                           
  2 = 4                                    |                                           
  4 = 1045                                 |                                           
                                           |                                           
                                           |                                           
Instance: sky130_fd_pr__pfet_01v8_hvt:243  |(no matching instance)                     
  (1,3) = (1045,6)                         |                                           
  2 = 6                                    |                                           
  4 = 1045                                 |                                           
                                           |                                           
                                           |                                           
Instance: sky130_fd_pr__pfet_01v8_hvt:244  |(no matching instance)                     
  (1,3) = (1045,7)                         |                                           
  2 = 6                                    |                                           
  4 = 1045                                 |                                           
                                           |                                           
                                           |                                           
Instance: sky130_fd_pr__pfet_01v8_hvt:249  |(no matching instance)                     
  (1,3) = (1045,6)                         |                                           
  2 = 8                                    |                                           
  4 = 1045                                 |                                           
                                           |                                           
                                           |                                           
Instance: sky130_fd_pr__pfet_01v8_hvt:255  |(no matching instance)                     
  (1,3) = (1045,6)                         |                                           
  2 = 7                                    |                                           
  4 = 1045                                 |                                           
                                           |                                           
                                           |                                           
Instance: sky130_fd_pr__pfet_01v8_hvt:256  |(no matching instance)                     
  (1,3) = (6,2)                            |                                           
  2 = 6                                    |                                           
  4 = 1045                                 |                                           
                                           |                                           
                                           |                                           
Instance: sky130_fd_pr__pfet_01v8_hvt:257  |(no matching instance)                     
  (1,3) = (1045,3)                         |                                           
  2 = 13                                   |                                           
  4 = 1045                                 |                                           
                                           |                                           
                                           |                                           
Instance: sky130_fd_pr__pfet_01v8_hvt:262  |(no matching instance)                     
  (1,3) = (6,3)                            |                                           
  2 = 8                                    |                                           
  4 = 1045                                 |                                           
                                           |                                           
                                           |                                           
Instance: sky130_fd_pr__pfet_01v8_hvt:265  |(no matching instance)                     
  (1,3) = (1045,4)                         |                                           
  2 = 12                                   |                                           
  4 = 1045                                 |                                           
                                           |                                           
                                           |                                           
Instance: sky130_fd_pr__pfet_01v8_hvt:268  |(no matching instance)                     
  (1,3) = (1045,4)                         |                                           
  2 = 4                                    |                                           
  4 = 1045                                 |                                           
                                           |                                           
                                           |                                           
Instance: sky130_fd_pr__pfet_01v8_hvt:273  |(no matching instance)                     
  (1,3) = (1045,2)                         |                                           
  2 = 6                                    |                                           
  4 = 1045                                 |                                           
                                           |                                           
                                           |                                           
Instance: sky130_fd_pr__pfet_01v8_hvt:274  |(no matching instance)                     
  (1,3) = (1045,6)                         |                                           
  2 = 14                                   |                                           
  4 = 1045                                 |                                           
                                           |                                           
                                           |                                           
Instance: sky130_fd_pr__pfet_01v8_hvt:276  |(no matching instance)                     
  (1,3) = (1045,2)                         |                                           
  2 = 4                                    |                                           
  4 = 1045                                 |                                           
                                           |                                           
                                           |                                           
Instance: sky130_fd_pr__pfet_01v8_hvt:277  |(no matching instance)                     
  (1,3) = (1045,2)                         |                                           
  2 = 7                                    |                                           
  4 = 1045                                 |                                           
                                           |                                           
                                           |                                           
Instance: sky130_fd_pr__pfet_01v8_hvt:279  |(no matching instance)                     
  (1,3) = (1045,6)                         |                                           
  2 = 16                                   |                                           
  4 = 1045                                 |                                           
                                           |                                           
                                           |                                           
Instance: sky130_fd_pr__pfet_01v8_hvt:281  |(no matching instance)                     
  (1,3) = (1045,13)                        |                                           
  2 = 7                                    |                                           
  4 = 1045                                 |                                           
                                           |                                           
                                           |                                           
Instance: sky130_fd_pr__pfet_01v8_hvt:282  |(no matching instance)                     
  (1,3) = (6,4)                            |                                           
  2 = 6                                    |                                           
  4 = 1045                                 |                                           
                                           |                                           
                                           |                                           
Instance: sky130_fd_pr__pfet_01v8_hvt:284  |(no matching instance)                     
  (1,3) = (1045,2)                         |                                           
  2 = 22                                   |                                           
  4 = 1045                                 |                                           
                                           |                                           
                                           |                                           
Instance: sky130_fd_pr__pfet_01v8_hvt:288  |(no matching instance)                     
  (1,3) = (1045,2)                         |                                           
  2 = 36                                   |                                           
  4 = 1045                                 |                                           
                                           |                                           
                                           |                                           
Instance: sky130_fd_pr__pfet_01v8_hvt:290  |(no matching instance)                     
  (1,3) = (1045,5)                         |                                           
  2 = 19                                   |                                           
  4 = 1045                                 |                                           
                                           |                                           
                                           |                                           
Instance: sky130_fd_pr__pfet_01v8_hvt:291  |(no matching instance)                     
  (1,3) = (1045,7)                         |                                           
  2 = 19                                   |                                           
  4 = 1045                                 |                                           
                                           |                                           
                                           |                                           
Instance: sky130_fd_pr__pfet_01v8_hvt:292  |(no matching instance)                     
  (1,3) = (1045,4)                         |                                           
  2 = 4                                    |                                           
  4 = 1045                                 |                                           
                                           |                                           
                                           |                                           
Instance: sky130_fd_pr__pfet_01v8_hvt:293  |(no matching instance)                     
  (1,3) = (1045,4)                         |                                           
  2 = 6                                    |                                           
  4 = 1045                                 |                                           
                                           |                                           
                                           |                                           
Instance: sky130_fd_pr__pfet_01v8_hvt:294  |(no matching instance)                     
  (1,3) = (6,3)                            |                                           
  2 = 8                                    |                                           
  4 = 1045                                 |                                           
                                           |                                           
                                           |                                           
Instance: sky130_fd_pr__pfet_01v8_hvt:297  |(no matching instance)                     
  (1,3) = (1045,2)                         |                                           
  2 = 7                                    |                                           
  4 = 1045                                 |                                           
                                           |                                           
                                           |                                           
Instance: sky130_fd_pr__pfet_01v8_hvt:302  |(no matching instance)                     
  (1,3) = (7,2)                            |                                           
  2 = 6                                    |                                           
  4 = 1045                                 |                                           
                                           |                                           
                                           |                                           
Instance: sky130_fd_pr__pfet_01v8_hvt:304  |(no matching instance)                     
  (1,3) = (1045,4)                         |                                           
  2 = 6                                    |                                           
  4 = 1045                                 |                                           
                                           |                                           
                                           |                                           
Instance: sky130_fd_pr__pfet_01v8_hvt:309  |(no matching instance)                     
  (1,3) = (6,2)                            |                                           
  2 = 4                                    |                                           
  4 = 1045                                 |                                           
                                           |                                           
                                           |                                           
Instance: sky130_fd_pr__pfet_01v8_hvt:314  |(no matching instance)                     
  (1,3) = (1045,3)                         |                                           
  2 = 6                                    |                                           
  4 = 1045                                 |                                           
                                           |                                           
                                           |                                           
Instance: sky130_fd_pr__pfet_01v8_hvt:316  |(no matching instance)                     
  (1,3) = (1045,6)                         |                                           
  2 = 7                                    |                                           
  4 = 1045                                 |                                           
                                           |                                           
                                           |                                           
Instance: sky130_fd_pr__pfet_01v8_hvt:318  |(no matching instance)                     
  (1,3) = (6,4)                            |                                           
  2 = 6                                    |                                           
  4 = 1045                                 |                                           
                                           |                                           
                                           |                                           
Instance: sky130_fd_pr__pfet_01v8_hvt:319  |(no matching instance)                     
  (1,3) = (1045,7)                         |                                           
  2 = 7                                    |                                           
  4 = 1045                                 |                                           
                                           |                                           
                                           |                                           
Instance: sky130_fd_pr__pfet_01v8_hvt:321  |(no matching instance)                     
  (1,3) = (1045,4)                         |                                           
  2 = 4                                    |                                           
  4 = 1045                                 |                                           
                                           |                                           
                                           |                                           
Instance: sky130_fd_pr__pfet_01v8_hvt:322  |(no matching instance)                     
  (1,3) = (7,2)                            |                                           
  2 = 10                                   |                                           
  4 = 1045                                 |                                           
                                           |                                           
                                           |                                           
Instance: sky130_fd_pr__pfet_01v8_hvt:327  |(no matching instance)                     
  (1,3) = (1045,4)                         |                                           
  2 = 4                                    |                                           
  4 = 1045                                 |                                           
                                           |                                           
                                           |                                           
Instance: sky130_fd_pr__pfet_01v8_hvt:332  |(no matching instance)                     
  (1,3) = (6,6)                            |                                           
  2 = 8                                    |                                           
  4 = 1045                                 |                                           
                                           |                                           
                                           |                                           
Instance: sky130_fd_pr__pfet_01v8_hvt:334  |(no matching instance)                     
  (1,3) = (1045,6)                         |                                           
  2 = 12                                   |                                           
  4 = 1045                                 |                                           
                                           |                                           
                                           |                                           
Instance: sky130_fd_pr__pfet_01v8_hvt:338  |(no matching instance)                     
  (1,3) = (1045,7)                         |                                           
  2 = 7                                    |                                           
  4 = 1045                                 |                                           
                                           |                                           
                                           |                                           
Instance: sky130_fd_pr__pfet_01v8_hvt:339  |(no matching instance)                     
  (1,3) = (1045,4)                         |                                           
  2 = 4                                    |                                           
  4 = 1045                                 |                                           
                                           |                                           
                                           |                                           
Instance: sky130_fd_pr__pfet_01v8_hvt:340  |(no matching instance)                     
  (1,3) = (1045,10)                        |                                           
  2 = 4                                    |                                           
  4 = 1045                                 |                                           
                                           |                                           
                                           |                                           
Instance: sky130_fd_pr__pfet_01v8_hvt:341  |(no matching instance)                     
  (1,3) = (1045,19)                        |                                           
  2 = 6                                    |                                           
  4 = 1045                                 |                                           
                                           |                                           
                                           |                                           
Instance: sky130_fd_pr__pfet_01v8_hvt:343  |(no matching instance)                     
  (1,3) = (1045,4)                         |                                           
  2 = 4                                    |                                           
  4 = 1045                                 |                                           
                                           |                                           
                                           |                                           
Instance: sky130_fd_pr__pfet_01v8_hvt:344  |(no matching instance)                     
  (1,3) = (1045,4)                         |                                           
  2 = 4                                    |                                           
  4 = 1045                                 |                                           
                                           |                                           
                                           |                                           
Instance: sky130_fd_pr__pfet_01v8_hvt:345  |(no matching instance)                     
  (1,3) = (1045,8)                         |                                           
  2 = 18                                   |                                           
  4 = 1045                                 |                                           
                                           |                                           
                                           |                                           
Instance: sky130_fd_pr__pfet_01v8_hvt:347  |(no matching instance)                     
  (1,3) = (5,2)                            |                                           
  2 = 8                                    |                                           
  4 = 1045                                 |                                           
                                           |                                           
                                           |                                           
Instance: sky130_fd_pr__pfet_01v8_hvt:348  |(no matching instance)                     
  (1,3) = (1045,2)                         |                                           
  2 = 7                                    |                                           
  4 = 1045                                 |                                           
                                           |                                           
                                           |                                           
Instance: sky130_fd_pr__pfet_01v8_hvt:349  |(no matching instance)                     
  (1,3) = (1045,2)                         |                                           
  2 = 4                                    |                                           
  4 = 1045                                 |                                           
                                           |                                           
                                           |                                           
Instance: sky130_fd_pr__pfet_01v8_hvt:351  |(no matching instance)                     
  (1,3) = (1045,6)                         |                                           
  2 = 15                                   |                                           
  4 = 1045                                 |                                           
                                           |                                           
                                           |                                           
Instance: sky130_fd_pr__pfet_01v8_hvt:352  |(no matching instance)                     
  (1,3) = (1045,2)                         |                                           
  2 = 7                                    |                                           
  4 = 1045                                 |                                           
                                           |                                           
                                           |                                           
Instance: sky130_fd_pr__pfet_01v8_hvt:355  |(no matching instance)                     
  (1,3) = (1045,7)                         |                                           
  2 = 6                                    |                                           
  4 = 1045                                 |                                           
                                           |                                           
                                           |                                           
Instance: sky130_fd_pr__pfet_01v8_hvt:356  |(no matching instance)                     
  (1,3) = (6,2)                            |                                           
  2 = 8                                    |                                           
  4 = 1045                                 |                                           
                                           |                                           
                                           |                                           
Instance: sky130_fd_pr__pfet_01v8_hvt:360  |(no matching instance)                     
  (1,3) = (1045,6)                         |                                           
  2 = 8                                    |                                           
  4 = 1045                                 |                                           
                                           |                                           
                                           |                                           
Instance: sky130_fd_pr__pfet_01v8_hvt:362  |(no matching instance)                     
  (1,3) = (1045,3)                         |                                           
  2 = 6                                    |                                           
  4 = 1045                                 |                                           
                                           |                                           
                                           |                                           
Instance: sky130_fd_pr__pfet_01v8_hvt:366  |(no matching instance)                     
  (1,3) = (1045,6)                         |                                           
  2 = 6                                    |                                           
  4 = 1045                                 |                                           
                                           |                                           
                                           |                                           
Instance: sky130_fd_pr__pfet_01v8_hvt:370  |(no matching instance)                     
  (1,3) = (1045,4)                         |                                           
  2 = 4                                    |                                           
  4 = 1045                                 |                                           
                                           |                                           
                                           |                                           
Instance: sky130_fd_pr__pfet_01v8_hvt:371  |(no matching instance)                     
  (1,3) = (1045,4)                         |                                           
  2 = 4                                    |                                           
  4 = 1045                                 |                                           
                                           |                                           
                                           |                                           
Instance: sky130_fd_pr__pfet_01v8_hvt:373  |(no matching instance)                     
  (1,3) = (6,2)                            |                                           
  2 = 6                                    |                                           
  4 = 1045                                 |                                           
                                           |                                           
                                           |                                           
Instance: sky130_fd_pr__pfet_01v8_hvt:374  |(no matching instance)                     
  (1,3) = (1045,8)                         |                                           
  2 = 16                                   |                                           
  4 = 1045                                 |                                           
                                           |                                           
                                           |                                           
Instance: sky130_fd_pr__pfet_01v8_hvt:401  |(no matching instance)                     
  (1,3) = (1045,2)                         |                                           
  2 = 7                                    |                                           
  4 = 1045                                 |                                           
                                           |                                           
                                           |                                           
Instance: sky130_fd_pr__pfet_01v8_hvt:403  |(no matching instance)                     
  (1,3) = (1045,6)                         |                                           
  2 = 8                                    |                                           
  4 = 1045                                 |                                           
                                           |                                           
                                           |                                           
Instance: sky130_fd_pr__pfet_01v8_hvt:404  |(no matching instance)                     
  (1,3) = (1045,7)                         |                                           
  2 = 6                                    |                                           
  4 = 1045                                 |                                           
                                           |                                           
                                           |                                           
Instance: sky130_fd_pr__pfet_01v8_hvt:406  |(no matching instance)                     
  (1,3) = (6,6)                            |                                           
  2 = 8                                    |                                           
  4 = 1045                                 |                                           
                                           |                                           
                                           |                                           
Instance: sky130_fd_pr__pfet_01v8_hvt:407  |(no matching instance)                     
  (1,3) = (1045,7)                         |                                           
  2 = 6                                    |                                           
  4 = 1045                                 |                                           
                                           |                                           
                                           |                                           
Instance: sky130_fd_pr__pfet_01v8_hvt:408  |(no matching instance)                     
  (1,3) = (1045,3)                         |                                           
  2 = 6                                    |                                           
  4 = 1045                                 |                                           
                                           |                                           
                                           |                                           
Instance: sky130_fd_pr__pfet_01v8_hvt:409  |(no matching instance)                     
  (1,3) = (1045,4)                         |                                           
  2 = 4                                    |                                           
  4 = 1045                                 |                                           
                                           |                                           
                                           |                                           
Instance: sky130_fd_pr__pfet_01v8_hvt:411  |(no matching instance)                     
  (1,3) = (1045,4)                         |                                           
  2 = 9                                    |                                           
  4 = 1045                                 |                                           
                                           |                                           
                                           |                                           
Instance: sky130_fd_pr__pfet_01v8_hvt:413  |(no matching instance)                     
  (1,3) = (1045,4)                         |                                           
  2 = 6                                    |                                           
  4 = 1045                                 |                                           
                                           |                                           
                                           |                                           
Instance: sky130_fd_pr__pfet_01v8_hvt:416  |(no matching instance)                     
  (1,3) = (1045,6)                         |                                           
  2 = 8                                    |                                           
  4 = 1045                                 |                                           
                                           |                                           
                                           |                                           
Instance: sky130_fd_pr__pfet_01v8_hvt:418  |(no matching instance)                     
  (1,3) = (1045,4)                         |                                           
  2 = 5                                    |                                           
  4 = 1045                                 |                                           
                                           |                                           
                                           |                                           
Instance: sky130_fd_pr__pfet_01v8_hvt:421  |(no matching instance)                     
  (1,3) = (1045,8)                         |                                           
  2 = 6                                    |                                           
  4 = 1045                                 |                                           
                                           |                                           
                                           |                                           
Instance: sky130_fd_pr__pfet_01v8_hvt:423  |(no matching instance)                     
  (1,3) = (7,2)                            |                                           
  2 = 10                                   |                                           
  4 = 1045                                 |                                           
                                           |                                           
                                           |                                           
Instance: sky130_fd_pr__pfet_01v8_hvt:430  |(no matching instance)                     
  (1,3) = (1045,2)                         |                                           
  2 = 8                                    |                                           
  4 = 1045                                 |                                           
                                           |                                           
                                           |                                           
Instance: sky130_fd_pr__pfet_01v8_hvt:433  |(no matching instance)                     
  (1,3) = (1045,3)                         |                                           
  2 = 15                                   |                                           
  4 = 1045                                 |                                           
                                           |                                           
                                           |                                           
Instance: sky130_fd_pr__pfet_01v8_hvt:437  |(no matching instance)                     
  (1,3) = (1045,7)                         |                                           
  2 = 13                                   |                                           
  4 = 1045                                 |                                           
                                           |                                           
                                           |                                           
Instance: sky130_fd_pr__pfet_01v8_hvt:438  |(no matching instance)                     
  (1,3) = (1045,2)                         |                                           
  2 = 7                                    |                                           
  4 = 1045                                 |                                           
                                           |                                           
                                           |                                           
Instance: sky130_fd_pr__pfet_01v8_hvt:439  |(no matching instance)                     
  (1,3) = (5,2)                            |                                           
  2 = 6                                    |                                           
  4 = 1045                                 |                                           
                                           |                                           
                                           |                                           
Instance: sky130_fd_pr__pfet_01v8_hvt:440  |(no matching instance)                     
  (1,3) = (1045,4)                         |                                           
  2 = 4                                    |                                           
  4 = 1045                                 |                                           
                                           |                                           
                                           |                                           
Instance: sky130_fd_pr__pfet_01v8_hvt:447  |(no matching instance)                     
  (1,3) = (1045,7)                         |                                           
  2 = 6                                    |                                           
  4 = 1045                                 |                                           
                                           |                                           
                                           |                                           
Instance: sky130_fd_pr__pfet_01v8_hvt:449  |(no matching instance)                     
  (1,3) = (7,2)                            |                                           
  2 = 14                                   |                                           
  4 = 1045                                 |                                           
                                           |                                           
                                           |                                           
Instance: sky130_fd_pr__pfet_01v8_hvt:451  |(no matching instance)                     
  (1,3) = (1045,16)                        |                                           
  2 = 4                                    |                                           
  4 = 1045                                 |                                           
                                           |                                           
                                           |                                           
Instance: sky130_fd_pr__pfet_01v8_hvt:452  |(no matching instance)                     
  (1,3) = (1045,4)                         |                                           
  2 = 6                                    |                                           
  4 = 1045                                 |                                           
                                           |                                           
                                           |                                           
Instance: sky130_fd_pr__pfet_01v8_hvt:458  |(no matching instance)                     
  (1,3) = (6,2)                            |                                           
  2 = 8                                    |                                           
  4 = 1045                                 |                                           
                                           |                                           
                                           |                                           
Instance: sky130_fd_pr__pfet_01v8_hvt:460  |(no matching instance)                     
  (1,3) = (1045,7)                         |                                           
  2 = 6                                    |                                           
  4 = 1045                                 |                                           
                                           |                                           
                                           |                                           
Instance: sky130_fd_pr__pfet_01v8_hvt:463  |(no matching instance)                     
  (1,3) = (1045,6)                         |                                           
  2 = 7                                    |                                           
  4 = 1045                                 |                                           
                                           |                                           
                                           |                                           
Instance: sky130_fd_pr__pfet_01v8_hvt:465  |(no matching instance)                     
  (1,3) = (6,3)                            |                                           
  2 = 8                                    |                                           
  4 = 1045                                 |                                           
                                           |                                           
                                           |                                           
Instance: sky130_fd_pr__pfet_01v8_hvt:470  |(no matching instance)                     
  (1,3) = (1045,7)                         |                                           
  2 = 6                                    |                                           
  4 = 1045                                 |                                           
                                           |                                           
                                           |                                           
Instance: sky130_fd_pr__pfet_01v8_hvt:472  |(no matching instance)                     
  (1,3) = (1045,4)                         |                                           
  2 = 6                                    |                                           
  4 = 1045                                 |                                           
                                           |                                           
                                           |                                           
Instance: sky130_fd_pr__pfet_01v8_hvt:476  |(no matching instance)                     
  (1,3) = (1045,13)                        |                                           
  2 = 5                                    |                                           
  4 = 1045                                 |                                           
                                           |                                           
                                           |                                           
Instance: sky130_fd_pr__pfet_01v8_hvt:479  |(no matching instance)                     
  (1,3) = (1045,3)                         |                                           
  2 = 8                                    |                                           
  4 = 1045                                 |                                           
                                           |                                           
                                           |                                           
Instance: sky130_fd_pr__pfet_01v8_hvt:480  |(no matching instance)                     
  (1,3) = (1045,4)                         |                                           
  2 = 4                                    |                                           
  4 = 1045                                 |                                           
                                           |                                           
                                           |                                           
Instance: sky130_fd_pr__pfet_01v8_hvt:481  |(no matching instance)                     
  (1,3) = (1045,4)                         |                                           
  2 = 6                                    |                                           
  4 = 1045                                 |                                           
                                           |                                           
                                           |                                           
Instance: sky130_fd_pr__pfet_01v8_hvt:483  |(no matching instance)                     
  (1,3) = (1045,4)                         |                                           
  2 = 4                                    |                                           
  4 = 1045                                 |                                           
                                           |                                           
                                           |                                           
Instance: sky130_fd_pr__pfet_01v8_hvt:489  |(no matching instance)                     
  (1,3) = (1045,4)                         |                                           
  2 = 6                                    |                                           
  4 = 1045                                 |                                           
                                           |                                           
                                           |                                           
Instance: sky130_fd_pr__pfet_01v8_hvt:492  |(no matching instance)                     
  (1,3) = (1045,6)                         |                                           
  2 = 8                                    |                                           
  4 = 1045                                 |                                           
                                           |                                           
                                           |                                           
Instance: sky130_fd_pr__pfet_01v8_hvt:493  |(no matching instance)                     
  (1,3) = (1045,2)                         |                                           
  2 = 15                                   |                                           
  4 = 1045                                 |                                           
                                           |                                           
                                           |                                           
Instance: sky130_fd_pr__pfet_01v8_hvt:494  |(no matching instance)                     
  (1,3) = (1045,2)                         |                                           
  2 = 7                                    |                                           
  4 = 1045                                 |                                           
                                           |                                           
                                           |                                           
Instance: sky130_fd_pr__pfet_01v8_hvt:497  |(no matching instance)                     
  (1,3) = (1045,4)                         |                                           
  2 = 5                                    |                                           
  4 = 1045                                 |                                           
                                           |                                           
                                           |                                           
Instance: sky130_fd_pr__pfet_01v8_hvt:499  |(no matching instance)                     
  (1,3) = (1045,6)                         |                                           
  2 = 7                                    |                                           
  4 = 1045                                 |                                           
                                           |                                           
                                           |                                           
Instance: sky130_fd_pr__pfet_01v8_hvt:500  |(no matching instance)                     
  (1,3) = (5,2)                            |                                           
  2 = 8                                    |                                           
  4 = 1045                                 |                                           
                                           |                                           
                                           |                                           
Instance: sky130_fd_pr__pfet_01v8_hvt:504  |(no matching instance)                     
  (1,3) = (1045,3)                         |                                           
  2 = 6                                    |                                           
  4 = 1045                                 |                                           
                                           |                                           
                                           |                                           
Instance: sky130_fd_pr__pfet_01v8_hvt:505  |(no matching instance)                     
  (1,3) = (1045,3)                         |                                           
  2 = 7                                    |                                           
  4 = 1045                                 |                                           
                                           |                                           
                                           |                                           
Instance: sky130_fd_pr__pfet_01v8_hvt:514  |(no matching instance)                     
  (1,3) = (1045,2)                         |                                           
  2 = 4                                    |                                           
  4 = 1045                                 |                                           
                                           |                                           
                                           |                                           
Instance: sky130_fd_pr__pfet_01v8_hvt:515  |(no matching instance)                     
  (1,3) = (1045,7)                         |                                           
  2 = 6                                    |                                           
  4 = 1045                                 |                                           
                                           |                                           
                                           |                                           
Instance: sky130_fd_pr__pfet_01v8_hvt:517  |(no matching instance)                     
  (1,3) = (1045,4)                         |                                           
  2 = 5                                    |                                           
  4 = 1045                                 |                                           
                                           |                                           
                                           |                                           
Instance: sky130_fd_pr__pfet_01v8_hvt:518  |(no matching instance)                     
  (1,3) = (1045,6)                         |                                           
  2 = 8                                    |                                           
  4 = 1045                                 |                                           
                                           |                                           
                                           |                                           
Instance: sky130_fd_pr__pfet_01v8_hvt:521  |(no matching instance)                     
  (1,3) = (6,2)                            |                                           
  2 = 6                                    |                                           
  4 = 1045                                 |                                           
                                           |                                           
                                           |                                           
Instance: sky130_fd_pr__pfet_01v8_hvt:530  |(no matching instance)                     
  (1,3) = (1045,4)                         |                                           
  2 = 4                                    |                                           
  4 = 1045                                 |                                           
                                           |                                           
                                           |                                           
Instance: sky130_fd_pr__pfet_01v8_hvt:532  |(no matching instance)                     
  (1,3) = (1045,4)                         |                                           
  2 = 36                                   |                                           
  4 = 1045                                 |                                           
                                           |                                           
                                           |                                           
Instance: sky130_fd_pr__pfet_01v8_hvt:542  |(no matching instance)                     
  (1,3) = (1045,6)                         |                                           
  2 = 16                                   |                                           
  4 = 1045                                 |                                           
                                           |                                           
                                           |                                           
Instance: sky130_fd_pr__pfet_01v8_hvt:543  |(no matching instance)                     
  (1,3) = (1045,8)                         |                                           
  2 = 7                                    |                                           
  4 = 1045                                 |                                           
                                           |                                           
                                           |                                           
Instance: sky130_fd_pr__pfet_01v8_hvt:544  |(no matching instance)                     
  (1,3) = (6,2)                            |                                           
  2 = 6                                    |                                           
  4 = 1045                                 |                                           
                                           |                                           
                                           |                                           
Instance: sky130_fd_pr__pfet_01v8_hvt:548  |(no matching instance)                     
  (1,3) = (1045,7)                         |                                           
  2 = 7                                    |                                           
  4 = 1045                                 |                                           
                                           |                                           
                                           |                                           
Instance: sky130_fd_pr__pfet_01v8_hvt:549  |(no matching instance)                     
  (1,3) = (1045,6)                         |                                           
  2 = 8                                    |                                           
  4 = 1045                                 |                                           
                                           |                                           
                                           |                                           
Instance: sky130_fd_pr__pfet_01v8_hvt:550  |(no matching instance)                     
  (1,3) = (1045,2)                         |                                           
  2 = 36                                   |                                           
  4 = 1045                                 |                                           
                                           |                                           
                                           |                                           
Instance: sky130_fd_pr__pfet_01v8_hvt:554  |(no matching instance)                     
  (1,3) = (1045,2)                         |                                           
  2 = 10                                   |                                           
  4 = 1045                                 |                                           
                                           |                                           
                                           |                                           
Instance: sky130_fd_pr__pfet_01v8_hvt:556  |(no matching instance)                     
  (1,3) = (1045,3)                         |                                           
  2 = 12                                   |                                           
  4 = 1045                                 |                                           
                                           |                                           
                                           |                                           
Instance: sky130_fd_pr__pfet_01v8_hvt:557  |(no matching instance)                     
  (1,3) = (1045,12)                        |                                           
  2 = 7                                    |                                           
  4 = 1045                                 |                                           
                                           |                                           
                                           |                                           
Instance: sky130_fd_pr__pfet_01v8_hvt:558  |(no matching instance)                     
  (1,3) = (1045,4)                         |                                           
  2 = 6                                    |                                           
  4 = 1045                                 |                                           
                                           |                                           
                                           |                                           
Instance: sky130_fd_pr__pfet_01v8_hvt:559  |(no matching instance)                     
  (1,3) = (1045,4)                         |                                           
  2 = 10                                   |                                           
  4 = 1045                                 |                                           
                                           |                                           
                                           |                                           
Instance: sky130_fd_pr__pfet_01v8_hvt:563  |(no matching instance)                     
  (1,3) = (1045,3)                         |                                           
  2 = 7                                    |                                           
  4 = 1045                                 |                                           
                                           |                                           
                                           |                                           
Instance: sky130_fd_pr__pfet_01v8_hvt:570  |(no matching instance)                     
  (1,3) = (1045,3)                         |                                           
  2 = 6                                    |                                           
  4 = 1045                                 |                                           
                                           |                                           
                                           |                                           
Instance: sky130_fd_pr__pfet_01v8_hvt:571  |(no matching instance)                     
  (1,3) = (1045,4)                         |                                           
  2 = 4                                    |                                           
  4 = 1045                                 |                                           
                                           |                                           
                                           |                                           
Instance: sky130_fd_pr__pfet_01v8_hvt:574  |(no matching instance)                     
  (1,3) = (1045,4)                         |                                           
  2 = 6                                    |                                           
  4 = 1045                                 |                                           
                                           |                                           
                                           |                                           
Instance: sky130_fd_pr__pfet_01v8_hvt:575  |(no matching instance)                     
  (1,3) = (6,2)                            |                                           
  2 = 4                                    |                                           
  4 = 1045                                 |                                           
                                           |                                           
                                           |                                           
Instance: sky130_fd_pr__pfet_01v8_hvt:576  |(no matching instance)                     
  (1,3) = (1045,7)                         |                                           
  2 = 4                                    |                                           
  4 = 1045                                 |                                           
                                           |                                           
                                           |                                           
Instance: sky130_fd_pr__pfet_01v8_hvt:578  |(no matching instance)                     
  (1,3) = (1045,4)                         |                                           
  2 = 4                                    |                                           
  4 = 1045                                 |                                           
                                           |                                           
                                           |                                           
Instance: sky130_fd_pr__pfet_01v8_hvt:579  |(no matching instance)                     
  (1,3) = (1045,5)                         |                                           
  2 = 6                                    |                                           
  4 = 1045                                 |                                           
                                           |                                           
                                           |                                           
Instance: sky130_fd_pr__pfet_01v8_hvt:581  |(no matching instance)                     
  (1,3) = (1045,5)                         |                                           
  2 = 19                                   |                                           
  4 = 1045                                 |                                           
                                           |                                           
                                           |                                           
Instance: sky130_fd_pr__pfet_01v8_hvt:584  |(no matching instance)                     
  (1,3) = (6,3)                            |                                           
  2 = 8                                    |                                           
  4 = 1045                                 |                                           
                                           |                                           
                                           |                                           
Instance: sky130_fd_pr__pfet_01v8_hvt:590  |(no matching instance)                     
  (1,3) = (1045,2)                         |                                           
  2 = 4                                    |                                           
  4 = 1045                                 |                                           
                                           |                                           
                                           |                                           
Instance: sky130_fd_pr__pfet_01v8_hvt:600  |(no matching instance)                     
  (1,3) = (1045,2)                         |                                           
  2 = 22                                   |                                           
  4 = 1045                                 |                                           
                                           |                                           
                                           |                                           
Instance: sky130_fd_pr__pfet_01v8_hvt:601  |(no matching instance)                     
  (1,3) = (1045,5)                         |                                           
  2 = 4                                    |                                           
  4 = 1045                                 |                                           
                                           |                                           
                                           |                                           
Instance: sky130_fd_pr__pfet_01v8_hvt:608  |(no matching instance)                     
  (1,3) = (5,3)                            |                                           
  2 = 4                                    |                                           
  4 = 1045                                 |                                           
                                           |                                           
                                           |                                           
Instance: sky130_fd_pr__pfet_01v8_hvt:609  |(no matching instance)                     
  (1,3) = (1045,4)                         |                                           
  2 = 5                                    |                                           
  4 = 1045                                 |                                           
                                           |                                           
                                           |                                           
Instance: sky130_fd_pr__pfet_01v8_hvt:614  |(no matching instance)                     
  (1,3) = (9,2)                            |                                           
  2 = 8                                    |                                           
  4 = 1045                                 |                                           
                                           |                                           
                                           |                                           
Instance: sky130_fd_pr__pfet_01v8_hvt:619  |(no matching instance)                     
  (1,3) = (1045,4)                         |                                           
  2 = 4                                    |                                           
  4 = 1045                                 |                                           
                                           |                                           
                                           |                                           
Instance: sky130_fd_pr__pfet_01v8_hvt:621  |(no matching instance)                     
  (1,3) = (1045,4)                         |                                           
  2 = 4                                    |                                           
  4 = 1045                                 |                                           
                                           |                                           
                                           |                                           
Instance: sky130_fd_pr__pfet_01v8_hvt:626  |(no matching instance)                     
  (1,3) = (1045,3)                         |                                           
  2 = 6                                    |                                           
  4 = 1045                                 |                                           
                                           |                                           
                                           |                                           
Instance: sky130_fd_pr__pfet_01v8_hvt:628  |(no matching instance)                     
  (1,3) = (6,2)                            |                                           
  2 = 6                                    |                                           
  4 = 1045                                 |                                           
                                           |                                           
                                           |                                           
Instance: sky130_fd_pr__pfet_01v8_hvt:632  |(no matching instance)                     
  (1,3) = (1045,2)                         |                                           
  2 = 4                                    |                                           
  4 = 1045                                 |                                           
                                           |                                           
                                           |                                           
Instance: sky130_fd_pr__pfet_01v8_hvt:636  |(no matching instance)                     
  (1,3) = (1045,2)                         |                                           
  2 = 22                                   |                                           
  4 = 1045                                 |                                           
                                           |                                           
                                           |                                           
Instance: sky130_fd_pr__pfet_01v8_hvt:640  |(no matching instance)                     
  (1,3) = (1045,4)                         |                                           
  2 = 4                                    |                                           
  4 = 1045                                 |                                           
                                           |                                           
                                           |                                           
Instance: sky130_fd_pr__pfet_01v8_hvt:641  |(no matching instance)                     
  (1,3) = (1045,6)                         |                                           
  2 = 6                                    |                                           
  4 = 1045                                 |                                           
                                           |                                           
                                           |                                           
Instance: sky130_fd_pr__pfet_01v8_hvt:642  |(no matching instance)                     
  (1,3) = (1045,2)                         |                                           
  2 = 22                                   |                                           
  4 = 1045                                 |                                           
                                           |                                           
                                           |                                           
Instance: sky130_fd_pr__pfet_01v8_hvt:646  |(no matching instance)                     
  (1,3) = (1045,7)                         |                                           
  2 = 6                                    |                                           
  4 = 1045                                 |                                           
                                           |                                           
                                           |                                           
Instance: sky130_fd_pr__pfet_01v8_hvt:647  |(no matching instance)                     
  (1,3) = (1045,12)                        |                                           
  2 = 4                                    |                                           
  4 = 1045                                 |                                           
                                           |                                           
                                           |                                           
Instance: sky130_fd_pr__pfet_01v8_hvt:648  |(no matching instance)                     
  (1,3) = (1045,6)                         |                                           
  2 = 16                                   |                                           
  4 = 1045                                 |                                           
                                           |                                           
                                           |                                           
Instance: sky130_fd_pr__pfet_01v8_hvt:650  |(no matching instance)                     
  (1,3) = (5,3)                            |                                           
  2 = 5                                    |                                           
  4 = 1045                                 |                                           
                                           |                                           
                                           |                                           
Instance: sky130_fd_pr__pfet_01v8_hvt:661  |(no matching instance)                     
  (1,3) = (1045,2)                         |                                           
  2 = 22                                   |                                           
  4 = 1045                                 |                                           
                                           |                                           
                                           |                                           
Instance: sky130_fd_pr__pfet_01v8_hvt:666  |(no matching instance)                     
  (1,3) = (1045,4)                         |                                           
  2 = 6                                    |                                           
  4 = 1045                                 |                                           
                                           |                                           
                                           |                                           
Instance: sky130_fd_pr__pfet_01v8_hvt:667  |(no matching instance)                     
  (1,3) = (6,6)                            |                                           
  2 = 8                                    |                                           
  4 = 1045                                 |                                           
                                           |                                           
                                           |                                           
Instance: sky130_fd_pr__pfet_01v8_hvt:670  |(no matching instance)                     
  (1,3) = (1045,3)                         |                                           
  2 = 6                                    |                                           
  4 = 1045                                 |                                           
                                           |                                           
                                           |                                           
Instance: sky130_fd_pr__pfet_01v8_hvt:671  |(no matching instance)                     
  (1,3) = (1045,3)                         |                                           
  2 = 7                                    |                                           
  4 = 1045                                 |                                           
                                           |                                           
                                           |                                           
Instance: sky130_fd_pr__pfet_01v8_hvt:675  |(no matching instance)                     
  (1,3) = (1045,7)                         |                                           
  2 = 6                                    |                                           
  4 = 1045                                 |                                           
                                           |                                           
                                           |                                           
Instance: sky130_fd_pr__pfet_01v8_hvt:678  |(no matching instance)                     
  (1,3) = (1045,4)                         |                                           
  2 = 6                                    |                                           
  4 = 1045                                 |                                           
                                           |                                           
                                           |                                           
Instance: sky130_fd_pr__pfet_01v8_hvt:680  |(no matching instance)                     
  (1,3) = (1045,4)                         |                                           
  2 = 4                                    |                                           
  4 = 1045                                 |                                           
                                           |                                           
                                           |                                           
Instance: sky130_fd_pr__pfet_01v8_hvt:681  |(no matching instance)                     
  (1,3) = (1045,2)                         |                                           
  2 = 7                                    |                                           
  4 = 1045                                 |                                           
                                           |                                           
                                           |                                           
Instance: sky130_fd_pr__pfet_01v8_hvt:684  |(no matching instance)                     
  (1,3) = (1045,8)                         |                                           
  2 = 18                                   |                                           
  4 = 1045                                 |                                           
                                           |                                           
                                           |                                           
Instance: sky130_fd_pr__pfet_01v8_hvt:685  |(no matching instance)                     
  (1,3) = (1045,5)                         |                                           
  2 = 8                                    |                                           
  4 = 1045                                 |                                           
                                           |                                           
                                           |                                           
Instance: sky130_fd_pr__pfet_01v8_hvt:686  |(no matching instance)                     
  (1,3) = (1045,3)                         |                                           
  2 = 6                                    |                                           
  4 = 1045                                 |                                           
                                           |                                           
                                           |                                           
Instance: sky130_fd_pr__pfet_01v8_hvt:689  |(no matching instance)                     
  (1,3) = (6,6)                            |                                           
  2 = 8                                    |                                           
  4 = 1045                                 |                                           
                                           |                                           
                                           |                                           
Instance: sky130_fd_pr__pfet_01v8_hvt:692  |(no matching instance)                     
  (1,3) = (1045,6)                         |                                           
  2 = 14                                   |                                           
  4 = 1045                                 |                                           
                                           |                                           
                                           |                                           
Instance: sky130_fd_pr__pfet_01v8_hvt:694  |(no matching instance)                     
  (1,3) = (1045,4)                         |                                           
  2 = 36                                   |                                           
  4 = 1045                                 |                                           
                                           |                                           
                                           |                                           
Instance: sky130_fd_pr__pfet_01v8_hvt:695  |(no matching instance)                     
  (1,3) = (1045,2)                         |                                           
  2 = 4                                    |                                           
  4 = 1045                                 |                                           
                                           |                                           
                                           |                                           
Instance: sky130_fd_pr__pfet_01v8_hvt:699  |(no matching instance)                     
  (1,3) = (1045,4)                         |                                           
  2 = 5                                    |                                           
  4 = 1045                                 |                                           
                                           |                                           
                                           |                                           
Instance: sky130_fd_pr__pfet_01v8_hvt:701  |(no matching instance)                     
  (1,3) = (1045,5)                         |                                           
  2 = 10                                   |                                           
  4 = 1045                                 |                                           
                                           |                                           
                                           |                                           
Instance: sky130_fd_pr__pfet_01v8_hvt:703  |(no matching instance)                     
  (1,3) = (1045,4)                         |                                           
  2 = 4                                    |                                           
  4 = 1045                                 |                                           
                                           |                                           
                                           |                                           
Instance: sky130_fd_pr__pfet_01v8_hvt:704  |(no matching instance)                     
  (1,3) = (1045,2)                         |                                           
  2 = 7                                    |                                           
  4 = 1045                                 |                                           
                                           |                                           
                                           |                                           
Instance: sky130_fd_pr__pfet_01v8_hvt:705  |(no matching instance)                     
  (1,3) = (1045,4)                         |                                           
  2 = 4                                    |                                           
  4 = 1045                                 |                                           
                                           |                                           
                                           |                                           
Instance: sky130_fd_pr__pfet_01v8_hvt:709  |(no matching instance)                     
  (1,3) = (1045,6)                         |                                           
  2 = 7                                    |                                           
  4 = 1045                                 |                                           
                                           |                                           
                                           |                                           
Instance: sky130_fd_pr__pfet_01v8_hvt:717  |(no matching instance)                     
  (1,3) = (1045,6)                         |                                           
  2 = 6                                    |                                           
  4 = 1045                                 |                                           
                                           |                                           
                                           |                                           
Instance: sky130_fd_pr__pfet_01v8_hvt:721  |(no matching instance)                     
  (1,3) = (1045,6)                         |                                           
  2 = 19                                   |                                           
  4 = 1045                                 |                                           
                                           |                                           
                                           |                                           
Instance: sky130_fd_pr__pfet_01v8_hvt:723  |(no matching instance)                     
  (1,3) = (1045,8)                         |                                           
  2 = 7                                    |                                           
  4 = 1045                                 |                                           
                                           |                                           
                                           |                                           
Instance: sky130_fd_pr__pfet_01v8_hvt:725  |(no matching instance)                     
  (1,3) = (1045,4)                         |                                           
  2 = 4                                    |                                           
  4 = 1045                                 |                                           
                                           |                                           
                                           |                                           
Instance: sky130_fd_pr__pfet_01v8_hvt:726  |(no matching instance)                     
  (1,3) = (1045,4)                         |                                           
  2 = 4                                    |                                           
  4 = 1045                                 |                                           
                                           |                                           
                                           |                                           
Instance: sky130_fd_pr__pfet_01v8_hvt:730  |(no matching instance)                     
  (1,3) = (1045,4)                         |                                           
  2 = 6                                    |                                           
  4 = 1045                                 |                                           
                                           |                                           
                                           |                                           
Instance: sky130_fd_pr__pfet_01v8_hvt:732  |(no matching instance)                     
  (1,3) = (1045,4)                         |                                           
  2 = 6                                    |                                           
  4 = 1045                                 |                                           
                                           |                                           
                                           |                                           
Instance: sky130_fd_pr__pfet_01v8_hvt:740  |(no matching instance)                     
  (1,3) = (1045,6)                         |                                           
  2 = 16                                   |                                           
  4 = 1045                                 |                                           
                                           |                                           
                                           |                                           
Instance: sky130_fd_pr__pfet_01v8_hvt:742  |(no matching instance)                     
  (1,3) = (1045,6)                         |                                           
  2 = 16                                   |                                           
  4 = 1045                                 |                                           
                                           |                                           
                                           |                                           
Instance: sky130_fd_pr__pfet_01v8_hvt:746  |(no matching instance)                     
  (1,3) = (6,2)                            |                                           
  2 = 4                                    |                                           
  4 = 1045                                 |                                           
                                           |                                           
                                           |                                           
Instance: sky130_fd_pr__pfet_01v8_hvt:747  |(no matching instance)                     
  (1,3) = (1045,2)                         |                                           
  2 = 4                                    |                                           
  4 = 1045                                 |                                           
                                           |                                           
                                           |                                           
Instance: sky130_fd_pr__pfet_01v8_hvt:750  |(no matching instance)                     
  (1,3) = (1045,3)                         |                                           
  2 = 22                                   |                                           
  4 = 1045                                 |                                           
                                           |                                           
                                           |                                           
Instance: sky130_fd_pr__pfet_01v8_hvt:756  |(no matching instance)                     
  (1,3) = (1045,4)                         |                                           
  2 = 4                                    |                                           
  4 = 1045                                 |                                           
                                           |                                           
                                           |                                           
Instance: sky130_fd_pr__pfet_01v8_hvt:766  |(no matching instance)                     
  (1,3) = (1045,4)                         |                                           
  2 = 4                                    |                                           
  4 = 1045                                 |                                           
                                           |                                           
                                           |                                           
Instance: sky130_fd_pr__pfet_01v8_hvt:773  |(no matching instance)                     
  (1,3) = (1045,6)                         |                                           
  2 = 8                                    |                                           
  4 = 1045                                 |                                           
                                           |                                           
                                           |                                           
Instance: sky130_fd_pr__pfet_01v8_hvt:775  |(no matching instance)                     
  (1,3) = (6,6)                            |                                           
  2 = 8                                    |                                           
  4 = 1045                                 |                                           
                                           |                                           
                                           |                                           
Instance: sky130_fd_pr__pfet_01v8_hvt:776  |(no matching instance)                     
  (1,3) = (6,2)                            |                                           
  2 = 6                                    |                                           
  4 = 1045                                 |                                           
                                           |                                           
                                           |                                           
Instance: sky130_fd_pr__pfet_01v8_hvt:779  |(no matching instance)                     
  (1,3) = (1045,2)                         |                                           
  2 = 4                                    |                                           
  4 = 1045                                 |                                           
                                           |                                           
                                           |                                           
Instance: sky130_fd_pr__pfet_01v8_hvt:781  |(no matching instance)                     
  (1,3) = (1045,4)                         |                                           
  2 = 6                                    |                                           
  4 = 1045                                 |                                           
                                           |                                           
                                           |                                           
Instance: sky130_fd_pr__pfet_01v8_hvt:786  |(no matching instance)                     
  (1,3) = (6,3)                            |                                           
  2 = 8                                    |                                           
  4 = 1045                                 |                                           
                                           |                                           
                                           |                                           
Instance: sky130_fd_pr__pfet_01v8_hvt:787  |(no matching instance)                     
  (1,3) = (7,2)                            |                                           
  2 = 12                                   |                                           
  4 = 1045                                 |                                           
                                           |                                           
                                           |                                           
Instance: sky130_fd_pr__pfet_01v8_hvt:789  |(no matching instance)                     
  (1,3) = (1045,4)                         |                                           
  2 = 10                                   |                                           
  4 = 1045                                 |                                           
                                           |                                           
                                           |                                           
Instance: sky130_fd_pr__pfet_01v8_hvt:793  |(no matching instance)                     
  (1,3) = (1045,4)                         |                                           
  2 = 4                                    |                                           
  4 = 1045                                 |                                           
                                           |                                           
                                           |                                           
Instance: sky130_fd_pr__pfet_01v8_hvt:795  |(no matching instance)                     
  (1,3) = (6,3)                            |                                           
  2 = 8                                    |                                           
  4 = 1045                                 |                                           
                                           |                                           
                                           |                                           
Instance: sky130_fd_pr__pfet_01v8_hvt:799  |(no matching instance)                     
  (1,3) = (1045,4)                         |                                           
  2 = 6                                    |                                           
  4 = 1045                                 |                                           
                                           |                                           
                                           |                                           
Instance: sky130_fd_pr__pfet_01v8_hvt:804  |(no matching instance)                     
  (1,3) = (1045,6)                         |                                           
  2 = 6                                    |                                           
  4 = 1045                                 |                                           
                                           |                                           
                                           |                                           
Instance: sky130_fd_pr__pfet_01v8_hvt:807  |(no matching instance)                     
  (1,3) = (1045,4)                         |                                           
  2 = 4                                    |                                           
  4 = 1045                                 |                                           
                                           |                                           
                                           |                                           
Instance: sky130_fd_pr__pfet_01v8_hvt:808  |(no matching instance)                     
  (1,3) = (1045,8)                         |                                           
  2 = 18                                   |                                           
  4 = 1045                                 |                                           
                                           |                                           
                                           |                                           
Instance: sky130_fd_pr__pfet_01v8_hvt:809  |(no matching instance)                     
  (1,3) = (6,4)                            |                                           
  2 = 6                                    |                                           
  4 = 1045                                 |                                           
                                           |                                           
                                           |                                           
Instance: sky130_fd_pr__pfet_01v8_hvt:811  |(no matching instance)                     
  (1,3) = (1045,4)                         |                                           
  2 = 4                                    |                                           
  4 = 1045                                 |                                           
                                           |                                           
                                           |                                           
Instance: sky130_fd_pr__pfet_01v8_hvt:818  |(no matching instance)                     
  (1,3) = (6,4)                            |                                           
  2 = 6                                    |                                           
  4 = 1045                                 |                                           
                                           |                                           
                                           |                                           
Instance: sky130_fd_pr__pfet_01v8_hvt:820  |(no matching instance)                     
  (1,3) = (6,2)                            |                                           
  2 = 4                                    |                                           
  4 = 1045                                 |                                           
                                           |                                           
                                           |                                           
Instance: sky130_fd_pr__pfet_01v8_hvt:821  |(no matching instance)                     
  (1,3) = (5,2)                            |                                           
  2 = 13                                   |                                           
  4 = 1045                                 |                                           
                                           |                                           
                                           |                                           
Instance: sky130_fd_pr__pfet_01v8_hvt:822  |(no matching instance)                     
  (1,3) = (1045,2)                         |                                           
  2 = 4                                    |                                           
  4 = 1045                                 |                                           
                                           |                                           
                                           |                                           
Instance: sky130_fd_pr__pfet_01v8_hvt:825  |(no matching instance)                     
  (1,3) = (1045,4)                         |                                           
  2 = 4                                    |                                           
  4 = 1045                                 |                                           
                                           |                                           
                                           |                                           
Instance: sky130_fd_pr__pfet_01v8_hvt:827  |(no matching instance)                     
  (1,3) = (7,2)                            |                                           
  2 = 10                                   |                                           
  4 = 1045                                 |                                           
                                           |                                           
                                           |                                           
Instance: sky130_fd_pr__pfet_01v8_hvt:833  |(no matching instance)                     
  (1,3) = (6,3)                            |                                           
  2 = 8                                    |                                           
  4 = 1045                                 |                                           
                                           |                                           
                                           |                                           
Instance: sky130_fd_pr__pfet_01v8_hvt:835  |(no matching instance)                     
  (1,3) = (6,2)                            |                                           
  2 = 6                                    |                                           
  4 = 1045                                 |                                           
                                           |                                           
                                           |                                           
Instance: sky130_fd_pr__pfet_01v8_hvt:838  |(no matching instance)                     
  (1,3) = (1045,4)                         |                                           
  2 = 4                                    |                                           
  4 = 1045                                 |                                           
                                           |                                           
                                           |                                           
Instance: sky130_fd_pr__pfet_01v8_hvt:846  |(no matching instance)                     
  (1,3) = (1045,4)                         |                                           
  2 = 4                                    |                                           
  4 = 1045                                 |                                           
                                           |                                           
                                           |                                           
Instance: sky130_fd_pr__pfet_01v8_hvt:852  |(no matching instance)                     
  (1,3) = (6,2)                            |                                           
  2 = 8                                    |                                           
  4 = 1045                                 |                                           
                                           |                                           
                                           |                                           
Instance: sky130_fd_pr__pfet_01v8_hvt:853  |(no matching instance)                     
  (1,3) = (6,4)                            |                                           
  2 = 6                                    |                                           
  4 = 1045                                 |                                           
                                           |                                           
                                           |                                           
Instance: sky130_fd_pr__pfet_01v8_hvt:854  |(no matching instance)                     
  (1,3) = (1045,3)                         |                                           
  2 = 6                                    |                                           
  4 = 1045                                 |                                           
                                           |                                           
                                           |                                           
Instance: sky130_fd_pr__pfet_01v8_hvt:858  |(no matching instance)                     
  (1,3) = (1045,7)                         |                                           
  2 = 6                                    |                                           
  4 = 1045                                 |                                           
                                           |                                           
                                           |                                           
Instance: sky130_fd_pr__pfet_01v8_hvt:862  |(no matching instance)                     
  (1,3) = (1045,4)                         |                                           
  2 = 4                                    |                                           
  4 = 1045                                 |                                           
                                           |                                           
                                           |                                           
Instance: sky130_fd_pr__pfet_01v8_hvt:866  |(no matching instance)                     
  (1,3) = (1045,4)                         |                                           
  2 = 4                                    |                                           
  4 = 1045                                 |                                           
                                           |                                           
                                           |                                           
Instance: sky130_fd_pr__pfet_01v8_hvt:872  |(no matching instance)                     
  (1,3) = (5,2)                            |                                           
  2 = 19                                   |                                           
  4 = 1045                                 |                                           
                                           |                                           
                                           |                                           
Instance: sky130_fd_pr__pfet_01v8_hvt:877  |(no matching instance)                     
  (1,3) = (6,2)                            |                                           
  2 = 6                                    |                                           
  4 = 1045                                 |                                           
                                           |                                           
                                           |                                           
Instance: sky130_fd_pr__pfet_01v8_hvt:880  |(no matching instance)                     
  (1,3) = (5,2)                            |                                           
  2 = 5                                    |                                           
  4 = 1045                                 |                                           
                                           |                                           
                                           |                                           
Instance: sky130_fd_pr__pfet_01v8_hvt:888  |(no matching instance)                     
  (1,3) = (1045,5)                         |                                           
  2 = 13                                   |                                           
  4 = 1045                                 |                                           
                                           |                                           
                                           |                                           
Instance: sky130_fd_pr__pfet_01v8_hvt:894  |(no matching instance)                     
  (1,3) = (1045,6)                         |                                           
  2 = 7                                    |                                           
  4 = 1045                                 |                                           
                                           |                                           
                                           |                                           
Instance: sky130_fd_pr__pfet_01v8_hvt:902  |(no matching instance)                     
  (1,3) = (1045,3)                         |                                           
  2 = 6                                    |                                           
  4 = 1045                                 |                                           
                                           |                                           
                                           |                                           
Instance: sky130_fd_pr__pfet_01v8_hvt:906  |(no matching instance)                     
  (1,3) = (1045,3)                         |                                           
  2 = 6                                    |                                           
  4 = 1045                                 |                                           
                                           |                                           
                                           |                                           
Instance: sky130_fd_pr__pfet_01v8_hvt:910  |(no matching instance)                     
  (1,3) = (1045,7)                         |                                           
  2 = 6                                    |                                           
  4 = 1045                                 |                                           
                                           |                                           
                                           |                                           
Instance: sky130_fd_pr__pfet_01v8_hvt:914  |(no matching instance)                     
  (1,3) = (6,4)                            |                                           
  2 = 6                                    |                                           
  4 = 1045                                 |                                           
                                           |                                           
                                           |                                           
Instance: sky130_fd_pr__pfet_01v8_hvt:915  |(no matching instance)                     
  (1,3) = (1045,4)                         |                                           
  2 = 6                                    |                                           
  4 = 1045                                 |                                           
                                           |                                           
                                           |                                           
Instance: sky130_fd_pr__pfet_01v8_hvt:916  |(no matching instance)                     
  (1,3) = (1045,6)                         |                                           
  2 = 8                                    |                                           
  4 = 1045                                 |                                           
                                           |                                           
                                           |                                           
Instance: sky130_fd_pr__pfet_01v8_hvt:918  |(no matching instance)                     
  (1,3) = (1045,6)                         |                                           
  2 = 6                                    |                                           
  4 = 1045                                 |                                           
                                           |                                           
                                           |                                           
Instance: sky130_fd_pr__pfet_01v8_hvt:925  |(no matching instance)                     
  (1,3) = (1045,6)                         |                                           
  2 = 8                                    |                                           
  4 = 1045                                 |                                           
                                           |                                           
                                           |                                           
Instance: sky130_fd_pr__pfet_01v8_hvt:936  |(no matching instance)                     
  (1,3) = (1045,4)                         |                                           
  2 = 5                                    |                                           
  4 = 1045                                 |                                           
                                           |                                           
                                           |                                           
Instance: sky130_fd_pr__pfet_01v8_hvt:941  |(no matching instance)                     
  (1,3) = (1045,2)                         |                                           
  2 = 36                                   |                                           
  4 = 1045                                 |                                           
                                           |                                           
                                           |                                           
Instance: sky130_fd_pr__pfet_01v8_hvt:942  |(no matching instance)                     
  (1,3) = (6,2)                            |                                           
  2 = 6                                    |                                           
  4 = 1045                                 |                                           
                                           |                                           
                                           |                                           
Instance: sky130_fd_pr__pfet_01v8_hvt:947  |(no matching instance)                     
  (1,3) = (6,2)                            |                                           
  2 = 6                                    |                                           
  4 = 1045                                 |                                           
                                           |                                           
                                           |                                           
Instance: sky130_fd_pr__pfet_01v8_hvt:951  |(no matching instance)                     
  (1,3) = (1045,7)                         |                                           
  2 = 7                                    |                                           
  4 = 1045                                 |                                           
                                           |                                           
                                           |                                           
Instance: sky130_fd_pr__pfet_01v8_hvt:952  |(no matching instance)                     
  (1,3) = (6,2)                            |                                           
  2 = 8                                    |                                           
  4 = 1045                                 |                                           
                                           |                                           
                                           |                                           
Instance: sky130_fd_pr__pfet_01v8_hvt:953  |(no matching instance)                     
  (1,3) = (1045,8)                         |                                           
  2 = 18                                   |                                           
  4 = 1045                                 |                                           
                                           |                                           
                                           |                                           
Instance: sky130_fd_pr__pfet_01v8_hvt:956  |(no matching instance)                     
  (1,3) = (1045,4)                         |                                           
  2 = 36                                   |                                           
  4 = 1045                                 |                                           
                                           |                                           
                                           |                                           
Instance: sky130_fd_pr__pfet_01v8_hvt:959  |(no matching instance)                     
  (1,3) = (1045,4)                         |                                           
  2 = 4                                    |                                           
  4 = 1045                                 |                                           
                                           |                                           
                                           |                                           
Instance: sky130_fd_pr__pfet_01v8_hvt:960  |(no matching instance)                     
  (1,3) = (1045,2)                         |                                           
  2 = 22                                   |                                           
  4 = 1045                                 |                                           
                                           |                                           
                                           |                                           
Instance: sky130_fd_pr__pfet_01v8_hvt:963  |(no matching instance)                     
  (1,3) = (1045,4)                         |                                           
  2 = 15                                   |                                           
  4 = 1045                                 |                                           
                                           |                                           
                                           |                                           
Instance: sky130_fd_pr__pfet_01v8_hvt:965  |(no matching instance)                     
  (1,3) = (1045,2)                         |                                           
  2 = 7                                    |                                           
  4 = 1045                                 |                                           
                                           |                                           
                                           |                                           
Instance: sky130_fd_pr__pfet_01v8_hvt:973  |(no matching instance)                     
  (1,3) = (1045,4)                         |                                           
  2 = 4                                    |                                           
  4 = 1045                                 |                                           
                                           |                                           
                                           |                                           
Instance: sky130_fd_pr__pfet_01v8_hvt:982  |(no matching instance)                     
  (1,3) = (1045,2)                         |                                           
  2 = 22                                   |                                           
  4 = 1045                                 |                                           
                                           |                                           
                                           |                                           
Instance: sky130_fd_pr__pfet_01v8_hvt:984  |(no matching instance)                     
  (1,3) = (6,3)                            |                                           
  2 = 8                                    |                                           
  4 = 1045                                 |                                           
                                           |                                           
                                           |                                           
Instance: sky130_fd_pr__pfet_01v8_hvt:991  |(no matching instance)                     
  (1,3) = (5,3)                            |                                           
  2 = 5                                    |                                           
  4 = 1045                                 |                                           
                                           |                                           
                                           |                                           
Instance: sky130_fd_pr__pfet_01v8_hvt:995  |(no matching instance)                     
  (1,3) = (6,2)                            |                                           
  2 = 6                                    |                                           
  4 = 1045                                 |                                           
                                           |                                           
                                           |                                           
Instance: sky130_fd_pr__pfet_01v8_hvt:996  |(no matching instance)                     
  (1,3) = (6,6)                            |                                           
  2 = 8                                    |                                           
  4 = 1045                                 |                                           
                                           |                                           
                                           |                                           
Instance: sky130_fd_pr__pfet_01v8_hvt:998  |(no matching instance)                     
  (1,3) = (1045,4)                         |                                           
  2 = 6                                    |                                           
  4 = 1045                                 |                                           
                                           |                                           
                                           |                                           
Instance: sky130_fd_pr__pfet_01v8_hvt:1000 |(no matching instance)                     
  (1,3) = (1045,2)                         |                                           
  2 = 12                                   |                                           
  4 = 1045                                 |                                           
                                           |                                           
                                           |                                           
Instance: sky130_fd_pr__pfet_01v8_hvt:1002 |(no matching instance)                     
  (1,3) = (6,4)                            |                                           
  2 = 6                                    |                                           
  4 = 1045                                 |                                           
                                           |                                           
                                           |                                           
Instance: sky130_fd_pr__pfet_01v8_hvt:1004 |(no matching instance)                     
  (1,3) = (1045,2)                         |                                           
  2 = 7                                    |                                           
  4 = 1045                                 |                                           
                                           |                                           
                                           |                                           
Instance: sky130_fd_pr__pfet_01v8_hvt:1011 |(no matching instance)                     
  (1,3) = (1045,8)                         |                                           
  2 = 16                                   |                                           
  4 = 1045                                 |                                           
                                           |                                           
                                           |                                           
Instance: sky130_fd_pr__pfet_01v8_hvt:1014 |(no matching instance)                     
  (1,3) = (1045,2)                         |                                           
  2 = 7                                    |                                           
  4 = 1045                                 |                                           
                                           |                                           
                                           |                                           
Instance: sky130_fd_pr__pfet_01v8_hvt:1020 |(no matching instance)                     
  (1,3) = (1045,4)                         |                                           
  2 = 36                                   |                                           
  4 = 1045                                 |                                           
                                           |                                           
                                           |                                           
Instance: sky130_fd_pr__pfet_01v8_hvt:1023 |(no matching instance)                     
  (1,3) = (1045,8)                         |                                           
  2 = 7                                    |                                           
  4 = 1045                                 |                                           
                                           |                                           
                                           |                                           
Instance: sky130_fd_pr__pfet_01v8_hvt:1024 |(no matching instance)                     
  (1,3) = (6,6)                            |                                           
  2 = 8                                    |                                           
  4 = 1045                                 |                                           
                                           |                                           
                                           |                                           
Instance: sky130_fd_pr__pfet_01v8_hvt:1025 |(no matching instance)                     
  (1,3) = (1045,4)                         |                                           
  2 = 5                                    |                                           
  4 = 1045                                 |                                           
                                           |                                           
                                           |                                           
Instance: sky130_fd_pr__pfet_01v8_hvt:1027 |(no matching instance)                     
  (1,3) = (6,2)                            |                                           
  2 = 12                                   |                                           
  4 = 1045                                 |                                           
                                           |                                           
                                           |                                           
Instance: sky130_fd_pr__pfet_01v8_hvt:1032 |(no matching instance)                     
  (1,3) = (1045,4)                         |                                           
  2 = 4                                    |                                           
  4 = 1045                                 |                                           
                                           |                                           
                                           |                                           
Instance: sky130_fd_pr__pfet_01v8_hvt:1038 |(no matching instance)                     
  (1,3) = (1045,4)                         |                                           
  2 = 4                                    |                                           
  4 = 1045                                 |                                           
                                           |                                           
                                           |                                           
Instance: sky130_fd_pr__pfet_01v8_hvt:1042 |(no matching instance)                     
  (1,3) = (1045,2)                         |                                           
  2 = 19                                   |                                           
  4 = 1045                                 |                                           
                                           |                                           
                                           |                                           
Instance: sky130_fd_pr__pfet_01v8_hvt:1050 |(no matching instance)                     
  (1,3) = (1045,4)                         |                                           
  2 = 4                                    |                                           
  4 = 1045                                 |                                           
                                           |                                           
                                           |                                           
Instance: sky130_fd_pr__pfet_01v8_hvt:1051 |(no matching instance)                     
  (1,3) = (1045,4)                         |                                           
  2 = 4                                    |                                           
  4 = 1045                                 |                                           
                                           |                                           
                                           |                                           
Instance: sky130_fd_pr__pfet_01v8_hvt:1053 |(no matching instance)                     
  (1,3) = (1045,4)                         |                                           
  2 = 6                                    |                                           
  4 = 1045                                 |                                           
                                           |                                           
                                           |                                           
Instance: sky130_fd_pr__pfet_01v8_hvt:1054 |(no matching instance)                     
  (1,3) = (1045,4)                         |                                           
  2 = 4                                    |                                           
  4 = 1045                                 |                                           
                                           |                                           
                                           |                                           
Instance: sky130_fd_pr__pfet_01v8_hvt:1055 |(no matching instance)                     
  (1,3) = (1045,2)                         |                                           
  2 = 4                                    |                                           
  4 = 1045                                 |                                           
                                           |                                           
                                           |                                           
Instance: sky130_fd_pr__pfet_01v8_hvt:1061 |(no matching instance)                     
  (1,3) = (1045,4)                         |                                           
  2 = 5                                    |                                           
  4 = 1045                                 |                                           
                                           |                                           
                                           |                                           
Instance: sky130_fd_pr__pfet_01v8_hvt:1063 |(no matching instance)                     
  (1,3) = (1045,2)                         |                                           
  2 = 7                                    |                                           
  4 = 1045                                 |                                           
                                           |                                           
                                           |                                           
Instance: sky130_fd_pr__pfet_01v8_hvt:1067 |(no matching instance)                     
  (1,3) = (1045,7)                         |                                           
  2 = 6                                    |                                           
  4 = 1045                                 |                                           
                                           |                                           
                                           |                                           
Instance: sky130_fd_pr__pfet_01v8_hvt:1068 |(no matching instance)                     
  (1,3) = (1045,7)                         |                                           
  2 = 7                                    |                                           
  4 = 1045                                 |                                           
                                           |                                           
                                           |                                           
Instance: sky130_fd_pr__pfet_01v8_hvt:1072 |(no matching instance)                     
  (1,3) = (1045,6)                         |                                           
  2 = 8                                    |                                           
  4 = 1045                                 |                                           
                                           |                                           
                                           |                                           
Instance: sky130_fd_pr__pfet_01v8_hvt:1076 |(no matching instance)                     
  (1,3) = (1045,7)                         |                                           
  2 = 6                                    |                                           
  4 = 1045                                 |                                           
                                           |                                           
                                           |                                           
Instance: sky130_fd_pr__pfet_01v8_hvt:1077 |(no matching instance)                     
  (1,3) = (1045,3)                         |                                           
  2 = 7                                    |                                           
  4 = 1045                                 |                                           
                                           |                                           
                                           |                                           
Instance: sky130_fd_pr__pfet_01v8_hvt:1079 |(no matching instance)                     
  (1,3) = (1045,2)                         |                                           
  2 = 4                                    |                                           
  4 = 1045                                 |                                           
                                           |                                           
                                           |                                           
Instance: sky130_fd_pr__pfet_01v8_hvt:1082 |(no matching instance)                     
  (1,3) = (1045,4)                         |                                           
  2 = 14                                   |                                           
  4 = 1045                                 |                                           
                                           |                                           
                                           |                                           
Instance: sky130_fd_pr__pfet_01v8_hvt:1087 |(no matching instance)                     
  (1,3) = (1045,4)                         |                                           
  2 = 4                                    |                                           
  4 = 1045                                 |                                           
                                           |                                           
                                           |                                           
Instance: sky130_fd_pr__pfet_01v8_hvt:1092 |(no matching instance)                     
  (1,3) = (1045,4)                         |                                           
  2 = 4                                    |                                           
  4 = 1045                                 |                                           
                                           |                                           
                                           |                                           
Instance: sky130_fd_pr__pfet_01v8_hvt:1093 |(no matching instance)                     
  (1,3) = (1045,3)                         |                                           
  2 = 6                                    |                                           
  4 = 1045                                 |                                           
                                           |                                           
                                           |                                           
Instance: sky130_fd_pr__pfet_01v8_hvt:1098 |(no matching instance)                     
  (1,3) = (6,6)                            |                                           
  2 = 8                                    |                                           
  4 = 1045                                 |                                           
                                           |                                           
                                           |                                           
Instance: sky130_fd_pr__pfet_01v8_hvt:1106 |(no matching instance)                     
  (1,3) = (1045,3)                         |                                           
  2 = 6                                    |                                           
  4 = 1045                                 |                                           
                                           |                                           
                                           |                                           
Instance: sky130_fd_pr__pfet_01v8_hvt:1108 |(no matching instance)                     
  (1,3) = (1045,6)                         |                                           
  2 = 12                                   |                                           
  4 = 1045                                 |                                           
                                           |                                           
                                           |                                           
Instance: sky130_fd_pr__pfet_01v8_hvt:1109 |(no matching instance)                     
  (1,3) = (1045,6)                         |                                           
  2 = 8                                    |                                           
  4 = 1045                                 |                                           
                                           |                                           
                                           |                                           
Instance: sky130_fd_pr__pfet_01v8_hvt:1113 |(no matching instance)                     
  (1,3) = (1045,5)                         |                                           
  2 = 8                                    |                                           
  4 = 1045                                 |                                           
                                           |                                           
                                           |                                           
Instance: sky130_fd_pr__pfet_01v8_hvt:1123 |(no matching instance)                     
  (1,3) = (1045,7)                         |                                           
  2 = 7                                    |                                           
  4 = 1045                                 |                                           
                                           |                                           
                                           |                                           
Instance: sky130_fd_pr__pfet_01v8_hvt:1124 |(no matching instance)                     
  (1,3) = (1045,4)                         |                                           
  2 = 4                                    |                                           
  4 = 1045                                 |                                           
                                           |                                           
                                           |                                           
Instance: sky130_fd_pr__pfet_01v8_hvt:1125 |(no matching instance)                     
  (1,3) = (1045,8)                         |                                           
  2 = 18                                   |                                           
  4 = 1045                                 |                                           
                                           |                                           
                                           |                                           
Instance: sky130_fd_pr__pfet_01v8_hvt:1127 |(no matching instance)                     
  (1,3) = (1045,4)                         |                                           
  2 = 4                                    |                                           
  4 = 1045                                 |                                           
                                           |                                           
                                           |                                           
Instance: sky130_fd_pr__pfet_01v8_hvt:1128 |(no matching instance)                     
  (1,3) = (1045,2)                         |                                           
  2 = 4                                    |                                           
  4 = 1045                                 |                                           
                                           |                                           
                                           |                                           
Instance: sky130_fd_pr__pfet_01v8_hvt:1129 |(no matching instance)                     
  (1,3) = (6,4)                            |                                           
  2 = 6                                    |                                           
  4 = 1045                                 |                                           
                                           |                                           
                                           |                                           
Instance: sky130_fd_pr__pfet_01v8_hvt:1131 |(no matching instance)                     
  (1,3) = (6,3)                            |                                           
  2 = 8                                    |                                           
  4 = 1045                                 |                                           
                                           |                                           
                                           |                                           
Instance: sky130_fd_pr__pfet_01v8_hvt:1133 |(no matching instance)                     
  (1,3) = (1045,6)                         |                                           
  2 = 6                                    |                                           
  4 = 1045                                 |                                           
                                           |                                           
                                           |                                           
Instance: sky130_fd_pr__pfet_01v8_hvt:1138 |(no matching instance)                     
  (1,3) = (1045,8)                         |                                           
  2 = 14                                   |                                           
  4 = 1045                                 |                                           
                                           |                                           
                                           |                                           
Instance: sky130_fd_pr__pfet_01v8_hvt:1139 |(no matching instance)                     
  (1,3) = (1045,7)                         |                                           
  2 = 6                                    |                                           
  4 = 1045                                 |                                           
                                           |                                           
                                           |                                           
Instance: sky130_fd_pr__pfet_01v8_hvt:1142 |(no matching instance)                     
  (1,3) = (1045,7)                         |                                           
  2 = 6                                    |                                           
  4 = 1045                                 |                                           
                                           |                                           
                                           |                                           
Instance: sky130_fd_pr__pfet_01v8_hvt:1144 |(no matching instance)                     
  (1,3) = (1045,4)                         |                                           
  2 = 3                                    |                                           
  4 = 1045                                 |                                           
                                           |                                           
                                           |                                           
Instance: sky130_fd_pr__pfet_01v8_hvt:1149 |(no matching instance)                     
  (1,3) = (5,2)                            |                                           
  2 = 8                                    |                                           
  4 = 1045                                 |                                           
                                           |                                           
                                           |                                           
Instance: sky130_fd_pr__pfet_01v8_hvt:1150 |(no matching instance)                     
  (1,3) = (1045,3)                         |                                           
  2 = 8                                    |                                           
  4 = 1045                                 |                                           
                                           |                                           
                                           |                                           
Instance: sky130_fd_pr__pfet_01v8_hvt:1153 |(no matching instance)                     
  (1,3) = (6,3)                            |                                           
  2 = 8                                    |                                           
  4 = 1045                                 |                                           
                                           |                                           
                                           |                                           
Instance: sky130_fd_pr__pfet_01v8_hvt:1155 |(no matching instance)                     
  (1,3) = (1045,3)                         |                                           
  2 = 6                                    |                                           
  4 = 1045                                 |                                           
                                           |                                           
                                           |                                           
Instance: sky130_fd_pr__pfet_01v8_hvt:1157 |(no matching instance)                     
  (1,3) = (6,6)                            |                                           
  2 = 8                                    |                                           
  4 = 1045                                 |                                           
                                           |                                           
                                           |                                           
Instance: sky130_fd_pr__pfet_01v8_hvt:1158 |(no matching instance)                     
  (1,3) = (6,4)                            |                                           
  2 = 6                                    |                                           
  4 = 1045                                 |                                           
                                           |                                           
                                           |                                           
Instance: sky130_fd_pr__pfet_01v8_hvt:1159 |(no matching instance)                     
  (1,3) = (1045,8)                         |                                           
  2 = 18                                   |                                           
  4 = 1045                                 |                                           
                                           |                                           
                                           |                                           
Instance: sky130_fd_pr__pfet_01v8_hvt:1161 |(no matching instance)                     
  (1,3) = (8,2)                            |                                           
  2 = 8                                    |                                           
  4 = 1045                                 |                                           
                                           |                                           
                                           |                                           
Instance: sky130_fd_pr__pfet_01v8_hvt:1171 |(no matching instance)                     
  (1,3) = (6,3)                            |                                           
  2 = 8                                    |                                           
  4 = 1045                                 |                                           
                                           |                                           
                                           |                                           
Instance: sky130_fd_pr__pfet_01v8_hvt:1173 |(no matching instance)                     
  (1,3) = (1045,4)                         |                                           
  2 = 4                                    |                                           
  4 = 1045                                 |                                           
                                           |                                           
                                           |                                           
Instance: sky130_fd_pr__pfet_01v8_hvt:1178 |(no matching instance)                     
  (1,3) = (1045,4)                         |                                           
  2 = 4                                    |                                           
  4 = 1045                                 |                                           
                                           |                                           
                                           |                                           
Instance: sky130_fd_pr__pfet_01v8_hvt:1183 |(no matching instance)                     
  (1,3) = (1045,5)                         |                                           
  2 = 12                                   |                                           
  4 = 1045                                 |                                           
                                           |                                           
                                           |                                           
Instance: sky130_fd_pr__pfet_01v8_hvt:1185 |(no matching instance)                     
  (1,3) = (1045,4)                         |                                           
  2 = 4                                    |                                           
  4 = 1045                                 |                                           
                                           |                                           
                                           |                                           
Instance: sky130_fd_pr__pfet_01v8_hvt:1186 |(no matching instance)                     
  (1,3) = (6,4)                            |                                           
  2 = 6                                    |                                           
  4 = 1045                                 |                                           
                                           |                                           
                                           |                                           
Instance: sky130_fd_pr__pfet_01v8_hvt:1190 |(no matching instance)                     
  (1,3) = (1045,6)                         |                                           
  2 = 8                                    |                                           
  4 = 1045                                 |                                           
                                           |                                           
                                           |                                           
Instance: sky130_fd_pr__pfet_01v8_hvt:1191 |(no matching instance)                     
  (1,3) = (1045,14)                        |                                           
  2 = 4                                    |                                           
  4 = 1045                                 |                                           
                                           |                                           
                                           |                                           
Instance: sky130_fd_pr__pfet_01v8_hvt:1195 |(no matching instance)                     
  (1,3) = (1045,4)                         |                                           
  2 = 4                                    |                                           
  4 = 1045                                 |                                           
                                           |                                           
                                           |                                           
Instance: sky130_fd_pr__pfet_01v8_hvt:1196 |(no matching instance)                     
  (1,3) = (6,4)                            |                                           
  2 = 6                                    |                                           
  4 = 1045                                 |                                           
                                           |                                           
                                           |                                           
Instance: sky130_fd_pr__pfet_01v8_hvt:1200 |(no matching instance)                     
  (1,3) = (1045,7)                         |                                           
  2 = 6                                    |                                           
  4 = 1045                                 |                                           
                                           |                                           
                                           |                                           
Instance: sky130_fd_pr__pfet_01v8_hvt:1202 |(no matching instance)                     
  (1,3) = (1045,4)                         |                                           
  2 = 4                                    |                                           
  4 = 1045                                 |                                           
                                           |                                           
                                           |                                           
Instance: sky130_fd_pr__pfet_01v8_hvt:1207 |(no matching instance)                     
  (1,3) = (1045,6)                         |                                           
  2 = 6                                    |                                           
  4 = 1045                                 |                                           
                                           |                                           
                                           |                                           
Instance: sky130_fd_pr__pfet_01v8_hvt:1212 |(no matching instance)                     
  (1,3) = (1045,7)                         |                                           
  2 = 12                                   |                                           
  4 = 1045                                 |                                           
                                           |                                           
                                           |                                           
Instance: sky130_fd_pr__pfet_01v8_hvt:1214 |(no matching instance)                     
  (1,3) = (6,3)                            |                                           
  2 = 8                                    |                                           
  4 = 1045                                 |                                           
                                           |                                           
                                           |                                           
Instance: sky130_fd_pr__pfet_01v8_hvt:1216 |(no matching instance)                     
  (1,3) = (1045,3)                         |                                           
  2 = 7                                    |                                           
  4 = 1045                                 |                                           
                                           |                                           
                                           |                                           
Instance: sky130_fd_pr__pfet_01v8_hvt:1219 |(no matching instance)                     
  (1,3) = (1045,7)                         |                                           
  2 = 7                                    |                                           
  4 = 1045                                 |                                           
                                           |                                           
                                           |                                           
Instance: sky130_fd_pr__pfet_01v8_hvt:1224 |(no matching instance)                     
  (1,3) = (1045,4)                         |                                           
  2 = 6                                    |                                           
  4 = 1045                                 |                                           
                                           |                                           
                                           |                                           
Instance: sky130_fd_pr__pfet_01v8_hvt:1227 |(no matching instance)                     
  (1,3) = (1045,7)                         |                                           
  2 = 6                                    |                                           
  4 = 1045                                 |                                           
                                           |                                           
                                           |                                           
Instance: sky130_fd_pr__pfet_01v8_hvt:1231 |(no matching instance)                     
  (1,3) = (1045,6)                         |                                           
  2 = 8                                    |                                           
  4 = 1045                                 |                                           
                                           |                                           
                                           |                                           
Instance: sky130_fd_pr__pfet_01v8_hvt:1241 |(no matching instance)                     
  (1,3) = (1045,4)                         |                                           
  2 = 2                                    |                                           
  4 = 1045                                 |                                           
                                           |                                           
                                           |                                           
Instance: sky130_fd_pr__pfet_01v8_hvt:1251 |(no matching instance)                     
  (1,3) = (1045,4)                         |                                           
  2 = 6                                    |                                           
  4 = 1045                                 |                                           
                                           |                                           
                                           |                                           
Instance: sky130_fd_pr__pfet_01v8_hvt:1254 |(no matching instance)                     
  (1,3) = (1045,7)                         |                                           
  2 = 6                                    |                                           
  4 = 1045                                 |                                           
                                           |                                           
                                           |                                           
Instance: sky130_fd_pr__pfet_01v8_hvt:1264 |(no matching instance)                     
  (1,3) = (1045,5)                         |                                           
  2 = 10                                   |                                           
  4 = 1045                                 |                                           
                                           |                                           
                                           |                                           
Instance: sky130_fd_pr__pfet_01v8_hvt:1270 |(no matching instance)                     
  (1,3) = (1045,18)                        |                                           
  2 = 4                                    |                                           
  4 = 1045                                 |                                           
                                           |                                           
                                           |                                           
Instance: sky130_fd_pr__pfet_01v8_hvt:1273 |(no matching instance)                     
  (1,3) = (1045,7)                         |                                           
  2 = 6                                    |                                           
  4 = 1045                                 |                                           
                                           |                                           
                                           |                                           
Instance: sky130_fd_pr__pfet_01v8_hvt:1277 |(no matching instance)                     
  (1,3) = (1045,4)                         |                                           
  2 = 4                                    |                                           
  4 = 1045                                 |                                           
                                           |                                           
                                           |                                           
Instance: sky130_fd_pr__pfet_01v8_hvt:1281 |(no matching instance)                     
  (1,3) = (1045,36)                        |                                           
  2 = 7                                    |                                           
  4 = 1045                                 |                                           
                                           |                                           
                                           |                                           
Instance: sky130_fd_pr__pfet_01v8_hvt:1285 |(no matching instance)                     
  (1,3) = (1045,6)                         |                                           
  2 = 6                                    |                                           
  4 = 1045                                 |                                           
                                           |                                           
                                           |                                           
Instance: sky130_fd_pr__pfet_01v8_hvt:1287 |(no matching instance)                     
  (1,3) = (1045,4)                         |                                           
  2 = 4                                    |                                           
  4 = 1045                                 |                                           
                                           |                                           
                                           |                                           
Instance: sky130_fd_pr__pfet_01v8_hvt:1288 |(no matching instance)                     
  (1,3) = (1045,2)                         |                                           
  2 = 36                                   |                                           
  4 = 1045                                 |                                           
                                           |                                           
                                           |                                           
Instance: sky130_fd_pr__pfet_01v8_hvt:1294 |(no matching instance)                     
  (1,3) = (1045,6)                         |                                           
  2 = 4                                    |                                           
  4 = 1045                                 |                                           
                                           |                                           
                                           |                                           
Instance: sky130_fd_pr__pfet_01v8_hvt:1299 |(no matching instance)                     
  (1,3) = (1045,2)                         |                                           
  2 = 4                                    |                                           
  4 = 1045                                 |                                           
                                           |                                           
                                           |                                           
Instance: sky130_fd_pr__pfet_01v8_hvt:1301 |(no matching instance)                     
  (1,3) = (1045,4)                         |                                           
  2 = 4                                    |                                           
  4 = 1045                                 |                                           
                                           |                                           
                                           |                                           
Instance: sky130_fd_pr__pfet_01v8_hvt:1302 |(no matching instance)                     
  (1,3) = (1045,4)                         |                                           
  2 = 5                                    |                                           
  4 = 1045                                 |                                           
                                           |                                           
                                           |                                           
Instance: sky130_fd_pr__pfet_01v8_hvt:1305 |(no matching instance)                     
  (1,3) = (1045,4)                         |                                           
  2 = 6                                    |                                           
  4 = 1045                                 |                                           
                                           |                                           
                                           |                                           
Instance: sky130_fd_pr__pfet_01v8_hvt:1310 |(no matching instance)                     
  (1,3) = (1045,5)                         |                                           
  2 = 19                                   |                                           
  4 = 1045                                 |                                           
                                           |                                           
                                           |                                           
Instance: sky130_fd_pr__pfet_01v8_hvt:1312 |(no matching instance)                     
  (1,3) = (1045,6)                         |                                           
  2 = 8                                    |                                           
  4 = 1045                                 |                                           
                                           |                                           
                                           |                                           
Instance: sky130_fd_pr__pfet_01v8_hvt:1313 |(no matching instance)                     
  (1,3) = (1045,4)                         |                                           
  2 = 4                                    |                                           
  4 = 1045                                 |                                           
                                           |                                           
                                           |                                           
Instance: sky130_fd_pr__pfet_01v8_hvt:1317 |(no matching instance)                     
  (1,3) = (1045,6)                         |                                           
  2 = 8                                    |                                           
  4 = 1045                                 |                                           
                                           |                                           
                                           |                                           
Instance: sky130_fd_pr__pfet_01v8_hvt:1319 |(no matching instance)                     
  (1,3) = (1045,4)                         |                                           
  2 = 4                                    |                                           
  4 = 1045                                 |                                           
                                           |                                           
                                           |                                           
Instance: sky130_fd_pr__pfet_01v8_hvt:1335 |(no matching instance)                     
  (1,3) = (1045,4)                         |                                           
  2 = 4                                    |                                           
  4 = 1045                                 |                                           
                                           |                                           
                                           |                                           
Instance: sky130_fd_pr__pfet_01v8_hvt:1337 |(no matching instance)                     
  (1,3) = (1045,3)                         |                                           
  2 = 6                                    |                                           
  4 = 1045                                 |                                           
                                           |                                           
                                           |                                           
Instance: sky130_fd_pr__pfet_01v8_hvt:1339 |(no matching instance)                     
  (1,3) = (1045,6)                         |                                           
  2 = 6                                    |                                           
  4 = 1045                                 |                                           
                                           |                                           
                                           |                                           
Instance: sky130_fd_pr__pfet_01v8_hvt:1343 |(no matching instance)                     
  (1,3) = (1045,3)                         |                                           
  2 = 6                                    |                                           
  4 = 1045                                 |                                           
                                           |                                           
                                           |                                           
Instance: sky130_fd_pr__pfet_01v8_hvt:1345 |(no matching instance)                     
  (1,3) = (6,2)                            |                                           
  2 = 12                                   |                                           
  4 = 1045                                 |                                           
                                           |                                           
                                           |                                           
Instance: sky130_fd_pr__pfet_01v8_hvt:1347 |(no matching instance)                     
  (1,3) = (1045,6)                         |                                           
  2 = 8                                    |                                           
  4 = 1045                                 |                                           
                                           |                                           
                                           |                                           
Instance: sky130_fd_pr__pfet_01v8_hvt:1354 |(no matching instance)                     
  (1,3) = (1045,6)                         |                                           
  2 = 5                                    |                                           
  4 = 1045                                 |                                           
                                           |                                           
                                           |                                           
Instance: sky130_fd_pr__pfet_01v8_hvt:1358 |(no matching instance)                     
  (1,3) = (6,2)                            |                                           
  2 = 6                                    |                                           
  4 = 1045                                 |                                           
                                           |                                           
                                           |                                           
Instance: sky130_fd_pr__pfet_01v8_hvt:1365 |(no matching instance)                     
  (1,3) = (1045,7)                         |                                           
  2 = 6                                    |                                           
  4 = 1045                                 |                                           
                                           |                                           
                                           |                                           
Instance: sky130_fd_pr__pfet_01v8_hvt:1371 |(no matching instance)                     
  (1,3) = (1045,2)                         |                                           
  2 = 36                                   |                                           
  4 = 1045                                 |                                           
                                           |                                           
                                           |                                           
Instance: sky130_fd_pr__pfet_01v8_hvt:1374 |(no matching instance)                     
  (1,3) = (1045,4)                         |                                           
  2 = 4                                    |                                           
  4 = 1045                                 |                                           
                                           |                                           
                                           |                                           
Instance: sky130_fd_pr__pfet_01v8_hvt:1381 |(no matching instance)                     
  (1,3) = (1045,4)                         |                                           
  2 = 6                                    |                                           
  4 = 1045                                 |                                           
                                           |                                           
                                           |                                           
Instance: sky130_fd_pr__pfet_01v8_hvt:1383 |(no matching instance)                     
  (1,3) = (1045,6)                         |                                           
  2 = 6                                    |                                           
  4 = 1045                                 |                                           
                                           |                                           
                                           |                                           
Instance: sky130_fd_pr__pfet_01v8_hvt:1386 |(no matching instance)                     
  (1,3) = (1045,4)                         |                                           
  2 = 6                                    |                                           
  4 = 1045                                 |                                           
                                           |                                           
                                           |                                           
Instance: sky130_fd_pr__pfet_01v8_hvt:1387 |(no matching instance)                     
  (1,3) = (1045,6)                         |                                           
  2 = 8                                    |                                           
  4 = 1045                                 |                                           
                                           |                                           
                                           |                                           
Instance: sky130_fd_pr__pfet_01v8_hvt:1393 |(no matching instance)                     
  (1,3) = (1045,3)                         |                                           
  2 = 6                                    |                                           
  4 = 1045                                 |                                           
                                           |                                           
                                           |                                           
Instance: sky130_fd_pr__pfet_01v8_hvt:1403 |(no matching instance)                     
  (1,3) = (1045,3)                         |                                           
  2 = 6                                    |                                           
  4 = 1045                                 |                                           
                                           |                                           
                                           |                                           
Instance: sky130_fd_pr__pfet_01v8_hvt:1405 |(no matching instance)                     
  (1,3) = (6,6)                            |                                           
  2 = 8                                    |                                           
  4 = 1045                                 |                                           
                                           |                                           
                                           |                                           
Instance: sky130_fd_pr__pfet_01v8_hvt:1406 |(no matching instance)                     
  (1,3) = (6,6)                            |                                           
  2 = 8                                    |                                           
  4 = 1045                                 |                                           
                                           |                                           
                                           |                                           
Instance: sky130_fd_pr__pfet_01v8_hvt:1419 |(no matching instance)                     
  (1,3) = (1045,4)                         |                                           
  2 = 4                                    |                                           
  4 = 1045                                 |                                           
                                           |                                           
                                           |                                           
Instance: sky130_fd_pr__pfet_01v8_hvt:1429 |(no matching instance)                     
  (1,3) = (1045,4)                         |                                           
  2 = 4                                    |                                           
  4 = 1045                                 |                                           
                                           |                                           
                                           |                                           
Instance: sky130_fd_pr__pfet_01v8_hvt:1430 |(no matching instance)                     
  (1,3) = (6,2)                            |                                           
  2 = 4                                    |                                           
  4 = 1045                                 |                                           
                                           |                                           
                                           |                                           
Instance: sky130_fd_pr__pfet_01v8_hvt:1431 |(no matching instance)                     
  (1,3) = (1045,4)                         |                                           
  2 = 9                                    |                                           
  4 = 1045                                 |                                           
                                           |                                           
                                           |                                           
Instance: sky130_fd_pr__pfet_01v8_hvt:1432 |(no matching instance)                     
  (1,3) = (1045,2)                         |                                           
  2 = 7                                    |                                           
  4 = 1045                                 |                                           
                                           |                                           
                                           |                                           
Instance: sky130_fd_pr__pfet_01v8_hvt:1443 |(no matching instance)                     
  (1,3) = (1045,3)                         |                                           
  2 = 6                                    |                                           
  4 = 1045                                 |                                           
                                           |                                           
                                           |                                           
Instance: sky130_fd_pr__pfet_01v8_hvt:1449 |(no matching instance)                     
  (1,3) = (1045,7)                         |                                           
  2 = 6                                    |                                           
  4 = 1045                                 |                                           
                                           |                                           
                                           |                                           
Instance: sky130_fd_pr__pfet_01v8_hvt:1457 |(no matching instance)                     
  (1,3) = (6,6)                            |                                           
  2 = 8                                    |                                           
  4 = 1045                                 |                                           
                                           |                                           
                                           |                                           
Instance: sky130_fd_pr__pfet_01v8_hvt:1462 |(no matching instance)                     
  (1,3) = (1045,4)                         |                                           
  2 = 4                                    |                                           
  4 = 1045                                 |                                           
                                           |                                           
                                           |                                           
Instance: sky130_fd_pr__pfet_01v8_hvt:1463 |(no matching instance)                     
  (1,3) = (1045,3)                         |                                           
  2 = 6                                    |                                           
  4 = 1045                                 |                                           
                                           |                                           
                                           |                                           
Instance: sky130_fd_pr__pfet_01v8_hvt:1476 |(no matching instance)                     
  (1,3) = (1045,2)                         |                                           
  2 = 5                                    |                                           
  4 = 1045                                 |                                           
                                           |                                           
                                           |                                           
Instance: sky130_fd_pr__pfet_01v8_hvt:1479 |(no matching instance)                     
  (1,3) = (1045,4)                         |                                           
  2 = 36                                   |                                           
  4 = 1045                                 |                                           
                                           |                                           
                                           |                                           
Instance: sky130_fd_pr__pfet_01v8_hvt:1483 |(no matching instance)                     
  (1,3) = (1045,7)                         |                                           
  2 = 6                                    |                                           
  4 = 1045                                 |                                           
                                           |                                           
                                           |                                           
Instance: sky130_fd_pr__pfet_01v8_hvt:1488 |(no matching instance)                     
  (1,3) = (1045,8)                         |                                           
  2 = 14                                   |                                           
  4 = 1045                                 |                                           
                                           |                                           
                                           |                                           
Instance: sky130_fd_pr__pfet_01v8_hvt:1489 |(no matching instance)                     
  (1,3) = (1045,4)                         |                                           
  2 = 15                                   |                                           
  4 = 1045                                 |                                           
                                           |                                           
                                           |                                           
Instance: sky130_fd_pr__pfet_01v8_hvt:1490 |(no matching instance)                     
  (1,3) = (1045,3)                         |                                           
  2 = 6                                    |                                           
  4 = 1045                                 |                                           
                                           |                                           
                                           |                                           
Instance: sky130_fd_pr__pfet_01v8_hvt:1504 |(no matching instance)                     
  (1,3) = (1045,2)                         |                                           
  2 = 4                                    |                                           
  4 = 1045                                 |                                           
                                           |                                           
                                           |                                           
Instance: sky130_fd_pr__pfet_01v8_hvt:1507 |(no matching instance)                     
  (1,3) = (1045,3)                         |                                           
  2 = 6                                    |                                           
  4 = 1045                                 |                                           
                                           |                                           
                                           |                                           
Instance: sky130_fd_pr__pfet_01v8_hvt:1523 |(no matching instance)                     
  (1,3) = (5,5)                            |                                           
  2 = 8                                    |                                           
  4 = 1045                                 |                                           
                                           |                                           
                                           |                                           
Instance: sky130_fd_pr__pfet_01v8_hvt:1524 |(no matching instance)                     
  (1,3) = (6,2)                            |                                           
  2 = 6                                    |                                           
  4 = 1045                                 |                                           
                                           |                                           
                                           |                                           
Instance: sky130_fd_pr__pfet_01v8_hvt:1526 |(no matching instance)                     
  (1,3) = (6,3)                            |                                           
  2 = 8                                    |                                           
  4 = 1045                                 |                                           
                                           |                                           
                                           |                                           
Instance: sky130_fd_pr__pfet_01v8_hvt:1531 |(no matching instance)                     
  (1,3) = (6,3)                            |                                           
  2 = 8                                    |                                           
  4 = 1045                                 |                                           
                                           |                                           
                                           |                                           
Instance: sky130_fd_pr__pfet_01v8_hvt:1542 |(no matching instance)                     
  (1,3) = (1045,7)                         |                                           
  2 = 6                                    |                                           
  4 = 1045                                 |                                           
                                           |                                           
                                           |                                           
Instance: sky130_fd_pr__pfet_01v8_hvt:1543 |(no matching instance)                     
  (1,3) = (6,2)                            |                                           
  2 = 6                                    |                                           
  4 = 1045                                 |                                           
                                           |                                           
                                           |                                           
Instance: sky130_fd_pr__pfet_01v8_hvt:1545 |(no matching instance)                     
  (1,3) = (1045,3)                         |                                           
  2 = 6                                    |                                           
  4 = 1045                                 |                                           
                                           |                                           
                                           |                                           
Instance: sky130_fd_pr__pfet_01v8_hvt:1548 |(no matching instance)                     
  (1,3) = (1045,4)                         |                                           
  2 = 4                                    |                                           
  4 = 1045                                 |                                           
                                           |                                           
                                           |                                           
Instance: sky130_fd_pr__pfet_01v8_hvt:1549 |(no matching instance)                     
  (1,3) = (1045,4)                         |                                           
  2 = 4                                    |                                           
  4 = 1045                                 |                                           
                                           |                                           
                                           |                                           
Instance: sky130_fd_pr__pfet_01v8_hvt:1553 |(no matching instance)                     
  (1,3) = (6,3)                            |                                           
  2 = 8                                    |                                           
  4 = 1045                                 |                                           
                                           |                                           
                                           |                                           
Instance: sky130_fd_pr__pfet_01v8_hvt:1555 |(no matching instance)                     
  (1,3) = (6,4)                            |                                           
  2 = 6                                    |                                           
  4 = 1045                                 |                                           
                                           |                                           
                                           |                                           
Instance: sky130_fd_pr__pfet_01v8_hvt:1557 |(no matching instance)                     
  (1,3) = (6,4)                            |                                           
  2 = 6                                    |                                           
  4 = 1045                                 |                                           
                                           |                                           
                                           |                                           
Instance: sky130_fd_pr__pfet_01v8_hvt:1562 |(no matching instance)                     
  (1,3) = (1045,8)                         |                                           
  2 = 14                                   |                                           
  4 = 1045                                 |                                           
                                           |                                           
                                           |                                           
Instance: sky130_fd_pr__pfet_01v8_hvt:1565 |(no matching instance)                     
  (1,3) = (1045,3)                         |                                           
  2 = 7                                    |                                           
  4 = 1045                                 |                                           
                                           |                                           
                                           |                                           
Instance: sky130_fd_pr__pfet_01v8_hvt:1567 |(no matching instance)                     
  (1,3) = (1045,4)                         |                                           
  2 = 4                                    |                                           
  4 = 1045                                 |                                           
                                           |                                           
                                           |                                           
Instance: sky130_fd_pr__pfet_01v8_hvt:1572 |(no matching instance)                     
  (1,3) = (1045,6)                         |                                           
  2 = 4                                    |                                           
  4 = 1045                                 |                                           
                                           |                                           
                                           |                                           
Instance: sky130_fd_pr__pfet_01v8_hvt:1574 |(no matching instance)                     
  (1,3) = (1045,6)                         |                                           
  2 = 8                                    |                                           
  4 = 1045                                 |                                           
                                           |                                           
                                           |                                           
Instance: sky130_fd_pr__pfet_01v8_hvt:1577 |(no matching instance)                     
  (1,3) = (6,4)                            |                                           
  2 = 6                                    |                                           
  4 = 1045                                 |                                           
                                           |                                           
                                           |                                           
Instance: sky130_fd_pr__pfet_01v8_hvt:1581 |(no matching instance)                     
  (1,3) = (1045,3)                         |                                           
  2 = 7                                    |                                           
  4 = 1045                                 |                                           
                                           |                                           
                                           |                                           
Instance: sky130_fd_pr__pfet_01v8_hvt:1582 |(no matching instance)                     
  (1,3) = (1045,7)                         |                                           
  2 = 6                                    |                                           
  4 = 1045                                 |                                           
                                           |                                           
                                           |                                           
Instance: sky130_fd_pr__pfet_01v8_hvt:1586 |(no matching instance)                     
  (1,3) = (1045,6)                         |                                           
  2 = 8                                    |                                           
  4 = 1045                                 |                                           
                                           |                                           
                                           |                                           
Instance: sky130_fd_pr__pfet_01v8_hvt:1591 |(no matching instance)                     
  (1,3) = (1045,4)                         |                                           
  2 = 4                                    |                                           
  4 = 1045                                 |                                           
                                           |                                           
                                           |                                           
Instance: sky130_fd_pr__pfet_01v8_hvt:1592 |(no matching instance)                     
  (1,3) = (6,2)                            |                                           
  2 = 6                                    |                                           
  4 = 1045                                 |                                           
                                           |                                           
                                           |                                           
Instance: sky130_fd_pr__pfet_01v8_hvt:1594 |(no matching instance)                     
  (1,3) = (1045,2)                         |                                           
  2 = 6                                    |                                           
  4 = 1045                                 |                                           
                                           |                                           
                                           |                                           
Instance: sky130_fd_pr__pfet_01v8_hvt:1596 |(no matching instance)                     
  (1,3) = (1045,4)                         |                                           
  2 = 4                                    |                                           
  4 = 1045                                 |                                           
                                           |                                           
                                           |                                           
Instance: sky130_fd_pr__pfet_01v8_hvt:1599 |(no matching instance)                     
  (1,3) = (1045,2)                         |                                           
  2 = 4                                    |                                           
  4 = 1045                                 |                                           
                                           |                                           
                                           |                                           
Instance: sky130_fd_pr__pfet_01v8_hvt:1601 |(no matching instance)                     
  (1,3) = (1045,4)                         |                                           
  2 = 36                                   |                                           
  4 = 1045                                 |                                           
                                           |                                           
                                           |                                           
Instance: sky130_fd_pr__pfet_01v8_hvt:1603 |(no matching instance)                     
  (1,3) = (1045,4)                         |                                           
  2 = 4                                    |                                           
  4 = 1045                                 |                                           
                                           |                                           
                                           |                                           
Instance: sky130_fd_pr__pfet_01v8_hvt:1614 |(no matching instance)                     
  (1,3) = (1045,6)                         |                                           
  2 = 8                                    |                                           
  4 = 1045                                 |                                           
                                           |                                           
                                           |                                           
Instance: sky130_fd_pr__pfet_01v8_hvt:1619 |(no matching instance)                     
  (1,3) = (1045,4)                         |                                           
  2 = 4                                    |                                           
  4 = 1045                                 |                                           
                                           |                                           
                                           |                                           
Instance: sky130_fd_pr__pfet_01v8_hvt:1629 |(no matching instance)                     
  (1,3) = (6,6)                            |                                           
  2 = 8                                    |                                           
  4 = 1045                                 |                                           
                                           |                                           
                                           |                                           
Instance: sky130_fd_pr__pfet_01v8_hvt:1635 |(no matching instance)                     
  (1,3) = (1045,4)                         |                                           
  2 = 36                                   |                                           
  4 = 1045                                 |                                           
                                           |                                           
                                           |                                           
Instance: sky130_fd_pr__pfet_01v8_hvt:1643 |(no matching instance)                     
  (1,3) = (1045,2)                         |                                           
  2 = 7                                    |                                           
  4 = 1045                                 |                                           
                                           |                                           
                                           |                                           
Instance: sky130_fd_pr__pfet_01v8_hvt:1646 |(no matching instance)                     
  (1,3) = (1045,4)                         |                                           
  2 = 6                                    |                                           
  4 = 1045                                 |                                           
                                           |                                           
                                           |                                           
Instance: sky130_fd_pr__pfet_01v8_hvt:1651 |(no matching instance)                     
  (1,3) = (1045,6)                         |                                           
  2 = 6                                    |                                           
  4 = 1045                                 |                                           
                                           |                                           
                                           |                                           
Instance: sky130_fd_pr__pfet_01v8_hvt:1652 |(no matching instance)                     
  (1,3) = (1045,4)                         |                                           
  2 = 4                                    |                                           
  4 = 1045                                 |                                           
                                           |                                           
                                           |                                           
Instance: sky130_fd_pr__pfet_01v8_hvt:1653 |(no matching instance)                     
  (1,3) = (1045,5)                         |                                           
  2 = 4                                    |                                           
  4 = 1045                                 |                                           
                                           |                                           
                                           |                                           
Instance: sky130_fd_pr__pfet_01v8_hvt:1657 |(no matching instance)                     
  (1,3) = (6,2)                            |                                           
  2 = 6                                    |                                           
  4 = 1045                                 |                                           
                                           |                                           
                                           |                                           
Instance: sky130_fd_pr__pfet_01v8_hvt:1661 |(no matching instance)                     
  (1,3) = (6,2)                            |                                           
  2 = 13                                   |                                           
  4 = 1045                                 |                                           
                                           |                                           
                                           |                                           
Instance: sky130_fd_pr__pfet_01v8_hvt:1662 |(no matching instance)                     
  (1,3) = (1045,3)                         |                                           
  2 = 6                                    |                                           
  4 = 1045                                 |                                           
                                           |                                           
                                           |                                           
Instance: sky130_fd_pr__pfet_01v8_hvt:1665 |(no matching instance)                     
  (1,3) = (1045,2)                         |                                           
  2 = 4                                    |                                           
  4 = 1045                                 |                                           
                                           |                                           
                                           |                                           
Instance: sky130_fd_pr__pfet_01v8_hvt:1671 |(no matching instance)                     
  (1,3) = (1045,6)                         |                                           
  2 = 6                                    |                                           
  4 = 1045                                 |                                           
                                           |                                           
                                           |                                           
Instance: sky130_fd_pr__pfet_01v8_hvt:1674 |(no matching instance)                     
  (1,3) = (1045,4)                         |                                           
  2 = 6                                    |                                           
  4 = 1045                                 |                                           
                                           |                                           
                                           |                                           
Instance: sky130_fd_pr__pfet_01v8_hvt:1680 |(no matching instance)                     
  (1,3) = (1045,4)                         |                                           
  2 = 4                                    |                                           
  4 = 1045                                 |                                           
                                           |                                           
                                           |                                           
Instance: sky130_fd_pr__pfet_01v8_hvt:1681 |(no matching instance)                     
  (1,3) = (6,6)                            |                                           
  2 = 8                                    |                                           
  4 = 1045                                 |                                           
                                           |                                           
                                           |                                           
Instance: sky130_fd_pr__pfet_01v8_hvt:1686 |(no matching instance)                     
  (1,3) = (1045,5)                         |                                           
  2 = 13                                   |                                           
  4 = 1045                                 |                                           
                                           |                                           
                                           |                                           
Instance: sky130_fd_pr__pfet_01v8_hvt:1687 |(no matching instance)                     
  (1,3) = (1045,6)                         |                                           
  2 = 6                                    |                                           
  4 = 1045                                 |                                           
                                           |                                           
                                           |                                           
Instance: sky130_fd_pr__pfet_01v8_hvt:1703 |(no matching instance)                     
  (1,3) = (1045,7)                         |                                           
  2 = 6                                    |                                           
  4 = 1045                                 |                                           
                                           |                                           
                                           |                                           
Instance: sky130_fd_pr__pfet_01v8_hvt:1705 |(no matching instance)                     
  (1,3) = (1045,6)                         |                                           
  2 = 6                                    |                                           
  4 = 1045                                 |                                           
                                           |                                           
                                           |                                           
Instance: sky130_fd_pr__pfet_01v8_hvt:1709 |(no matching instance)                     
  (1,3) = (6,2)                            |                                           
  2 = 6                                    |                                           
  4 = 1045                                 |                                           
                                           |                                           
                                           |                                           
Instance: sky130_fd_pr__pfet_01v8_hvt:1711 |(no matching instance)                     
  (1,3) = (1045,6)                         |                                           
  2 = 13                                   |                                           
  4 = 1045                                 |                                           
                                           |                                           
                                           |                                           
Instance: sky130_fd_pr__pfet_01v8_hvt:1714 |(no matching instance)                     
  (1,3) = (1045,4)                         |                                           
  2 = 16                                   |                                           
  4 = 1045                                 |                                           
                                           |                                           
                                           |                                           
Instance: sky130_fd_pr__pfet_01v8_hvt:1716 |(no matching instance)                     
  (1,3) = (1045,8)                         |                                           
  2 = 16                                   |                                           
  4 = 1045                                 |                                           
                                           |                                           
                                           |                                           
Instance: sky130_fd_pr__pfet_01v8_hvt:1717 |(no matching instance)                     
  (1,3) = (1045,8)                         |                                           
  2 = 14                                   |                                           
  4 = 1045                                 |                                           
                                           |                                           
                                           |                                           
Instance: sky130_fd_pr__pfet_01v8_hvt:1719 |(no matching instance)                     
  (1,3) = (1045,4)                         |                                           
  2 = 5                                    |                                           
  4 = 1045                                 |                                           
                                           |                                           
                                           |                                           
Instance: sky130_fd_pr__pfet_01v8_hvt:1720 |(no matching instance)                     
  (1,3) = (1045,4)                         |                                           
  2 = 4                                    |                                           
  4 = 1045                                 |                                           
                                           |                                           
                                           |                                           
Instance: sky130_fd_pr__pfet_01v8_hvt:1730 |(no matching instance)                     
  (1,3) = (1045,3)                         |                                           
  2 = 6                                    |                                           
  4 = 1045                                 |                                           
                                           |                                           
                                           |                                           
Instance: sky130_fd_pr__pfet_01v8_hvt:1736 |(no matching instance)                     
  (1,3) = (1045,4)                         |                                           
  2 = 4                                    |                                           
  4 = 1045                                 |                                           
                                           |                                           
                                           |                                           
Instance: sky130_fd_pr__pfet_01v8_hvt:1740 |(no matching instance)                     
  (1,3) = (6,6)                            |                                           
  2 = 8                                    |                                           
  4 = 1045                                 |                                           
                                           |                                           
                                           |                                           
Instance: sky130_fd_pr__pfet_01v8_hvt:1745 |(no matching instance)                     
  (1,3) = (1045,4)                         |                                           
  2 = 6                                    |                                           
  4 = 1045                                 |                                           
                                           |                                           
                                           |                                           
Instance: sky130_fd_pr__pfet_01v8_hvt:1750 |(no matching instance)                     
  (1,3) = (1045,2)                         |                                           
  2 = 8                                    |                                           
  4 = 1045                                 |                                           
                                           |                                           
                                           |                                           
Instance: sky130_fd_pr__pfet_01v8_hvt:1751 |(no matching instance)                     
  (1,3) = (6,6)                            |                                           
  2 = 8                                    |                                           
  4 = 1045                                 |                                           
                                           |                                           
                                           |                                           
Instance: sky130_fd_pr__pfet_01v8_hvt:1758 |(no matching instance)                     
  (1,3) = (1045,4)                         |                                           
  2 = 36                                   |                                           
  4 = 1045                                 |                                           
                                           |                                           
                                           |                                           
Instance: sky130_fd_pr__pfet_01v8_hvt:1765 |(no matching instance)                     
  (1,3) = (1045,3)                         |                                           
  2 = 4                                    |                                           
  4 = 1045                                 |                                           
                                           |                                           
                                           |                                           
Instance: sky130_fd_pr__pfet_01v8_hvt:1771 |(no matching instance)                     
  (1,3) = (1045,2)                         |                                           
  2 = 7                                    |                                           
  4 = 1045                                 |                                           
                                           |                                           
                                           |                                           
Instance: sky130_fd_pr__pfet_01v8_hvt:1775 |(no matching instance)                     
  (1,3) = (6,2)                            |                                           
  2 = 10                                   |                                           
  4 = 1045                                 |                                           
                                           |                                           
                                           |                                           
Instance: sky130_fd_pr__pfet_01v8_hvt:1779 |(no matching instance)                     
  (1,3) = (1045,6)                         |                                           
  2 = 6                                    |                                           
  4 = 1045                                 |                                           
                                           |                                           
                                           |                                           
Instance: sky130_fd_pr__pfet_01v8_hvt:1789 |(no matching instance)                     
  (1,3) = (6,2)                            |                                           
  2 = 6                                    |                                           
  4 = 1045                                 |                                           
                                           |                                           
                                           |                                           
Instance: sky130_fd_pr__pfet_01v8_hvt:1790 |(no matching instance)                     
  (1,3) = (1045,6)                         |                                           
  2 = 13                                   |                                           
  4 = 1045                                 |                                           
                                           |                                           
                                           |                                           
Instance: sky130_fd_pr__pfet_01v8_hvt:1792 |(no matching instance)                     
  (1,3) = (1045,2)                         |                                           
  2 = 7                                    |                                           
  4 = 1045                                 |                                           
                                           |                                           
                                           |                                           
Instance: sky130_fd_pr__pfet_01v8_hvt:1795 |(no matching instance)                     
  (1,3) = (1045,4)                         |                                           
  2 = 6                                    |                                           
  4 = 1045                                 |                                           
                                           |                                           
                                           |                                           
Instance: sky130_fd_pr__pfet_01v8_hvt:1797 |(no matching instance)                     
  (1,3) = (1045,2)                         |                                           
  2 = 36                                   |                                           
  4 = 1045                                 |                                           
                                           |                                           
                                           |                                           
Instance: sky130_fd_pr__pfet_01v8_hvt:1799 |(no matching instance)                     
  (1,3) = (1045,7)                         |                                           
  2 = 6                                    |                                           
  4 = 1045                                 |                                           
                                           |                                           
                                           |                                           
Instance: sky130_fd_pr__pfet_01v8_hvt:1807 |(no matching instance)                     
  (1,3) = (6,6)                            |                                           
  2 = 8                                    |                                           
  4 = 1045                                 |                                           
                                           |                                           
                                           |                                           
Instance: sky130_fd_pr__pfet_01v8_hvt:1812 |(no matching instance)                     
  (1,3) = (1045,3)                         |                                           
  2 = 6                                    |                                           
  4 = 1045                                 |                                           
                                           |                                           
                                           |                                           
Instance: sky130_fd_pr__pfet_01v8_hvt:1822 |(no matching instance)                     
  (1,3) = (1045,5)                         |                                           
  2 = 12                                   |                                           
  4 = 1045                                 |                                           
                                           |                                           
                                           |                                           
Instance: sky130_fd_pr__pfet_01v8_hvt:1826 |(no matching instance)                     
  (1,3) = (6,2)                            |                                           
  2 = 4                                    |                                           
  4 = 1045                                 |                                           
                                           |                                           
                                           |                                           
Instance: sky130_fd_pr__pfet_01v8_hvt:1832 |(no matching instance)                     
  (1,3) = (1045,3)                         |                                           
  2 = 6                                    |                                           
  4 = 1045                                 |                                           
                                           |                                           
                                           |                                           
Instance: sky130_fd_pr__pfet_01v8_hvt:1834 |(no matching instance)                     
  (1,3) = (1045,5)                         |                                           
  2 = 22                                   |                                           
  4 = 1045                                 |                                           
                                           |                                           
                                           |                                           
Instance: sky130_fd_pr__pfet_01v8_hvt:1840 |(no matching instance)                     
  (1,3) = (1045,4)                         |                                           
  2 = 5                                    |                                           
  4 = 1045                                 |                                           
                                           |                                           
                                           |                                           
Instance: sky130_fd_pr__pfet_01v8_hvt:1841 |(no matching instance)                     
  (1,3) = (1045,6)                         |                                           
  2 = 12                                   |                                           
  4 = 1045                                 |                                           
                                           |                                           
                                           |                                           
Instance: sky130_fd_pr__pfet_01v8_hvt:1842 |(no matching instance)                     
  (1,3) = (1045,6)                         |                                           
  2 = 6                                    |                                           
  4 = 1045                                 |                                           
                                           |                                           
                                           |                                           
Instance: sky130_fd_pr__pfet_01v8_hvt:1848 |(no matching instance)                     
  (1,3) = (1045,7)                         |                                           
  2 = 7                                    |                                           
  4 = 1045                                 |                                           
                                           |                                           
                                           |                                           
Instance: sky130_fd_pr__pfet_01v8_hvt:1852 |(no matching instance)                     
  (1,3) = (1045,4)                         |                                           
  2 = 4                                    |                                           
  4 = 1045                                 |                                           
                                           |                                           
                                           |                                           
Instance: sky130_fd_pr__pfet_01v8_hvt:1857 |(no matching instance)                     
  (1,3) = (1045,3)                         |                                           
  2 = 6                                    |                                           
  4 = 1045                                 |                                           
                                           |                                           
                                           |                                           
Instance: sky130_fd_pr__pfet_01v8_hvt:1866 |(no matching instance)                     
  (1,3) = (6,6)                            |                                           
  2 = 8                                    |                                           
  4 = 1045                                 |                                           
                                           |                                           
                                           |                                           
Instance: sky130_fd_pr__pfet_01v8_hvt:1870 |(no matching instance)                     
  (1,3) = (1045,7)                         |                                           
  2 = 6                                    |                                           
  4 = 1045                                 |                                           
                                           |                                           
                                           |                                           
Instance: sky130_fd_pr__pfet_01v8_hvt:1871 |(no matching instance)                     
  (1,3) = (1045,8)                         |                                           
  2 = 16                                   |                                           
  4 = 1045                                 |                                           
                                           |                                           
                                           |                                           
Instance: sky130_fd_pr__nfet_01v8:3        |(no matching instance)                     
  (1,3) = (6,2)                            |                                           
  2 = 12                                   |                                           
  4 = 1039                                 |                                           
                                           |                                           
                                           |                                           
Instance: sky130_fd_pr__nfet_01v8:4        |(no matching instance)                     
  (1,3) = (1039,6)                         |                                           
  2 = 16                                   |                                           
  4 = 1039                                 |                                           
                                           |                                           
                                           |                                           
Instance: sky130_fd_pr__nfet_01v8:5        |(no matching instance)                     
  (1,3) = (1039,7)                         |                                           
  2 = 22                                   |                                           
  4 = 1039                                 |                                           
                                           |                                           
                                           |                                           
Instance: sky130_fd_pr__nfet_01v8:6        |(no matching instance)                     
  (1,3) = (1039,2)                         |                                           
  2 = 7                                    |                                           
  4 = 1039                                 |                                           
                                           |                                           
                                           |                                           
Instance: sky130_fd_pr__nfet_01v8:8        |(no matching instance)                     
  (1,3) = (1039,4)                         |                                           
  2 = 4                                    |                                           
  4 = 1039                                 |                                           
                                           |                                           
                                           |                                           
Instance: sky130_fd_pr__nfet_01v8:12       |(no matching instance)                     
  (1,3) = (1039,6)                         |                                           
  2 = 16                                   |                                           
  4 = 1039                                 |                                           
                                           |                                           
                                           |                                           
Instance: sky130_fd_pr__nfet_01v8:13       |(no matching instance)                     
  (1,3) = (1039,5)                         |                                           
  2 = 5                                    |                                           
  4 = 1039                                 |                                           
                                           |                                           
                                           |                                           
Instance: sky130_fd_pr__nfet_01v8:14       |(no matching instance)                     
  (1,3) = (1039,4)                         |                                           
  2 = 4                                    |                                           
  4 = 1039                                 |                                           
                                           |                                           
                                           |                                           
Instance: sky130_fd_pr__nfet_01v8:16       |(no matching instance)                     
  (1,3) = (1039,6)                         |                                           
  2 = 7                                    |                                           
  4 = 1039                                 |                                           
                                           |                                           
                                           |                                           
Instance: sky130_fd_pr__nfet_01v8:18       |(no matching instance)                     
  (1,3) = (1039,6)                         |                                           
  2 = 6                                    |                                           
  4 = 1039                                 |                                           
                                           |                                           
                                           |                                           
Instance: sky130_fd_pr__nfet_01v8:19       |(no matching instance)                     
  (1,3) = (1039,2)                         |                                           
  2 = 36                                   |                                           
  4 = 1039                                 |                                           
                                           |                                           
                                           |                                           
Instance: sky130_fd_pr__nfet_01v8:20       |(no matching instance)                     
  (1,3) = (1039,1039)                      |                                           
  2 = 1045                                 |                                           
  4 = 1039                                 |                                           
                                           |                                           
                                           |                                           
Instance: sky130_fd_pr__nfet_01v8:31       |(no matching instance)                     
  (1,3) = (1039,8)                         |                                           
  2 = 7                                    |                                           
  4 = 1039                                 |                                           
                                           |                                           
                                           |                                           
Instance: sky130_fd_pr__nfet_01v8:34       |(no matching instance)                     
  (1,3) = (1039,2)                         |                                           
  2 = 6                                    |                                           
  4 = 1039                                 |                                           
                                           |                                           
                                           |                                           
Instance: sky130_fd_pr__nfet_01v8:37       |(no matching instance)                     
  (1,3) = (1039,2)                         |                                           
  2 = 4                                    |                                           
  4 = 1039                                 |                                           
                                           |                                           
                                           |                                           
Instance: sky130_fd_pr__nfet_01v8:42       |(no matching instance)                     
  (1,3) = (2,2)                            |                                           
  2 = 6                                    |                                           
  4 = 1039                                 |                                           
                                           |                                           
                                           |                                           
Instance: sky130_fd_pr__nfet_01v8:46       |(no matching instance)                     
  (1,3) = (1039,8)                         |                                           
  2 = 14                                   |                                           
  4 = 1039                                 |                                           
                                           |                                           
                                           |                                           
Instance: sky130_fd_pr__nfet_01v8:47       |(no matching instance)                     
  (1,3) = (1039,6)                         |                                           
  2 = 7                                    |                                           
  4 = 1039                                 |                                           
                                           |                                           
                                           |                                           
Instance: sky130_fd_pr__nfet_01v8:53       |(no matching instance)                     
  (1,3) = (1039,16)                        |                                           
  2 = 4                                    |                                           
  4 = 1039                                 |                                           
                                           |                                           
                                           |                                           
Instance: sky130_fd_pr__nfet_01v8:54       |(no matching instance)                     
  (1,3) = (1039,6)                         |                                           
  2 = 4                                    |                                           
  4 = 1039                                 |                                           
                                           |                                           
                                           |                                           
Instance: sky130_fd_pr__nfet_01v8:58       |(no matching instance)                     
  (1,3) = (1039,4)                         |                                           
  2 = 6                                    |                                           
  4 = 1039                                 |                                           
                                           |                                           
                                           |                                           
Instance: sky130_fd_pr__nfet_01v8:64       |(no matching instance)                     
  (1,3) = (1039,2)                         |                                           
  2 = 15                                   |                                           
  4 = 1039                                 |                                           
                                           |                                           
                                           |                                           
Instance: sky130_fd_pr__nfet_01v8:69       |(no matching instance)                     
  (1,3) = (1039,4)                         |                                           
  2 = 4                                    |                                           
  4 = 1039                                 |                                           
                                           |                                           
                                           |                                           
Instance: sky130_fd_pr__nfet_01v8:73       |(no matching instance)                     
  (1,3) = (1039,6)                         |                                           
  2 = 8                                    |                                           
  4 = 1039                                 |                                           
                                           |                                           
                                           |                                           
Instance: sky130_fd_pr__nfet_01v8:77       |(no matching instance)                     
  (1,3) = (1039,4)                         |                                           
  2 = 5                                    |                                           
  4 = 1039                                 |                                           
                                           |                                           
                                           |                                           
Instance: sky130_fd_pr__nfet_01v8:83       |(no matching instance)                     
  (1,3) = (1039,4)                         |                                           
  2 = 6                                    |                                           
  4 = 1039                                 |                                           
                                           |                                           
                                           |                                           
Instance: sky130_fd_pr__nfet_01v8:86       |(no matching instance)                     
  (1,3) = (1039,4)                         |                                           
  2 = 4                                    |                                           
  4 = 1039                                 |                                           
                                           |                                           
                                           |                                           
Instance: sky130_fd_pr__nfet_01v8:88       |(no matching instance)                     
  (1,3) = (1039,5)                         |                                           
  2 = 13                                   |                                           
  4 = 1039                                 |                                           
                                           |                                           
                                           |                                           
Instance: sky130_fd_pr__nfet_01v8:89       |(no matching instance)                     
  (1,3) = (1039,2)                         |                                           
  2 = 7                                    |                                           
  4 = 1039                                 |                                           
                                           |                                           
                                           |                                           
Instance: sky130_fd_pr__nfet_01v8:92       |(no matching instance)                     
  (1,3) = (1039,4)                         |                                           
  2 = 14                                   |                                           
  4 = 1039                                 |                                           
                                           |                                           
                                           |                                           
Instance: sky130_fd_pr__nfet_01v8:93       |(no matching instance)                     
  (1,3) = (1039,4)                         |                                           
  2 = 4                                    |                                           
  4 = 1039                                 |                                           
                                           |                                           
                                           |                                           
Instance: sky130_fd_pr__nfet_01v8:94       |(no matching instance)                     
  (1,3) = (1039,2)                         |                                           
  2 = 7                                    |                                           
  4 = 1039                                 |                                           
                                           |                                           
                                           |                                           
Instance: sky130_fd_pr__nfet_01v8:96       |(no matching instance)                     
  (1,3) = (1039,7)                         |                                           
  2 = 22                                   |                                           
  4 = 1039                                 |                                           
                                           |                                           
                                           |                                           
Instance: sky130_fd_pr__nfet_01v8:99       |(no matching instance)                     
  (1,3) = (1039,4)                         |                                           
  2 = 5                                    |                                           
  4 = 1039                                 |                                           
                                           |                                           
                                           |                                           
Instance: sky130_fd_pr__nfet_01v8:103      |(no matching instance)                     
  (1,3) = (1039,2)                         |                                           
  2 = 7                                    |                                           
  4 = 1039                                 |                                           
                                           |                                           
                                           |                                           
Instance: sky130_fd_pr__nfet_01v8:105      |(no matching instance)                     
  (1,3) = (1039,4)                         |                                           
  2 = 4                                    |                                           
  4 = 1039                                 |                                           
                                           |                                           
                                           |                                           
Instance: sky130_fd_pr__nfet_01v8:107      |(no matching instance)                     
  (1,3) = (1039,6)                         |                                           
  2 = 16                                   |                                           
  4 = 1039                                 |                                           
                                           |                                           
                                           |                                           
Instance: sky130_fd_pr__nfet_01v8:108      |(no matching instance)                     
  (1,3) = (1039,6)                         |                                           
  2 = 6                                    |                                           
  4 = 1039                                 |                                           
                                           |                                           
                                           |                                           
Instance: sky130_fd_pr__nfet_01v8:109      |(no matching instance)                     
  (1,3) = (1039,4)                         |                                           
  2 = 36                                   |                                           
  4 = 1039                                 |                                           
                                           |                                           
                                           |                                           
Instance: sky130_fd_pr__nfet_01v8:112      |(no matching instance)                     
  (1,3) = (1039,7)                         |                                           
  2 = 22                                   |                                           
  4 = 1039                                 |                                           
                                           |                                           
                                           |                                           
Instance: sky130_fd_pr__nfet_01v8:115      |(no matching instance)                     
  (1,3) = (1039,4)                         |                                           
  2 = 9                                    |                                           
  4 = 1039                                 |                                           
                                           |                                           
                                           |                                           
Instance: sky130_fd_pr__nfet_01v8:116      |(no matching instance)                     
  (1,3) = (1039,4)                         |                                           
  2 = 5                                    |                                           
  4 = 1039                                 |                                           
                                           |                                           
                                           |                                           
Instance: sky130_fd_pr__nfet_01v8:118      |(no matching instance)                     
  (1,3) = (2,2)                            |                                           
  2 = 6                                    |                                           
  4 = 1039                                 |                                           
                                           |                                           
                                           |                                           
Instance: sky130_fd_pr__nfet_01v8:121      |(no matching instance)                     
  (1,3) = (1039,2)                         |                                           
  2 = 7                                    |                                           
  4 = 1039                                 |                                           
                                           |                                           
                                           |                                           
Instance: sky130_fd_pr__nfet_01v8:125      |(no matching instance)                     
  (1,3) = (1039,4)                         |                                           
  2 = 2                                    |                                           
  4 = 1039                                 |                                           
                                           |                                           
                                           |                                           
Instance: sky130_fd_pr__nfet_01v8:126      |(no matching instance)                     
  (1,3) = (1039,4)                         |                                           
  2 = 4                                    |                                           
  4 = 1039                                 |                                           
                                           |                                           
                                           |                                           
Instance: sky130_fd_pr__nfet_01v8:128      |(no matching instance)                     
  (1,3) = (1039,8)                         |                                           
  2 = 6                                    |                                           
  4 = 1039                                 |                                           
                                           |                                           
                                           |                                           
Instance: sky130_fd_pr__nfet_01v8:129      |(no matching instance)                     
  (1,3) = (1039,4)                         |                                           
  2 = 5                                    |                                           
  4 = 1039                                 |                                           
                                           |                                           
                                           |                                           
Instance: sky130_fd_pr__nfet_01v8:130      |(no matching instance)                     
  (1,3) = (1039,5)                         |                                           
  2 = 5                                    |                                           
  4 = 1039                                 |                                           
                                           |                                           
                                           |                                           
Instance: sky130_fd_pr__nfet_01v8:133      |(no matching instance)                     
  (1,3) = (1039,4)                         |                                           
  2 = 6                                    |                                           
  4 = 1039                                 |                                           
                                           |                                           
                                           |                                           
Instance: sky130_fd_pr__nfet_01v8:135      |(no matching instance)                     
  (1,3) = (1039,6)                         |                                           
  2 = 16                                   |                                           
  4 = 1039                                 |                                           
                                           |                                           
                                           |                                           
Instance: sky130_fd_pr__nfet_01v8:142      |(no matching instance)                     
  (1,3) = (7,2)                            |                                           
  2 = 6                                    |                                           
  4 = 1039                                 |                                           
                                           |                                           
                                           |                                           
Instance: sky130_fd_pr__nfet_01v8:149      |(no matching instance)                     
  (1,3) = (2,2)                            |                                           
  2 = 6                                    |                                           
  4 = 1039                                 |                                           
                                           |                                           
                                           |                                           
Instance: sky130_fd_pr__nfet_01v8:151      |(no matching instance)                     
  (1,3) = (1039,5)                         |                                           
  2 = 19                                   |                                           
  4 = 1039                                 |                                           
                                           |                                           
                                           |                                           
Instance: sky130_fd_pr__nfet_01v8:154      |(no matching instance)                     
  (1,3) = (1039,2)                         |                                           
  2 = 7                                    |                                           
  4 = 1039                                 |                                           
                                           |                                           
                                           |                                           
Instance: sky130_fd_pr__nfet_01v8:157      |(no matching instance)                     
  (1,3) = (1039,5)                         |                                           
  2 = 5                                    |                                           
  4 = 1039                                 |                                           
                                           |                                           
                                           |                                           
Instance: sky130_fd_pr__nfet_01v8:170      |(no matching instance)                     
  (1,3) = (1039,7)                         |                                           
  2 = 22                                   |                                           
  4 = 1039                                 |                                           
                                           |                                           
                                           |                                           
Instance: sky130_fd_pr__nfet_01v8:172      |(no matching instance)                     
  (1,3) = (1039,2)                         |                                           
  2 = 6                                    |                                           
  4 = 1039                                 |                                           
                                           |                                           
                                           |                                           
Instance: sky130_fd_pr__nfet_01v8:173      |(no matching instance)                     
  (1,3) = (1039,4)                         |                                           
  2 = 36                                   |                                           
  4 = 1039                                 |                                           
                                           |                                           
                                           |                                           
Instance: sky130_fd_pr__nfet_01v8:174      |(no matching instance)                     
  (1,3) = (1039,6)                         |                                           
  2 = 14                                   |                                           
  4 = 1039                                 |                                           
                                           |                                           
                                           |                                           
Instance: sky130_fd_pr__nfet_01v8:181      |(no matching instance)                     
  (1,3) = (1039,4)                         |                                           
  2 = 4                                    |                                           
  4 = 1039                                 |                                           
                                           |                                           
                                           |                                           
Instance: sky130_fd_pr__nfet_01v8:182      |(no matching instance)                     
  (1,3) = (1039,8)                         |                                           
  2 = 16                                   |                                           
  4 = 1039                                 |                                           
                                           |                                           
                                           |                                           
Instance: sky130_fd_pr__nfet_01v8:187      |(no matching instance)                     
  (1,3) = (1039,5)                         |                                           
  2 = 19                                   |                                           
  4 = 1039                                 |                                           
                                           |                                           
                                           |                                           
Instance: sky130_fd_pr__nfet_01v8:199      |(no matching instance)                     
  (1,3) = (1039,2)                         |                                           
  2 = 6                                    |                                           
  4 = 1039                                 |                                           
                                           |                                           
                                           |                                           
Instance: sky130_fd_pr__nfet_01v8:203      |(no matching instance)                     
  (1,3) = (1039,2)                         |                                           
  2 = 4                                    |                                           
  4 = 1039                                 |                                           
                                           |                                           
                                           |                                           
Instance: sky130_fd_pr__nfet_01v8:205      |(no matching instance)                     
  (1,3) = (1039,4)                         |                                           
  2 = 4                                    |                                           
  4 = 1039                                 |                                           
                                           |                                           
                                           |                                           
Instance: sky130_fd_pr__nfet_01v8:210      |(no matching instance)                     
  (1,3) = (1039,6)                         |                                           
  2 = 8                                    |                                           
  4 = 1039                                 |                                           
                                           |                                           
                                           |                                           
Instance: sky130_fd_pr__nfet_01v8:211      |(no matching instance)                     
  (1,3) = (1039,2)                         |                                           
  2 = 6                                    |                                           
  4 = 1039                                 |                                           
                                           |                                           
                                           |                                           
Instance: sky130_fd_pr__nfet_01v8:213      |(no matching instance)                     
  (1,3) = (2,2)                            |                                           
  2 = 6                                    |                                           
  4 = 1039                                 |                                           
                                           |                                           
                                           |                                           
Instance: sky130_fd_pr__nfet_01v8:215      |(no matching instance)                     
  (1,3) = (1039,6)                         |                                           
  2 = 16                                   |                                           
  4 = 1039                                 |                                           
                                           |                                           
                                           |                                           
Instance: sky130_fd_pr__nfet_01v8:219      |(no matching instance)                     
  (1,3) = (1039,6)                         |                                           
  2 = 7                                    |                                           
  4 = 1039                                 |                                           
                                           |                                           
                                           |                                           
Instance: sky130_fd_pr__nfet_01v8:230      |(no matching instance)                     
  (1,3) = (1039,7)                         |                                           
  2 = 12                                   |                                           
  4 = 1039                                 |                                           
                                           |                                           
                                           |                                           
Instance: sky130_fd_pr__nfet_01v8:236      |(no matching instance)                     
  (1,3) = (1039,3)                         |                                           
  2 = 8                                    |                                           
  4 = 1039                                 |                                           
                                           |                                           
                                           |                                           
Instance: sky130_fd_pr__nfet_01v8:237      |(no matching instance)                     
  (1,3) = (1039,6)                         |                                           
  2 = 8                                    |                                           
  4 = 1039                                 |                                           
                                           |                                           
                                           |                                           
Instance: sky130_fd_pr__nfet_01v8:239      |(no matching instance)                     
  (1,3) = (1039,4)                         |                                           
  2 = 6                                    |                                           
  4 = 1039                                 |                                           
                                           |                                           
                                           |                                           
Instance: sky130_fd_pr__nfet_01v8:241      |(no matching instance)                     
  (1,3) = (1039,4)                         |                                           
  2 = 4                                    |                                           
  4 = 1039                                 |                                           
                                           |                                           
                                           |                                           
Instance: sky130_fd_pr__nfet_01v8:245      |(no matching instance)                     
  (1,3) = (1039,16)                        |                                           
  2 = 4                                    |                                           
  4 = 1039                                 |                                           
                                           |                                           
                                           |                                           
Instance: sky130_fd_pr__nfet_01v8:247      |(no matching instance)                     
  (1,3) = (1039,14)                        |                                           
  2 = 4                                    |                                           
  4 = 1039                                 |                                           
                                           |                                           
                                           |                                           
Instance: sky130_fd_pr__nfet_01v8:250      |(no matching instance)                     
  (1,3) = (1039,6)                         |                                           
  2 = 6                                    |                                           
  4 = 1039                                 |                                           
                                           |                                           
                                           |                                           
Instance: sky130_fd_pr__nfet_01v8:253      |(no matching instance)                     
  (1,3) = (1039,2)                         |                                           
  2 = 4                                    |                                           
  4 = 1039                                 |                                           
                                           |                                           
                                           |                                           
Instance: sky130_fd_pr__nfet_01v8:260      |(no matching instance)                     
  (1,3) = (1039,2)                         |                                           
  2 = 13                                   |                                           
  4 = 1039                                 |                                           
                                           |                                           
                                           |                                           
Instance: sky130_fd_pr__nfet_01v8:266      |(no matching instance)                     
  (1,3) = (1039,4)                         |                                           
  2 = 3                                    |                                           
  4 = 1039                                 |                                           
                                           |                                           
                                           |                                           
Instance: sky130_fd_pr__nfet_01v8:269      |(no matching instance)                     
  (1,3) = (1039,4)                         |                                           
  2 = 4                                    |                                           
  4 = 1039                                 |                                           
                                           |                                           
                                           |                                           
Instance: sky130_fd_pr__nfet_01v8:270      |(no matching instance)                     
  (1,3) = (1039,7)                         |                                           
  2 = 22                                   |                                           
  4 = 1039                                 |                                           
                                           |                                           
                                           |                                           
Instance: sky130_fd_pr__nfet_01v8:278      |(no matching instance)                     
  (1,3) = (6,2)                            |                                           
  2 = 4                                    |                                           
  4 = 1039                                 |                                           
                                           |                                           
                                           |                                           
Instance: sky130_fd_pr__nfet_01v8:283      |(no matching instance)                     
  (1,3) = (1039,2)                         |                                           
  2 = 7                                    |                                           
  4 = 1039                                 |                                           
                                           |                                           
                                           |                                           
Instance: sky130_fd_pr__nfet_01v8:287      |(no matching instance)                     
  (1,3) = (1039,6)                         |                                           
  2 = 14                                   |                                           
  4 = 1039                                 |                                           
                                           |                                           
                                           |                                           
Instance: sky130_fd_pr__nfet_01v8:295      |(no matching instance)                     
  (1,3) = (1039,6)                         |                                           
  2 = 6                                    |                                           
  4 = 1039                                 |                                           
                                           |                                           
                                           |                                           
Instance: sky130_fd_pr__nfet_01v8:300      |(no matching instance)                     
  (1,3) = (1039,2)                         |                                           
  2 = 4                                    |                                           
  4 = 1039                                 |                                           
                                           |                                           
                                           |                                           
Instance: sky130_fd_pr__nfet_01v8:301      |(no matching instance)                     
  (1,3) = (1039,2)                         |                                           
  2 = 6                                    |                                           
  4 = 1039                                 |                                           
                                           |                                           
                                           |                                           
Instance: sky130_fd_pr__nfet_01v8:307      |(no matching instance)                     
  (1,3) = (1039,4)                         |                                           
  2 = 5                                    |                                           
  4 = 1039                                 |                                           
                                           |                                           
                                           |                                           
Instance: sky130_fd_pr__nfet_01v8:310      |(no matching instance)                     
  (1,3) = (1039,2)                         |                                           
  2 = 7                                    |                                           
  4 = 1039                                 |                                           
                                           |                                           
                                           |                                           
Instance: sky130_fd_pr__nfet_01v8:313      |(no matching instance)                     
  (1,3) = (1039,2)                         |                                           
  2 = 7                                    |                                           
  4 = 1039                                 |                                           
                                           |                                           
                                           |                                           
Instance: sky130_fd_pr__nfet_01v8:315      |(no matching instance)                     
  (1,3) = (1039,8)                         |                                           
  2 = 14                                   |                                           
  4 = 1039                                 |                                           
                                           |                                           
                                           |                                           
Instance: sky130_fd_pr__nfet_01v8:323      |(no matching instance)                     
  (1,3) = (1039,7)                         |                                           
  2 = 14                                   |                                           
  4 = 1039                                 |                                           
                                           |                                           
                                           |                                           
Instance: sky130_fd_pr__nfet_01v8:324      |(no matching instance)                     
  (1,3) = (1039,2)                         |                                           
  2 = 6                                    |                                           
  4 = 1039                                 |                                           
                                           |                                           
                                           |                                           
Instance: sky130_fd_pr__nfet_01v8:325      |(no matching instance)                     
  (1,3) = (1039,4)                         |                                           
  2 = 6                                    |                                           
  4 = 1039                                 |                                           
                                           |                                           
                                           |                                           
Instance: sky130_fd_pr__nfet_01v8:326      |(no matching instance)                     
  (1,3) = (1039,8)                         |                                           
  2 = 7                                    |                                           
  4 = 1039                                 |                                           
                                           |                                           
                                           |                                           
Instance: sky130_fd_pr__nfet_01v8:328      |(no matching instance)                     
  (1,3) = (1039,8)                         |                                           
  2 = 16                                   |                                           
  4 = 1039                                 |                                           
                                           |                                           
                                           |                                           
Instance: sky130_fd_pr__nfet_01v8:329      |(no matching instance)                     
  (1,3) = (1039,6)                         |                                           
  2 = 8                                    |                                           
  4 = 1039                                 |                                           
                                           |                                           
                                           |                                           
Instance: sky130_fd_pr__nfet_01v8:331      |(no matching instance)                     
  (1,3) = (1039,2)                         |                                           
  2 = 4                                    |                                           
  4 = 1039                                 |                                           
                                           |                                           
                                           |                                           
Instance: sky130_fd_pr__nfet_01v8:333      |(no matching instance)                     
  (1,3) = (1039,4)                         |                                           
  2 = 4                                    |                                           
  4 = 1039                                 |                                           
                                           |                                           
                                           |                                           
Instance: sky130_fd_pr__nfet_01v8:337      |(no matching instance)                     
  (1,3) = (1039,4)                         |                                           
  2 = 6                                    |                                           
  4 = 1039                                 |                                           
                                           |                                           
                                           |                                           
Instance: sky130_fd_pr__nfet_01v8:342      |(no matching instance)                     
  (1,3) = (1039,2)                         |                                           
  2 = 4                                    |                                           
  4 = 1039                                 |                                           
                                           |                                           
                                           |                                           
Instance: sky130_fd_pr__nfet_01v8:346      |(no matching instance)                     
  (1,3) = (1039,8)                         |                                           
  2 = 7                                    |                                           
  4 = 1039                                 |                                           
                                           |                                           
                                           |                                           
Instance: sky130_fd_pr__nfet_01v8:354      |(no matching instance)                     
  (1,3) = (1039,2)                         |                                           
  2 = 7                                    |                                           
  4 = 1039                                 |                                           
                                           |                                           
                                           |                                           
Instance: sky130_fd_pr__nfet_01v8:358      |(no matching instance)                     
  (1,3) = (1039,2)                         |                                           
  2 = 6                                    |                                           
  4 = 1039                                 |                                           
                                           |                                           
                                           |                                           
Instance: sky130_fd_pr__nfet_01v8:359      |(no matching instance)                     
  (1,3) = (1039,6)                         |                                           
  2 = 6                                    |                                           
  4 = 1039                                 |                                           
                                           |                                           
                                           |                                           
Instance: sky130_fd_pr__nfet_01v8:365      |(no matching instance)                     
  (1,3) = (1039,2)                         |                                           
  2 = 4                                    |                                           
  4 = 1039                                 |                                           
                                           |                                           
                                           |                                           
Instance: sky130_fd_pr__nfet_01v8:368      |(no matching instance)                     
  (1,3) = (1039,5)                         |                                           
  2 = 5                                    |                                           
  4 = 1039                                 |                                           
                                           |                                           
                                           |                                           
Instance: sky130_fd_pr__nfet_01v8:376      |(no matching instance)                     
  (1,3) = (1039,5)                         |                                           
  2 = 15                                   |                                           
  4 = 1039                                 |                                           
                                           |                                           
                                           |                                           
Instance: sky130_fd_pr__nfet_01v8:378      |(no matching instance)                     
  (1,3) = (1039,4)                         |                                           
  2 = 4                                    |                                           
  4 = 1039                                 |                                           
                                           |                                           
                                           |                                           
Instance: sky130_fd_pr__nfet_01v8:379      |(no matching instance)                     
  (1,3) = (1039,5)                         |                                           
  2 = 12                                   |                                           
  4 = 1039                                 |                                           
                                           |                                           
                                           |                                           
Instance: sky130_fd_pr__nfet_01v8:381      |(no matching instance)                     
  (1,3) = (1039,8)                         |                                           
  2 = 7                                    |                                           
  4 = 1039                                 |                                           
                                           |                                           
                                           |                                           
Instance: sky130_fd_pr__nfet_01v8:382      |(no matching instance)                     
  (1,3) = (6,2)                            |                                           
  2 = 15                                   |                                           
  4 = 1039                                 |                                           
                                           |                                           
                                           |                                           
Instance: sky130_fd_pr__nfet_01v8:384      |(no matching instance)                     
  (1,3) = (1039,4)                         |                                           
  2 = 6                                    |                                           
  4 = 1039                                 |                                           
                                           |                                           
                                           |                                           
Instance: sky130_fd_pr__nfet_01v8:388      |(no matching instance)                     
  (1,3) = (1039,4)                         |                                           
  2 = 16                                   |                                           
  4 = 1039                                 |                                           
                                           |                                           
                                           |                                           
Instance: sky130_fd_pr__nfet_01v8:390      |(no matching instance)                     
  (1,3) = (1039,4)                         |                                           
  2 = 6                                    |                                           
  4 = 1039                                 |                                           
                                           |                                           
                                           |                                           
Instance: sky130_fd_pr__nfet_01v8:393      |(no matching instance)                     
  (1,3) = (1039,4)                         |                                           
  2 = 4                                    |                                           
  4 = 1039                                 |                                           
                                           |                                           
                                           |                                           
Instance: sky130_fd_pr__nfet_01v8:395      |(no matching instance)                     
  (1,3) = (1039,4)                         |                                           
  2 = 4                                    |                                           
  4 = 1039                                 |                                           
                                           |                                           
                                           |                                           
Instance: sky130_fd_pr__nfet_01v8:396      |(no matching instance)                     
  (1,3) = (6,2)                            |                                           
  2 = 8                                    |                                           
  4 = 1039                                 |                                           
                                           |                                           
                                           |                                           
Instance: sky130_fd_pr__nfet_01v8:399      |(no matching instance)                     
  (1,3) = (1039,4)                         |                                           
  2 = 5                                    |                                           
  4 = 1039                                 |                                           
                                           |                                           
                                           |                                           
Instance: sky130_fd_pr__nfet_01v8:402      |(no matching instance)                     
  (1,3) = (1039,4)                         |                                           
  2 = 4                                    |                                           
  4 = 1039                                 |                                           
                                           |                                           
                                           |                                           
Instance: sky130_fd_pr__nfet_01v8:405      |(no matching instance)                     
  (1,3) = (1039,5)                         |                                           
  2 = 8                                    |                                           
  4 = 1039                                 |                                           
                                           |                                           
                                           |                                           
Instance: sky130_fd_pr__nfet_01v8:412      |(no matching instance)                     
  (1,3) = (1039,7)                         |                                           
  2 = 6                                    |                                           
  4 = 1039                                 |                                           
                                           |                                           
                                           |                                           
Instance: sky130_fd_pr__nfet_01v8:414      |(no matching instance)                     
  (1,3) = (1039,6)                         |                                           
  2 = 12                                   |                                           
  4 = 1039                                 |                                           
                                           |                                           
                                           |                                           
Instance: sky130_fd_pr__nfet_01v8:415      |(no matching instance)                     
  (1,3) = (1039,4)                         |                                           
  2 = 6                                    |                                           
  4 = 1039                                 |                                           
                                           |                                           
                                           |                                           
Instance: sky130_fd_pr__nfet_01v8:424      |(no matching instance)                     
  (1,3) = (1039,8)                         |                                           
  2 = 16                                   |                                           
  4 = 1039                                 |                                           
                                           |                                           
                                           |                                           
Instance: sky130_fd_pr__nfet_01v8:432      |(no matching instance)                     
  (1,3) = (1039,6)                         |                                           
  2 = 6                                    |                                           
  4 = 1039                                 |                                           
                                           |                                           
                                           |                                           
Instance: sky130_fd_pr__nfet_01v8:434      |(no matching instance)                     
  (1,3) = (5,2)                            |                                           
  2 = 8                                    |                                           
  4 = 1039                                 |                                           
                                           |                                           
                                           |                                           
Instance: sky130_fd_pr__nfet_01v8:435      |(no matching instance)                     
  (1,3) = (1039,6)                         |                                           
  2 = 8                                    |                                           
  4 = 1039                                 |                                           
                                           |                                           
                                           |                                           
Instance: sky130_fd_pr__nfet_01v8:442      |(no matching instance)                     
  (1,3) = (1039,6)                         |                                           
  2 = 16                                   |                                           
  4 = 1039                                 |                                           
                                           |                                           
                                           |                                           
Instance: sky130_fd_pr__nfet_01v8:443      |(no matching instance)                     
  (1,3) = (1039,4)                         |                                           
  2 = 4                                    |                                           
  4 = 1039                                 |                                           
                                           |                                           
                                           |                                           
Instance: sky130_fd_pr__nfet_01v8:446      |(no matching instance)                     
  (1,3) = (1039,4)                         |                                           
  2 = 4                                    |                                           
  4 = 1039                                 |                                           
                                           |                                           
                                           |                                           
Instance: sky130_fd_pr__nfet_01v8:448      |(no matching instance)                     
  (1,3) = (1039,6)                         |                                           
  2 = 6                                    |                                           
  4 = 1039                                 |                                           
                                           |                                           
                                           |                                           
Instance: sky130_fd_pr__nfet_01v8:453      |(no matching instance)                     
  (1,3) = (7,2)                            |                                           
  2 = 6                                    |                                           
  4 = 1039                                 |                                           
                                           |                                           
                                           |                                           
Instance: sky130_fd_pr__nfet_01v8:454      |(no matching instance)                     
  (1,3) = (1039,6)                         |                                           
  2 = 7                                    |                                           
  4 = 1039                                 |                                           
                                           |                                           
                                           |                                           
Instance: sky130_fd_pr__nfet_01v8:461      |(no matching instance)                     
  (1,3) = (1039,4)                         |                                           
  2 = 4                                    |                                           
  4 = 1039                                 |                                           
                                           |                                           
                                           |                                           
Instance: sky130_fd_pr__nfet_01v8:462      |(no matching instance)                     
  (1,3) = (1039,7)                         |                                           
  2 = 22                                   |                                           
  4 = 1039                                 |                                           
                                           |                                           
                                           |                                           
Instance: sky130_fd_pr__nfet_01v8:464      |(no matching instance)                     
  (1,3) = (1039,5)                         |                                           
  2 = 8                                    |                                           
  4 = 1039                                 |                                           
                                           |                                           
                                           |                                           
Instance: sky130_fd_pr__nfet_01v8:466      |(no matching instance)                     
  (1,3) = (1039,2)                         |                                           
  2 = 7                                    |                                           
  4 = 1039                                 |                                           
                                           |                                           
                                           |                                           
Instance: sky130_fd_pr__nfet_01v8:467      |(no matching instance)                     
  (1,3) = (1039,6)                         |                                           
  2 = 5                                    |                                           
  4 = 1039                                 |                                           
                                           |                                           
                                           |                                           
Instance: sky130_fd_pr__nfet_01v8:478      |(no matching instance)                     
  (1,3) = (1039,6)                         |                                           
  2 = 7                                    |                                           
  4 = 1039                                 |                                           
                                           |                                           
                                           |                                           
Instance: sky130_fd_pr__nfet_01v8:495      |(no matching instance)                     
  (1,3) = (5,2)                            |                                           
  2 = 22                                   |                                           
  4 = 1039                                 |                                           
                                           |                                           
                                           |                                           
Instance: sky130_fd_pr__nfet_01v8:498      |(no matching instance)                     
  (1,3) = (1039,6)                         |                                           
  2 = 6                                    |                                           
  4 = 1039                                 |                                           
                                           |                                           
                                           |                                           
Instance: sky130_fd_pr__nfet_01v8:501      |(no matching instance)                     
  (1,3) = (6,2)                            |                                           
  2 = 10                                   |                                           
  4 = 1039                                 |                                           
                                           |                                           
                                           |                                           
Instance: sky130_fd_pr__nfet_01v8:503      |(no matching instance)                     
  (1,3) = (1039,19)                        |                                           
  2 = 6                                    |                                           
  4 = 1039                                 |                                           
                                           |                                           
                                           |                                           
Instance: sky130_fd_pr__nfet_01v8:506      |(no matching instance)                     
  (1,3) = (1039,5)                         |                                           
  2 = 8                                    |                                           
  4 = 1039                                 |                                           
                                           |                                           
                                           |                                           
Instance: sky130_fd_pr__nfet_01v8:508      |(no matching instance)                     
  (1,3) = (7,2)                            |                                           
  2 = 6                                    |                                           
  4 = 1039                                 |                                           
                                           |                                           
                                           |                                           
Instance: sky130_fd_pr__nfet_01v8:510      |(no matching instance)                     
  (1,3) = (5,2)                            |                                           
  2 = 8                                    |                                           
  4 = 1039                                 |                                           
                                           |                                           
                                           |                                           
Instance: sky130_fd_pr__nfet_01v8:511      |(no matching instance)                     
  (1,3) = (1039,2)                         |                                           
  2 = 7                                    |                                           
  4 = 1039                                 |                                           
                                           |                                           
                                           |                                           
Instance: sky130_fd_pr__nfet_01v8:516      |(no matching instance)                     
  (1,3) = (1039,4)                         |                                           
  2 = 4                                    |                                           
  4 = 1039                                 |                                           
                                           |                                           
                                           |                                           
Instance: sky130_fd_pr__nfet_01v8:523      |(no matching instance)                     
  (1,3) = (1039,6)                         |                                           
  2 = 6                                    |                                           
  4 = 1039                                 |                                           
                                           |                                           
                                           |                                           
Instance: sky130_fd_pr__nfet_01v8:524      |(no matching instance)                     
  (1,3) = (1039,36)                        |                                           
  2 = 7                                    |                                           
  4 = 1039                                 |                                           
                                           |                                           
                                           |                                           
Instance: sky130_fd_pr__nfet_01v8:531      |(no matching instance)                     
  (1,3) = (1039,8)                         |                                           
  2 = 14                                   |                                           
  4 = 1039                                 |                                           
                                           |                                           
                                           |                                           
Instance: sky130_fd_pr__nfet_01v8:536      |(no matching instance)                     
  (1,3) = (1039,5)                         |                                           
  2 = 6                                    |                                           
  4 = 1039                                 |                                           
                                           |                                           
                                           |                                           
Instance: sky130_fd_pr__nfet_01v8:539      |(no matching instance)                     
  (1,3) = (1039,4)                         |                                           
  2 = 36                                   |                                           
  4 = 1039                                 |                                           
                                           |                                           
                                           |                                           
Instance: sky130_fd_pr__nfet_01v8:540      |(no matching instance)                     
  (1,3) = (5,2)                            |                                           
  2 = 12                                   |                                           
  4 = 1039                                 |                                           
                                           |                                           
                                           |                                           
Instance: sky130_fd_pr__nfet_01v8:545      |(no matching instance)                     
  (1,3) = (2,2)                            |                                           
  2 = 6                                    |                                           
  4 = 1039                                 |                                           
                                           |                                           
                                           |                                           
Instance: sky130_fd_pr__nfet_01v8:547      |(no matching instance)                     
  (1,3) = (1039,2)                         |                                           
  2 = 7                                    |                                           
  4 = 1039                                 |                                           
                                           |                                           
                                           |                                           
Instance: sky130_fd_pr__nfet_01v8:560      |(no matching instance)                     
  (1,3) = (7,2)                            |                                           
  2 = 6                                    |                                           
  4 = 1039                                 |                                           
                                           |                                           
                                           |                                           
Instance: sky130_fd_pr__nfet_01v8:561      |(no matching instance)                     
  (1,3) = (1039,2)                         |                                           
  2 = 6                                    |                                           
  4 = 1039                                 |                                           
                                           |                                           
                                           |                                           
Instance: sky130_fd_pr__nfet_01v8:562      |(no matching instance)                     
  (1,3) = (2,2)                            |                                           
  2 = 6                                    |                                           
  4 = 1039                                 |                                           
                                           |                                           
                                           |                                           
Instance: sky130_fd_pr__nfet_01v8:564      |(no matching instance)                     
  (1,3) = (1039,4)                         |                                           
  2 = 6                                    |                                           
  4 = 1039                                 |                                           
                                           |                                           
                                           |                                           
Instance: sky130_fd_pr__nfet_01v8:566      |(no matching instance)                     
  (1,3) = (1039,6)                         |                                           
  2 = 6                                    |                                           
  4 = 1039                                 |                                           
                                           |                                           
                                           |                                           
Instance: sky130_fd_pr__nfet_01v8:568      |(no matching instance)                     
  (1,3) = (1039,12)                        |                                           
  2 = 7                                    |                                           
  4 = 1039                                 |                                           
                                           |                                           
                                           |                                           
Instance: sky130_fd_pr__nfet_01v8:569      |(no matching instance)                     
  (1,3) = (1039,4)                         |                                           
  2 = 6                                    |                                           
  4 = 1039                                 |                                           
                                           |                                           
                                           |                                           
Instance: sky130_fd_pr__nfet_01v8:573      |(no matching instance)                     
  (1,3) = (1039,7)                         |                                           
  2 = 10                                   |                                           
  4 = 1039                                 |                                           
                                           |                                           
                                           |                                           
Instance: sky130_fd_pr__nfet_01v8:587      |(no matching instance)                     
  (1,3) = (1039,6)                         |                                           
  2 = 8                                    |                                           
  4 = 1039                                 |                                           
                                           |                                           
                                           |                                           
Instance: sky130_fd_pr__nfet_01v8:589      |(no matching instance)                     
  (1,3) = (1039,2)                         |                                           
  2 = 6                                    |                                           
  4 = 1039                                 |                                           
                                           |                                           
                                           |                                           
Instance: sky130_fd_pr__nfet_01v8:591      |(no matching instance)                     
  (1,3) = (1039,2)                         |                                           
  2 = 36                                   |                                           
  4 = 1039                                 |                                           
                                           |                                           
                                           |                                           
Instance: sky130_fd_pr__nfet_01v8:593      |(no matching instance)                     
  (1,3) = (1039,6)                         |                                           
  2 = 7                                    |                                           
  4 = 1039                                 |                                           
                                           |                                           
                                           |                                           
Instance: sky130_fd_pr__nfet_01v8:594      |(no matching instance)                     
  (1,3) = (1039,4)                         |                                           
  2 = 4                                    |                                           
  4 = 1039                                 |                                           
                                           |                                           
                                           |                                           
Instance: sky130_fd_pr__nfet_01v8:596      |(no matching instance)                     
  (1,3) = (2,2)                            |                                           
  2 = 13                                   |                                           
  4 = 1039                                 |                                           
                                           |                                           
                                           |                                           
Instance: sky130_fd_pr__nfet_01v8:597      |(no matching instance)                     
  (1,3) = (1039,4)                         |                                           
  2 = 4                                    |                                           
  4 = 1039                                 |                                           
                                           |                                           
                                           |                                           
Instance: sky130_fd_pr__nfet_01v8:598      |(no matching instance)                     
  (1,3) = (1039,7)                         |                                           
  2 = 12                                   |                                           
  4 = 1039                                 |                                           
                                           |                                           
                                           |                                           
Instance: sky130_fd_pr__nfet_01v8:599      |(no matching instance)                     
  (1,3) = (6,2)                            |                                           
  2 = 19                                   |                                           
  4 = 1039                                 |                                           
                                           |                                           
                                           |                                           
Instance: sky130_fd_pr__nfet_01v8:602      |(no matching instance)                     
  (1,3) = (1039,6)                         |                                           
  2 = 8                                    |                                           
  4 = 1039                                 |                                           
                                           |                                           
                                           |                                           
Instance: sky130_fd_pr__nfet_01v8:605      |(no matching instance)                     
  (1,3) = (1039,4)                         |                                           
  2 = 5                                    |                                           
  4 = 1039                                 |                                           
                                           |                                           
                                           |                                           
Instance: sky130_fd_pr__nfet_01v8:606      |(no matching instance)                     
  (1,3) = (1039,6)                         |                                           
  2 = 12                                   |                                           
  4 = 1039                                 |                                           
                                           |                                           
                                           |                                           
Instance: sky130_fd_pr__nfet_01v8:612      |(no matching instance)                     
  (1,3) = (1039,6)                         |                                           
  2 = 8                                    |                                           
  4 = 1039                                 |                                           
                                           |                                           
                                           |                                           
Instance: sky130_fd_pr__nfet_01v8:613      |(no matching instance)                     
  (1,3) = (1039,5)                         |                                           
  2 = 8                                    |                                           
  4 = 1039                                 |                                           
                                           |                                           
                                           |                                           
Instance: sky130_fd_pr__nfet_01v8:615      |(no matching instance)                     
  (1,3) = (2,2)                            |                                           
  2 = 6                                    |                                           
  4 = 1039                                 |                                           
                                           |                                           
                                           |                                           
Instance: sky130_fd_pr__nfet_01v8:617      |(no matching instance)                     
  (1,3) = (6,2)                            |                                           
  2 = 4                                    |                                           
  4 = 1039                                 |                                           
                                           |                                           
                                           |                                           
Instance: sky130_fd_pr__nfet_01v8:618      |(no matching instance)                     
  (1,3) = (1039,2)                         |                                           
  2 = 7                                    |                                           
  4 = 1039                                 |                                           
                                           |                                           
                                           |                                           
Instance: sky130_fd_pr__nfet_01v8:620      |(no matching instance)                     
  (1,3) = (1039,4)                         |                                           
  2 = 4                                    |                                           
  4 = 1039                                 |                                           
                                           |                                           
                                           |                                           
Instance: sky130_fd_pr__nfet_01v8:623      |(no matching instance)                     
  (1,3) = (1039,4)                         |                                           
  2 = 4                                    |                                           
  4 = 1039                                 |                                           
                                           |                                           
                                           |                                           
Instance: sky130_fd_pr__nfet_01v8:627      |(no matching instance)                     
  (1,3) = (1039,6)                         |                                           
  2 = 7                                    |                                           
  4 = 1039                                 |                                           
                                           |                                           
                                           |                                           
Instance: sky130_fd_pr__nfet_01v8:629      |(no matching instance)                     
  (1,3) = (1039,4)                         |                                           
  2 = 4                                    |                                           
  4 = 1039                                 |                                           
                                           |                                           
                                           |                                           
Instance: sky130_fd_pr__nfet_01v8:633      |(no matching instance)                     
  (1,3) = (1039,2)                         |                                           
  2 = 7                                    |                                           
  4 = 1039                                 |                                           
                                           |                                           
                                           |                                           
Instance: sky130_fd_pr__nfet_01v8:637      |(no matching instance)                     
  (1,3) = (6,2)                            |                                           
  2 = 4                                    |                                           
  4 = 1039                                 |                                           
                                           |                                           
                                           |                                           
Instance: sky130_fd_pr__nfet_01v8:639      |(no matching instance)                     
  (1,3) = (1039,6)                         |                                           
  2 = 16                                   |                                           
  4 = 1039                                 |                                           
                                           |                                           
                                           |                                           
Instance: sky130_fd_pr__nfet_01v8:643      |(no matching instance)                     
  (1,3) = (1039,4)                         |                                           
  2 = 4                                    |                                           
  4 = 1039                                 |                                           
                                           |                                           
                                           |                                           
Instance: sky130_fd_pr__nfet_01v8:645      |(no matching instance)                     
  (1,3) = (1039,8)                         |                                           
  2 = 7                                    |                                           
  4 = 1039                                 |                                           
                                           |                                           
                                           |                                           
Instance: sky130_fd_pr__nfet_01v8:655      |(no matching instance)                     
  (1,3) = (1039,6)                         |                                           
  2 = 6                                    |                                           
  4 = 1039                                 |                                           
                                           |                                           
                                           |                                           
Instance: sky130_fd_pr__nfet_01v8:658      |(no matching instance)                     
  (1,3) = (1039,6)                         |                                           
  2 = 4                                    |                                           
  4 = 1039                                 |                                           
                                           |                                           
                                           |                                           
Instance: sky130_fd_pr__nfet_01v8:659      |(no matching instance)                     
  (1,3) = (1039,5)                         |                                           
  2 = 6                                    |                                           
  4 = 1039                                 |                                           
                                           |                                           
                                           |                                           
Instance: sky130_fd_pr__nfet_01v8:665      |(no matching instance)                     
  (1,3) = (1039,4)                         |                                           
  2 = 4                                    |                                           
  4 = 1039                                 |                                           
                                           |                                           
                                           |                                           
Instance: sky130_fd_pr__nfet_01v8:668      |(no matching instance)                     
  (1,3) = (7,2)                            |                                           
  2 = 6                                    |                                           
  4 = 1039                                 |                                           
                                           |                                           
                                           |                                           
Instance: sky130_fd_pr__nfet_01v8:672      |(no matching instance)                     
  (1,3) = (7,2)                            |                                           
  2 = 6                                    |                                           
  4 = 1039                                 |                                           
                                           |                                           
                                           |                                           
Instance: sky130_fd_pr__nfet_01v8:691      |(no matching instance)                     
  (1,3) = (1039,4)                         |                                           
  2 = 36                                   |                                           
  4 = 1039                                 |                                           
                                           |                                           
                                           |                                           
Instance: sky130_fd_pr__nfet_01v8:696      |(no matching instance)                     
  (1,3) = (1039,15)                        |                                           
  2 = 7                                    |                                           
  4 = 1039                                 |                                           
                                           |                                           
                                           |                                           
Instance: sky130_fd_pr__nfet_01v8:697      |(no matching instance)                     
  (1,3) = (1039,4)                         |                                           
  2 = 4                                    |                                           
  4 = 1039                                 |                                           
                                           |                                           
                                           |                                           
Instance: sky130_fd_pr__nfet_01v8:702      |(no matching instance)                     
  (1,3) = (1039,2)                         |                                           
  2 = 7                                    |                                           
  4 = 1039                                 |                                           
                                           |                                           
                                           |                                           
Instance: sky130_fd_pr__nfet_01v8:707      |(no matching instance)                     
  (1,3) = (1039,4)                         |                                           
  2 = 4                                    |                                           
  4 = 1039                                 |                                           
                                           |                                           
                                           |                                           
Instance: sky130_fd_pr__nfet_01v8:708      |(no matching instance)                     
  (1,3) = (2,2)                            |                                           
  2 = 6                                    |                                           
  4 = 1039                                 |                                           
                                           |                                           
                                           |                                           
Instance: sky130_fd_pr__nfet_01v8:711      |(no matching instance)                     
  (1,3) = (1039,8)                         |                                           
  2 = 18                                   |                                           
  4 = 1039                                 |                                           
                                           |                                           
                                           |                                           
Instance: sky130_fd_pr__nfet_01v8:715      |(no matching instance)                     
  (1,3) = (7,2)                            |                                           
  2 = 6                                    |                                           
  4 = 1039                                 |                                           
                                           |                                           
                                           |                                           
Instance: sky130_fd_pr__nfet_01v8:716      |(no matching instance)                     
  (1,3) = (1039,22)                        |                                           
  2 = 4                                    |                                           
  4 = 1039                                 |                                           
                                           |                                           
                                           |                                           
Instance: sky130_fd_pr__nfet_01v8:720      |(no matching instance)                     
  (1,3) = (1039,8)                         |                                           
  2 = 14                                   |                                           
  4 = 1039                                 |                                           
                                           |                                           
                                           |                                           
Instance: sky130_fd_pr__nfet_01v8:731      |(no matching instance)                     
  (1,3) = (1039,2)                         |                                           
  2 = 4                                    |                                           
  4 = 1039                                 |                                           
                                           |                                           
                                           |                                           
Instance: sky130_fd_pr__nfet_01v8:735      |(no matching instance)                     
  (1,3) = (1039,6)                         |                                           
  2 = 6                                    |                                           
  4 = 1039                                 |                                           
                                           |                                           
                                           |                                           
Instance: sky130_fd_pr__nfet_01v8:738      |(no matching instance)                     
  (1,3) = (5,2)                            |                                           
  2 = 13                                   |                                           
  4 = 1039                                 |                                           
                                           |                                           
                                           |                                           
Instance: sky130_fd_pr__nfet_01v8:743      |(no matching instance)                     
  (1,3) = (5,2)                            |                                           
  2 = 22                                   |                                           
  4 = 1039                                 |                                           
                                           |                                           
                                           |                                           
Instance: sky130_fd_pr__nfet_01v8:745      |(no matching instance)                     
  (1,3) = (1039,6)                         |                                           
  2 = 6                                    |                                           
  4 = 1039                                 |                                           
                                           |                                           
                                           |                                           
Instance: sky130_fd_pr__nfet_01v8:748      |(no matching instance)                     
  (1,3) = (1039,4)                         |                                           
  2 = 4                                    |                                           
  4 = 1039                                 |                                           
                                           |                                           
                                           |                                           
Instance: sky130_fd_pr__nfet_01v8:749      |(no matching instance)                     
  (1,3) = (1039,6)                         |                                           
  2 = 8                                    |                                           
  4 = 1039                                 |                                           
                                           |                                           
                                           |                                           
Instance: sky130_fd_pr__nfet_01v8:760      |(no matching instance)                     
  (1,3) = (1039,5)                         |                                           
  2 = 4                                    |                                           
  4 = 1039                                 |                                           
                                           |                                           
                                           |                                           
Instance: sky130_fd_pr__nfet_01v8:764      |(no matching instance)                     
  (1,3) = (1039,6)                         |                                           
  2 = 8                                    |                                           
  4 = 1039                                 |                                           
                                           |                                           
                                           |                                           
Instance: sky130_fd_pr__nfet_01v8:765      |(no matching instance)                     
  (1,3) = (2,2)                            |                                           
  2 = 6                                    |                                           
  4 = 1039                                 |                                           
                                           |                                           
                                           |                                           
Instance: sky130_fd_pr__nfet_01v8:767      |(no matching instance)                     
  (1,3) = (1039,5)                         |                                           
  2 = 6                                    |                                           
  4 = 1039                                 |                                           
                                           |                                           
                                           |                                           
Instance: sky130_fd_pr__nfet_01v8:778      |(no matching instance)                     
  (1,3) = (1039,6)                         |                                           
  2 = 12                                   |                                           
  4 = 1039                                 |                                           
                                           |                                           
                                           |                                           
Instance: sky130_fd_pr__nfet_01v8:780      |(no matching instance)                     
  (1,3) = (1039,4)                         |                                           
  2 = 4                                    |                                           
  4 = 1039                                 |                                           
                                           |                                           
                                           |                                           
Instance: sky130_fd_pr__nfet_01v8:785      |(no matching instance)                     
  (1,3) = (1039,8)                         |                                           
  2 = 18                                   |                                           
  4 = 1039                                 |                                           
                                           |                                           
                                           |                                           
Instance: sky130_fd_pr__nfet_01v8:794      |(no matching instance)                     
  (1,3) = (1039,4)                         |                                           
  2 = 4                                    |                                           
  4 = 1039                                 |                                           
                                           |                                           
                                           |                                           
Instance: sky130_fd_pr__nfet_01v8:796      |(no matching instance)                     
  (1,3) = (1039,4)                         |                                           
  2 = 6                                    |                                           
  4 = 1039                                 |                                           
                                           |                                           
                                           |                                           
Instance: sky130_fd_pr__nfet_01v8:803      |(no matching instance)                     
  (1,3) = (1039,4)                         |                                           
  2 = 4                                    |                                           
  4 = 1039                                 |                                           
                                           |                                           
                                           |                                           
Instance: sky130_fd_pr__nfet_01v8:806      |(no matching instance)                     
  (1,3) = (1039,4)                         |                                           
  2 = 4                                    |                                           
  4 = 1039                                 |                                           
                                           |                                           
                                           |                                           
Instance: sky130_fd_pr__nfet_01v8:813      |(no matching instance)                     
  (1,3) = (1039,4)                         |                                           
  2 = 4                                    |                                           
  4 = 1039                                 |                                           
                                           |                                           
                                           |                                           
Instance: sky130_fd_pr__nfet_01v8:814      |(no matching instance)                     
  (1,3) = (1039,4)                         |                                           
  2 = 4                                    |                                           
  4 = 1039                                 |                                           
                                           |                                           
                                           |                                           
Instance: sky130_fd_pr__nfet_01v8:815      |(no matching instance)                     
  (1,3) = (1039,6)                         |                                           
  2 = 7                                    |                                           
  4 = 1039                                 |                                           
                                           |                                           
                                           |                                           
Instance: sky130_fd_pr__nfet_01v8:819      |(no matching instance)                     
  (1,3) = (1039,4)                         |                                           
  2 = 4                                    |                                           
  4 = 1039                                 |                                           
                                           |                                           
                                           |                                           
Instance: sky130_fd_pr__nfet_01v8:823      |(no matching instance)                     
  (1,3) = (1039,8)                         |                                           
  2 = 16                                   |                                           
  4 = 1039                                 |                                           
                                           |                                           
                                           |                                           
Instance: sky130_fd_pr__nfet_01v8:830      |(no matching instance)                     
  (1,3) = (6,2)                            |                                           
  2 = 8                                    |                                           
  4 = 1039                                 |                                           
                                           |                                           
                                           |                                           
Instance: sky130_fd_pr__nfet_01v8:831      |(no matching instance)                     
  (1,3) = (1039,4)                         |                                           
  2 = 6                                    |                                           
  4 = 1039                                 |                                           
                                           |                                           
                                           |                                           
Instance: sky130_fd_pr__nfet_01v8:832      |(no matching instance)                     
  (1,3) = (1039,2)                         |                                           
  2 = 7                                    |                                           
  4 = 1039                                 |                                           
                                           |                                           
                                           |                                           
Instance: sky130_fd_pr__nfet_01v8:837      |(no matching instance)                     
  (1,3) = (1039,4)                         |                                           
  2 = 6                                    |                                           
  4 = 1039                                 |                                           
                                           |                                           
                                           |                                           
Instance: sky130_fd_pr__nfet_01v8:844      |(no matching instance)                     
  (1,3) = (1039,2)                         |                                           
  2 = 36                                   |                                           
  4 = 1039                                 |                                           
                                           |                                           
                                           |                                           
Instance: sky130_fd_pr__nfet_01v8:845      |(no matching instance)                     
  (1,3) = (1039,4)                         |                                           
  2 = 36                                   |                                           
  4 = 1039                                 |                                           
                                           |                                           
                                           |                                           
Instance: sky130_fd_pr__nfet_01v8:847      |(no matching instance)                     
  (1,3) = (1039,8)                         |                                           
  2 = 18                                   |                                           
  4 = 1039                                 |                                           
                                           |                                           
                                           |                                           
Instance: sky130_fd_pr__nfet_01v8:848      |(no matching instance)                     
  (1,3) = (1039,4)                         |                                           
  2 = 6                                    |                                           
  4 = 1039                                 |                                           
                                           |                                           
                                           |                                           
Instance: sky130_fd_pr__nfet_01v8:850      |(no matching instance)                     
  (1,3) = (1039,4)                         |                                           
  2 = 4                                    |                                           
  4 = 1039                                 |                                           
                                           |                                           
                                           |                                           
Instance: sky130_fd_pr__nfet_01v8:859      |(no matching instance)                     
  (1,3) = (1039,2)                         |                                           
  2 = 4                                    |                                           
  4 = 1039                                 |                                           
                                           |                                           
                                           |                                           
Instance: sky130_fd_pr__nfet_01v8:863      |(no matching instance)                     
  (1,3) = (1039,2)                         |                                           
  2 = 7                                    |                                           
  4 = 1039                                 |                                           
                                           |                                           
                                           |                                           
Instance: sky130_fd_pr__nfet_01v8:867      |(no matching instance)                     
  (1,3) = (1039,4)                         |                                           
  2 = 4                                    |                                           
  4 = 1039                                 |                                           
                                           |                                           
                                           |                                           
Instance: sky130_fd_pr__nfet_01v8:868      |(no matching instance)                     
  (1,3) = (1039,5)                         |                                           
  2 = 8                                    |                                           
  4 = 1039                                 |                                           
                                           |                                           
                                           |                                           
Instance: sky130_fd_pr__nfet_01v8:869      |(no matching instance)                     
  (1,3) = (1039,4)                         |                                           
  2 = 4                                    |                                           
  4 = 1039                                 |                                           
                                           |                                           
                                           |                                           
Instance: sky130_fd_pr__nfet_01v8:871      |(no matching instance)                     
  (1,3) = (1039,4)                         |                                           
  2 = 4                                    |                                           
  4 = 1039                                 |                                           
                                           |                                           
                                           |                                           
Instance: sky130_fd_pr__nfet_01v8:875      |(no matching instance)                     
  (1,3) = (1039,4)                         |                                           
  2 = 4                                    |                                           
  4 = 1039                                 |                                           
                                           |                                           
                                           |                                           
Instance: sky130_fd_pr__nfet_01v8:878      |(no matching instance)                     
  (1,3) = (1039,7)                         |                                           
  2 = 22                                   |                                           
  4 = 1039                                 |                                           
                                           |                                           
                                           |                                           
Instance: sky130_fd_pr__nfet_01v8:881      |(no matching instance)                     
  (1,3) = (1039,5)                         |                                           
  2 = 10                                   |                                           
  4 = 1039                                 |                                           
                                           |                                           
                                           |                                           
Instance: sky130_fd_pr__nfet_01v8:882      |(no matching instance)                     
  (1,3) = (1039,2)                         |                                           
  2 = 6                                    |                                           
  4 = 1039                                 |                                           
                                           |                                           
                                           |                                           
Instance: sky130_fd_pr__nfet_01v8:883      |(no matching instance)                     
  (1,3) = (6,2)                            |                                           
  2 = 12                                   |                                           
  4 = 1039                                 |                                           
                                           |                                           
                                           |                                           
Instance: sky130_fd_pr__nfet_01v8:889      |(no matching instance)                     
  (1,3) = (1039,6)                         |                                           
  2 = 8                                    |                                           
  4 = 1039                                 |                                           
                                           |                                           
                                           |                                           
Instance: sky130_fd_pr__nfet_01v8:895      |(no matching instance)                     
  (1,3) = (1039,2)                         |                                           
  2 = 36                                   |                                           
  4 = 1039                                 |                                           
                                           |                                           
                                           |                                           
Instance: sky130_fd_pr__nfet_01v8:897      |(no matching instance)                     
  (1,3) = (1039,2)                         |                                           
  2 = 4                                    |                                           
  4 = 1039                                 |                                           
                                           |                                           
                                           |                                           
Instance: sky130_fd_pr__nfet_01v8:899      |(no matching instance)                     
  (1,3) = (1039,7)                         |                                           
  2 = 10                                   |                                           
  4 = 1039                                 |                                           
                                           |                                           
                                           |                                           
Instance: sky130_fd_pr__nfet_01v8:901      |(no matching instance)                     
  (1,3) = (1039,2)                         |                                           
  2 = 36                                   |                                           
  4 = 1039                                 |                                           
                                           |                                           
                                           |                                           
Instance: sky130_fd_pr__nfet_01v8:907      |(no matching instance)                     
  (1,3) = (1039,2)                         |                                           
  2 = 13                                   |                                           
  4 = 1039                                 |                                           
                                           |                                           
                                           |                                           
Instance: sky130_fd_pr__nfet_01v8:908      |(no matching instance)                     
  (1,3) = (1039,4)                         |                                           
  2 = 6                                    |                                           
  4 = 1039                                 |                                           
                                           |                                           
                                           |                                           
Instance: sky130_fd_pr__nfet_01v8:909      |(no matching instance)                     
  (1,3) = (1039,2)                         |                                           
  2 = 7                                    |                                           
  4 = 1039                                 |                                           
                                           |                                           
                                           |                                           
Instance: sky130_fd_pr__nfet_01v8:912      |(no matching instance)                     
  (1,3) = (1039,4)                         |                                           
  2 = 4                                    |                                           
  4 = 1039                                 |                                           
                                           |                                           
                                           |                                           
Instance: sky130_fd_pr__nfet_01v8:913      |(no matching instance)                     
  (1,3) = (1039,4)                         |                                           
  2 = 4                                    |                                           
  4 = 1039                                 |                                           
                                           |                                           
                                           |                                           
Instance: sky130_fd_pr__nfet_01v8:919      |(no matching instance)                     
  (1,3) = (1039,2)                         |                                           
  2 = 6                                    |                                           
  4 = 1039                                 |                                           
                                           |                                           
                                           |                                           
Instance: sky130_fd_pr__nfet_01v8:921      |(no matching instance)                     
  (1,3) = (1039,4)                         |                                           
  2 = 4                                    |                                           
  4 = 1039                                 |                                           
                                           |                                           
                                           |                                           
Instance: sky130_fd_pr__nfet_01v8:922      |(no matching instance)                     
  (1,3) = (2,2)                            |                                           
  2 = 6                                    |                                           
  4 = 1039                                 |                                           
                                           |                                           
                                           |                                           
Instance: sky130_fd_pr__nfet_01v8:923      |(no matching instance)                     
  (1,3) = (1039,4)                         |                                           
  2 = 4                                    |                                           
  4 = 1039                                 |                                           
                                           |                                           
                                           |                                           
Instance: sky130_fd_pr__nfet_01v8:934      |(no matching instance)                     
  (1,3) = (1039,4)                         |                                           
  2 = 6                                    |                                           
  4 = 1039                                 |                                           
                                           |                                           
                                           |                                           
Instance: sky130_fd_pr__nfet_01v8:935      |(no matching instance)                     
  (1,3) = (1039,2)                         |                                           
  2 = 6                                    |                                           
  4 = 1039                                 |                                           
                                           |                                           
                                           |                                           
Instance: sky130_fd_pr__nfet_01v8:937      |(no matching instance)                     
  (1,3) = (7,2)                            |                                           
  2 = 6                                    |                                           
  4 = 1039                                 |                                           
                                           |                                           
                                           |                                           
Instance: sky130_fd_pr__nfet_01v8:955      |(no matching instance)                     
  (1,3) = (1039,4)                         |                                           
  2 = 4                                    |                                           
  4 = 1039                                 |                                           
                                           |                                           
                                           |                                           
Instance: sky130_fd_pr__nfet_01v8:962      |(no matching instance)                     
  (1,3) = (7,2)                            |                                           
  2 = 12                                   |                                           
  4 = 1039                                 |                                           
                                           |                                           
                                           |                                           
Instance: sky130_fd_pr__nfet_01v8:964      |(no matching instance)                     
  (1,3) = (1039,4)                         |                                           
  2 = 36                                   |                                           
  4 = 1039                                 |                                           
                                           |                                           
                                           |                                           
Instance: sky130_fd_pr__nfet_01v8:966      |(no matching instance)                     
  (1,3) = (1039,4)                         |                                           
  2 = 6                                    |                                           
  4 = 1039                                 |                                           
                                           |                                           
                                           |                                           
Instance: sky130_fd_pr__nfet_01v8:978      |(no matching instance)                     
  (1,3) = (1039,2)                         |                                           
  2 = 10                                   |                                           
  4 = 1039                                 |                                           
                                           |                                           
                                           |                                           
Instance: sky130_fd_pr__nfet_01v8:990      |(no matching instance)                     
  (1,3) = (1039,4)                         |                                           
  2 = 4                                    |                                           
  4 = 1039                                 |                                           
                                           |                                           
                                           |                                           
Instance: sky130_fd_pr__nfet_01v8:993      |(no matching instance)                     
  (1,3) = (1039,12)                        |                                           
  2 = 4                                    |                                           
  4 = 1039                                 |                                           
                                           |                                           
                                           |                                           
Instance: sky130_fd_pr__nfet_01v8:994      |(no matching instance)                     
  (1,3) = (1039,6)                         |                                           
  2 = 8                                    |                                           
  4 = 1039                                 |                                           
                                           |                                           
                                           |                                           
Instance: sky130_fd_pr__nfet_01v8:1001     |(no matching instance)                     
  (1,3) = (1039,2)                         |                                           
  2 = 4                                    |                                           
  4 = 1039                                 |                                           
                                           |                                           
                                           |                                           
Instance: sky130_fd_pr__nfet_01v8:1007     |(no matching instance)                     
  (1,3) = (1039,4)                         |                                           
  2 = 4                                    |                                           
  4 = 1039                                 |                                           
                                           |                                           
                                           |                                           
Instance: sky130_fd_pr__nfet_01v8:1009     |(no matching instance)                     
  (1,3) = (1039,6)                         |                                           
  2 = 6                                    |                                           
  4 = 1039                                 |                                           
                                           |                                           
                                           |                                           
Instance: sky130_fd_pr__nfet_01v8:1010     |(no matching instance)                     
  (1,3) = (1039,2)                         |                                           
  2 = 6                                    |                                           
  4 = 1039                                 |                                           
                                           |                                           
                                           |                                           
Instance: sky130_fd_pr__nfet_01v8:1012     |(no matching instance)                     
  (1,3) = (1039,4)                         |                                           
  2 = 6                                    |                                           
  4 = 1039                                 |                                           
                                           |                                           
                                           |                                           
Instance: sky130_fd_pr__nfet_01v8:1015     |(no matching instance)                     
  (1,3) = (1039,2)                         |                                           
  2 = 7                                    |                                           
  4 = 1039                                 |                                           
                                           |                                           
                                           |                                           
Instance: sky130_fd_pr__nfet_01v8:1017     |(no matching instance)                     
  (1,3) = (1039,7)                         |                                           
  2 = 14                                   |                                           
  4 = 1039                                 |                                           
                                           |                                           
                                           |                                           
Instance: sky130_fd_pr__nfet_01v8:1019     |(no matching instance)                     
  (1,3) = (2,2)                            |                                           
  2 = 6                                    |                                           
  4 = 1039                                 |                                           
                                           |                                           
                                           |                                           
Instance: sky130_fd_pr__nfet_01v8:1021     |(no matching instance)                     
  (1,3) = (1039,4)                         |                                           
  2 = 5                                    |                                           
  4 = 1039                                 |                                           
                                           |                                           
                                           |                                           
Instance: sky130_fd_pr__nfet_01v8:1022     |(no matching instance)                     
  (1,3) = (1039,2)                         |                                           
  2 = 8                                    |                                           
  4 = 1039                                 |                                           
                                           |                                           
                                           |                                           
Instance: sky130_fd_pr__nfet_01v8:1029     |(no matching instance)                     
  (1,3) = (1039,4)                         |                                           
  2 = 36                                   |                                           
  4 = 1039                                 |                                           
                                           |                                           
                                           |                                           
Instance: sky130_fd_pr__nfet_01v8:1030     |(no matching instance)                     
  (1,3) = (2,2)                            |                                           
  2 = 6                                    |                                           
  4 = 1039                                 |                                           
                                           |                                           
                                           |                                           
Instance: sky130_fd_pr__nfet_01v8:1036     |(no matching instance)                     
  (1,3) = (1039,2)                         |                                           
  2 = 7                                    |                                           
  4 = 1039                                 |                                           
                                           |                                           
                                           |                                           
Instance: sky130_fd_pr__nfet_01v8:1037     |(no matching instance)                     
  (1,3) = (1039,2)                         |                                           
  2 = 4                                    |                                           
  4 = 1039                                 |                                           
                                           |                                           
                                           |                                           
Instance: sky130_fd_pr__nfet_01v8:1039     |(no matching instance)                     
  (1,3) = (1039,6)                         |                                           
  2 = 14                                   |                                           
  4 = 1039                                 |                                           
                                           |                                           
                                           |                                           
Instance: sky130_fd_pr__nfet_01v8:1043     |(no matching instance)                     
  (1,3) = (1039,8)                         |                                           
  2 = 16                                   |                                           
  4 = 1039                                 |                                           
                                           |                                           
                                           |                                           
Instance: sky130_fd_pr__nfet_01v8:1045     |(no matching instance)                     
  (1,3) = (1039,4)                         |                                           
  2 = 4                                    |                                           
  4 = 1039                                 |                                           
                                           |                                           
                                           |                                           
Instance: sky130_fd_pr__nfet_01v8:1046     |(no matching instance)                     
  (1,3) = (1039,4)                         |                                           
  2 = 5                                    |                                           
  4 = 1039                                 |                                           
                                           |                                           
                                           |                                           
Instance: sky130_fd_pr__nfet_01v8:1047     |(no matching instance)                     
  (1,3) = (1039,4)                         |                                           
  2 = 4                                    |                                           
  4 = 1039                                 |                                           
                                           |                                           
                                           |                                           
Instance: sky130_fd_pr__nfet_01v8:1059     |(no matching instance)                     
  (1,3) = (1039,2)                         |                                           
  2 = 8                                    |                                           
  4 = 1039                                 |                                           
                                           |                                           
                                           |                                           
Instance: sky130_fd_pr__nfet_01v8:1069     |(no matching instance)                     
  (1,3) = (1039,4)                         |                                           
  2 = 4                                    |                                           
  4 = 1039                                 |                                           
                                           |                                           
                                           |                                           
Instance: sky130_fd_pr__nfet_01v8:1084     |(no matching instance)                     
  (1,3) = (1039,12)                        |                                           
  2 = 7                                    |                                           
  4 = 1039                                 |                                           
                                           |                                           
                                           |                                           
Instance: sky130_fd_pr__nfet_01v8:1088     |(no matching instance)                     
  (1,3) = (1039,13)                        |                                           
  2 = 7                                    |                                           
  4 = 1039                                 |                                           
                                           |                                           
                                           |                                           
Instance: sky130_fd_pr__nfet_01v8:1091     |(no matching instance)                     
  (1,3) = (1039,4)                         |                                           
  2 = 10                                   |                                           
  4 = 1039                                 |                                           
                                           |                                           
                                           |                                           
Instance: sky130_fd_pr__nfet_01v8:1097     |(no matching instance)                     
  (1,3) = (1039,10)                        |                                           
  2 = 7                                    |                                           
  4 = 1039                                 |                                           
                                           |                                           
                                           |                                           
Instance: sky130_fd_pr__nfet_01v8:1099     |(no matching instance)                     
  (1,3) = (2,2)                            |                                           
  2 = 19                                   |                                           
  4 = 1039                                 |                                           
                                           |                                           
                                           |                                           
Instance: sky130_fd_pr__nfet_01v8:1100     |(no matching instance)                     
  (1,3) = (1039,2)                         |                                           
  2 = 6                                    |                                           
  4 = 1039                                 |                                           
                                           |                                           
                                           |                                           
Instance: sky130_fd_pr__nfet_01v8:1126     |(no matching instance)                     
  (1,3) = (1039,4)                         |                                           
  2 = 4                                    |                                           
  4 = 1039                                 |                                           
                                           |                                           
                                           |                                           
Instance: sky130_fd_pr__nfet_01v8:1130     |(no matching instance)                     
  (1,3) = (1039,2)                         |                                           
  2 = 7                                    |                                           
  4 = 1039                                 |                                           
                                           |                                           
                                           |                                           
Instance: sky130_fd_pr__nfet_01v8:1132     |(no matching instance)                     
  (1,3) = (1039,2)                         |                                           
  2 = 12                                   |                                           
  4 = 1039                                 |                                           
                                           |                                           
                                           |                                           
Instance: sky130_fd_pr__nfet_01v8:1135     |(no matching instance)                     
  (1,3) = (1039,2)                         |                                           
  2 = 7                                    |                                           
  4 = 1039                                 |                                           
                                           |                                           
                                           |                                           
Instance: sky130_fd_pr__nfet_01v8:1136     |(no matching instance)                     
  (1,3) = (1039,4)                         |                                           
  2 = 36                                   |                                           
  4 = 1039                                 |                                           
                                           |                                           
                                           |                                           
Instance: sky130_fd_pr__nfet_01v8:1140     |(no matching instance)                     
  (1,3) = (1039,2)                         |                                           
  2 = 6                                    |                                           
  4 = 1039                                 |                                           
                                           |                                           
                                           |                                           
Instance: sky130_fd_pr__nfet_01v8:1143     |(no matching instance)                     
  (1,3) = (1039,2)                         |                                           
  2 = 6                                    |                                           
  4 = 1039                                 |                                           
                                           |                                           
                                           |                                           
Instance: sky130_fd_pr__nfet_01v8:1145     |(no matching instance)                     
  (1,3) = (2,2)                            |                                           
  2 = 12                                   |                                           
  4 = 1039                                 |                                           
                                           |                                           
                                           |                                           
Instance: sky130_fd_pr__nfet_01v8:1160     |(no matching instance)                     
  (1,3) = (1039,4)                         |                                           
  2 = 4                                    |                                           
  4 = 1039                                 |                                           
                                           |                                           
                                           |                                           
Instance: sky130_fd_pr__nfet_01v8:1164     |(no matching instance)                     
  (1,3) = (1039,6)                         |                                           
  2 = 8                                    |                                           
  4 = 1039                                 |                                           
                                           |                                           
                                           |                                           
Instance: sky130_fd_pr__nfet_01v8:1169     |(no matching instance)                     
  (1,3) = (1039,4)                         |                                           
  2 = 5                                    |                                           
  4 = 1039                                 |                                           
                                           |                                           
                                           |                                           
Instance: sky130_fd_pr__nfet_01v8:1174     |(no matching instance)                     
  (1,3) = (1039,2)                         |                                           
  2 = 6                                    |                                           
  4 = 1039                                 |                                           
                                           |                                           
                                           |                                           
Instance: sky130_fd_pr__nfet_01v8:1175     |(no matching instance)                     
  (1,3) = (1039,4)                         |                                           
  2 = 5                                    |                                           
  4 = 1039                                 |                                           
                                           |                                           
                                           |                                           
Instance: sky130_fd_pr__nfet_01v8:1180     |(no matching instance)                     
  (1,3) = (1039,4)                         |                                           
  2 = 8                                    |                                           
  4 = 1039                                 |                                           
                                           |                                           
                                           |                                           
Instance: sky130_fd_pr__nfet_01v8:1184     |(no matching instance)                     
  (1,3) = (1039,2)                         |                                           
  2 = 19                                   |                                           
  4 = 1039                                 |                                           
                                           |                                           
                                           |                                           
Instance: sky130_fd_pr__nfet_01v8:1189     |(no matching instance)                     
  (1,3) = (1039,6)                         |                                           
  2 = 7                                    |                                           
  4 = 1039                                 |                                           
                                           |                                           
                                           |                                           
Instance: sky130_fd_pr__nfet_01v8:1192     |(no matching instance)                     
  (1,3) = (1039,2)                         |                                           
  2 = 6                                    |                                           
  4 = 1039                                 |                                           
                                           |                                           
                                           |                                           
Instance: sky130_fd_pr__nfet_01v8:1193     |(no matching instance)                     
  (1,3) = (1039,2)                         |                                           
  2 = 12                                   |                                           
  4 = 1039                                 |                                           
                                           |                                           
                                           |                                           
Instance: sky130_fd_pr__nfet_01v8:1197     |(no matching instance)                     
  (1,3) = (7,2)                            |                                           
  2 = 6                                    |                                           
  4 = 1039                                 |                                           
                                           |                                           
                                           |                                           
Instance: sky130_fd_pr__nfet_01v8:1201     |(no matching instance)                     
  (1,3) = (1039,6)                         |                                           
  2 = 6                                    |                                           
  4 = 1039                                 |                                           
                                           |                                           
                                           |                                           
Instance: sky130_fd_pr__nfet_01v8:1204     |(no matching instance)                     
  (1,3) = (1039,2)                         |                                           
  2 = 6                                    |                                           
  4 = 1039                                 |                                           
                                           |                                           
                                           |                                           
Instance: sky130_fd_pr__nfet_01v8:1206     |(no matching instance)                     
  (1,3) = (1039,8)                         |                                           
  2 = 18                                   |                                           
  4 = 1039                                 |                                           
                                           |                                           
                                           |                                           
Instance: sky130_fd_pr__nfet_01v8:1208     |(no matching instance)                     
  (1,3) = (6,2)                            |                                           
  2 = 4                                    |                                           
  4 = 1039                                 |                                           
                                           |                                           
                                           |                                           
Instance: sky130_fd_pr__nfet_01v8:1209     |(no matching instance)                     
  (1,3) = (1039,2)                         |                                           
  2 = 13                                   |                                           
  4 = 1039                                 |                                           
                                           |                                           
                                           |                                           
Instance: sky130_fd_pr__nfet_01v8:1215     |(no matching instance)                     
  (1,3) = (1039,4)                         |                                           
  2 = 12                                   |                                           
  4 = 1039                                 |                                           
                                           |                                           
                                           |                                           
Instance: sky130_fd_pr__nfet_01v8:1217     |(no matching instance)                     
  (1,3) = (1039,2)                         |                                           
  2 = 5                                    |                                           
  4 = 1039                                 |                                           
                                           |                                           
                                           |                                           
Instance: sky130_fd_pr__nfet_01v8:1220     |(no matching instance)                     
  (1,3) = (1039,1039)                      |                                           
  2 = 1039                                 |                                           
  4 = 1039                                 |                                           
                                           |                                           
                                           |                                           
Instance: sky130_fd_pr__nfet_01v8:1225     |(no matching instance)                     
  (1,3) = (5,2)                            |                                           
  2 = 8                                    |                                           
  4 = 1039                                 |                                           
                                           |                                           
                                           |                                           
Instance: sky130_fd_pr__nfet_01v8:1234     |(no matching instance)                     
  (1,3) = (1039,4)                         |                                           
  2 = 4                                    |                                           
  4 = 1039                                 |                                           
                                           |                                           
                                           |                                           
Instance: sky130_fd_pr__nfet_01v8:1239     |(no matching instance)                     
  (1,3) = (1039,4)                         |                                           
  2 = 15                                   |                                           
  4 = 1039                                 |                                           
                                           |                                           
                                           |                                           
Instance: sky130_fd_pr__nfet_01v8:1243     |(no matching instance)                     
  (1,3) = (1039,4)                         |                                           
  2 = 4                                    |                                           
  4 = 1039                                 |                                           
                                           |                                           
                                           |                                           
Instance: sky130_fd_pr__nfet_01v8:1252     |(no matching instance)                     
  (1,3) = (6,2)                            |                                           
  2 = 12                                   |                                           
  4 = 1039                                 |                                           
                                           |                                           
                                           |                                           
Instance: sky130_fd_pr__nfet_01v8:1257     |(no matching instance)                     
  (1,3) = (1039,4)                         |                                           
  2 = 4                                    |                                           
  4 = 1039                                 |                                           
                                           |                                           
                                           |                                           
Instance: sky130_fd_pr__nfet_01v8:1259     |(no matching instance)                     
  (1,3) = (1039,6)                         |                                           
  2 = 6                                    |                                           
  4 = 1039                                 |                                           
                                           |                                           
                                           |                                           
Instance: sky130_fd_pr__nfet_01v8:1261     |(no matching instance)                     
  (1,3) = (2,2)                            |                                           
  2 = 6                                    |                                           
  4 = 1039                                 |                                           
                                           |                                           
                                           |                                           
Instance: sky130_fd_pr__nfet_01v8:1263     |(no matching instance)                     
  (1,3) = (1039,6)                         |                                           
  2 = 8                                    |                                           
  4 = 1039                                 |                                           
                                           |                                           
                                           |                                           
Instance: sky130_fd_pr__nfet_01v8:1269     |(no matching instance)                     
  (1,3) = (1039,4)                         |                                           
  2 = 6                                    |                                           
  4 = 1039                                 |                                           
                                           |                                           
                                           |                                           
Instance: sky130_fd_pr__nfet_01v8:1271     |(no matching instance)                     
  (1,3) = (1039,4)                         |                                           
  2 = 6                                    |                                           
  4 = 1039                                 |                                           
                                           |                                           
                                           |                                           
Instance: sky130_fd_pr__nfet_01v8:1274     |(no matching instance)                     
  (1,3) = (1039,2)                         |                                           
  2 = 7                                    |                                           
  4 = 1039                                 |                                           
                                           |                                           
                                           |                                           
Instance: sky130_fd_pr__nfet_01v8:1276     |(no matching instance)                     
  (1,3) = (1039,4)                         |                                           
  2 = 6                                    |                                           
  4 = 1039                                 |                                           
                                           |                                           
                                           |                                           
Instance: sky130_fd_pr__nfet_01v8:1283     |(no matching instance)                     
  (1,3) = (1039,6)                         |                                           
  2 = 8                                    |                                           
  4 = 1039                                 |                                           
                                           |                                           
                                           |                                           
Instance: sky130_fd_pr__nfet_01v8:1290     |(no matching instance)                     
  (1,3) = (1039,4)                         |                                           
  2 = 4                                    |                                           
  4 = 1039                                 |                                           
                                           |                                           
                                           |                                           
Instance: sky130_fd_pr__nfet_01v8:1293     |(no matching instance)                     
  (1,3) = (1039,2)                         |                                           
  2 = 13                                   |                                           
  4 = 1039                                 |                                           
                                           |                                           
                                           |                                           
Instance: sky130_fd_pr__nfet_01v8:1303     |(no matching instance)                     
  (1,3) = (1039,4)                         |                                           
  2 = 4                                    |                                           
  4 = 1039                                 |                                           
                                           |                                           
                                           |                                           
Instance: sky130_fd_pr__nfet_01v8:1308     |(no matching instance)                     
  (1,3) = (1039,10)                        |                                           
  2 = 4                                    |                                           
  4 = 1039                                 |                                           
                                           |                                           
                                           |                                           
Instance: sky130_fd_pr__nfet_01v8:1314     |(no matching instance)                     
  (1,3) = (1039,2)                         |                                           
  2 = 6                                    |                                           
  4 = 1039                                 |                                           
                                           |                                           
                                           |                                           
Instance: sky130_fd_pr__nfet_01v8:1320     |(no matching instance)                     
  (1,3) = (1039,8)                         |                                           
  2 = 18                                   |                                           
  4 = 1039                                 |                                           
                                           |                                           
                                           |                                           
Instance: sky130_fd_pr__nfet_01v8:1322     |(no matching instance)                     
  (1,3) = (1039,2)                         |                                           
  2 = 13                                   |                                           
  4 = 1039                                 |                                           
                                           |                                           
                                           |                                           
Instance: sky130_fd_pr__nfet_01v8:1323     |(no matching instance)                     
  (1,3) = (1039,2)                         |                                           
  2 = 4                                    |                                           
  4 = 1039                                 |                                           
                                           |                                           
                                           |                                           
Instance: sky130_fd_pr__nfet_01v8:1330     |(no matching instance)                     
  (1,3) = (7,2)                            |                                           
  2 = 6                                    |                                           
  4 = 1039                                 |                                           
                                           |                                           
                                           |                                           
Instance: sky130_fd_pr__nfet_01v8:1331     |(no matching instance)                     
  (1,3) = (1039,2)                         |                                           
  2 = 6                                    |                                           
  4 = 1039                                 |                                           
                                           |                                           
                                           |                                           
Instance: sky130_fd_pr__nfet_01v8:1334     |(no matching instance)                     
  (1,3) = (9,2)                            |                                           
  2 = 8                                    |                                           
  4 = 1039                                 |                                           
                                           |                                           
                                           |                                           
Instance: sky130_fd_pr__nfet_01v8:1340     |(no matching instance)                     
  (1,3) = (1039,4)                         |                                           
  2 = 10                                   |                                           
  4 = 1039                                 |                                           
                                           |                                           
                                           |                                           
Instance: sky130_fd_pr__nfet_01v8:1341     |(no matching instance)                     
  (1,3) = (1039,2)                         |                                           
  2 = 4                                    |                                           
  4 = 1039                                 |                                           
                                           |                                           
                                           |                                           
Instance: sky130_fd_pr__nfet_01v8:1342     |(no matching instance)                     
  (1,3) = (1039,2)                         |                                           
  2 = 4                                    |                                           
  4 = 1039                                 |                                           
                                           |                                           
                                           |                                           
Instance: sky130_fd_pr__nfet_01v8:1352     |(no matching instance)                     
  (1,3) = (1039,4)                         |                                           
  2 = 6                                    |                                           
  4 = 1039                                 |                                           
                                           |                                           
                                           |                                           
Instance: sky130_fd_pr__nfet_01v8:1357     |(no matching instance)                     
  (1,3) = (2,2)                            |                                           
  2 = 6                                    |                                           
  4 = 1039                                 |                                           
                                           |                                           
                                           |                                           
Instance: sky130_fd_pr__nfet_01v8:1360     |(no matching instance)                     
  (1,3) = (1039,2)                         |                                           
  2 = 7                                    |                                           
  4 = 1039                                 |                                           
                                           |                                           
                                           |                                           
Instance: sky130_fd_pr__nfet_01v8:1363     |(no matching instance)                     
  (1,3) = (1039,4)                         |                                           
  2 = 4                                    |                                           
  4 = 1039                                 |                                           
                                           |                                           
                                           |                                           
Instance: sky130_fd_pr__nfet_01v8:1370     |(no matching instance)                     
  (1,3) = (1039,4)                         |                                           
  2 = 9                                    |                                           
  4 = 1039                                 |                                           
                                           |                                           
                                           |                                           
Instance: sky130_fd_pr__nfet_01v8:1373     |(no matching instance)                     
  (1,3) = (1039,2)                         |                                           
  2 = 6                                    |                                           
  4 = 1039                                 |                                           
                                           |                                           
                                           |                                           
Instance: sky130_fd_pr__nfet_01v8:1375     |(no matching instance)                     
  (1,3) = (1039,2)                         |                                           
  2 = 6                                    |                                           
  4 = 1039                                 |                                           
                                           |                                           
                                           |                                           
Instance: sky130_fd_pr__nfet_01v8:1376     |(no matching instance)                     
  (1,3) = (1039,2)                         |                                           
  2 = 19                                   |                                           
  4 = 1039                                 |                                           
                                           |                                           
                                           |                                           
Instance: sky130_fd_pr__nfet_01v8:1380     |(no matching instance)                     
  (1,3) = (1039,2)                         |                                           
  2 = 36                                   |                                           
  4 = 1039                                 |                                           
                                           |                                           
                                           |                                           
Instance: sky130_fd_pr__nfet_01v8:1384     |(no matching instance)                     
  (1,3) = (1039,8)                         |                                           
  2 = 16                                   |                                           
  4 = 1039                                 |                                           
                                           |                                           
                                           |                                           
Instance: sky130_fd_pr__nfet_01v8:1395     |(no matching instance)                     
  (1,3) = (1039,8)                         |                                           
  2 = 18                                   |                                           
  4 = 1039                                 |                                           
                                           |                                           
                                           |                                           
Instance: sky130_fd_pr__nfet_01v8:1412     |(no matching instance)                     
  (1,3) = (1039,6)                         |                                           
  2 = 8                                    |                                           
  4 = 1039                                 |                                           
                                           |                                           
                                           |                                           
Instance: sky130_fd_pr__nfet_01v8:1415     |(no matching instance)                     
  (1,3) = (1039,4)                         |                                           
  2 = 4                                    |                                           
  4 = 1039                                 |                                           
                                           |                                           
                                           |                                           
Instance: sky130_fd_pr__nfet_01v8:1417     |(no matching instance)                     
  (1,3) = (1039,4)                         |                                           
  2 = 5                                    |                                           
  4 = 1039                                 |                                           
                                           |                                           
                                           |                                           
Instance: sky130_fd_pr__nfet_01v8:1421     |(no matching instance)                     
  (1,3) = (5,2)                            |                                           
  2 = 13                                   |                                           
  4 = 1039                                 |                                           
                                           |                                           
                                           |                                           
Instance: sky130_fd_pr__nfet_01v8:1425     |(no matching instance)                     
  (1,3) = (1039,7)                         |                                           
  2 = 10                                   |                                           
  4 = 1039                                 |                                           
                                           |                                           
                                           |                                           
Instance: sky130_fd_pr__nfet_01v8:1433     |(no matching instance)                     
  (1,3) = (2,2)                            |                                           
  2 = 6                                    |                                           
  4 = 1039                                 |                                           
                                           |                                           
                                           |                                           
Instance: sky130_fd_pr__nfet_01v8:1434     |(no matching instance)                     
  (1,3) = (1039,8)                         |                                           
  2 = 18                                   |                                           
  4 = 1039                                 |                                           
                                           |                                           
                                           |                                           
Instance: sky130_fd_pr__nfet_01v8:1436     |(no matching instance)                     
  (1,3) = (1039,4)                         |                                           
  2 = 6                                    |                                           
  4 = 1039                                 |                                           
                                           |                                           
                                           |                                           
Instance: sky130_fd_pr__nfet_01v8:1437     |(no matching instance)                     
  (1,3) = (1039,2)                         |                                           
  2 = 7                                    |                                           
  4 = 1039                                 |                                           
                                           |                                           
                                           |                                           
Instance: sky130_fd_pr__nfet_01v8:1442     |(no matching instance)                     
  (1,3) = (1039,4)                         |                                           
  2 = 4                                    |                                           
  4 = 1039                                 |                                           
                                           |                                           
                                           |                                           
Instance: sky130_fd_pr__nfet_01v8:1445     |(no matching instance)                     
  (1,3) = (1039,2)                         |                                           
  2 = 7                                    |                                           
  4 = 1039                                 |                                           
                                           |                                           
                                           |                                           
Instance: sky130_fd_pr__nfet_01v8:1453     |(no matching instance)                     
  (1,3) = (1039,2)                         |                                           
  2 = 4                                    |                                           
  4 = 1039                                 |                                           
                                           |                                           
                                           |                                           
Instance: sky130_fd_pr__nfet_01v8:1458     |(no matching instance)                     
  (1,3) = (2,2)                            |                                           
  2 = 6                                    |                                           
  4 = 1039                                 |                                           
                                           |                                           
                                           |                                           
Instance: sky130_fd_pr__nfet_01v8:1469     |(no matching instance)                     
  (1,3) = (1039,2)                         |                                           
  2 = 6                                    |                                           
  4 = 1039                                 |                                           
                                           |                                           
                                           |                                           
Instance: sky130_fd_pr__nfet_01v8:1470     |(no matching instance)                     
  (1,3) = (7,2)                            |                                           
  2 = 6                                    |                                           
  4 = 1039                                 |                                           
                                           |                                           
                                           |                                           
Instance: sky130_fd_pr__nfet_01v8:1478     |(no matching instance)                     
  (1,3) = (1039,4)                         |                                           
  2 = 4                                    |                                           
  4 = 1039                                 |                                           
                                           |                                           
                                           |                                           
Instance: sky130_fd_pr__nfet_01v8:1480     |(no matching instance)                     
  (1,3) = (1039,3)                         |                                           
  2 = 6                                    |                                           
  4 = 1039                                 |                                           
                                           |                                           
                                           |                                           
Instance: sky130_fd_pr__nfet_01v8:1481     |(no matching instance)                     
  (1,3) = (1039,2)                         |                                           
  2 = 7                                    |                                           
  4 = 1039                                 |                                           
                                           |                                           
                                           |                                           
Instance: sky130_fd_pr__nfet_01v8:1482     |(no matching instance)                     
  (1,3) = (6,2)                            |                                           
  2 = 13                                   |                                           
  4 = 1039                                 |                                           
                                           |                                           
                                           |                                           
Instance: sky130_fd_pr__nfet_01v8:1484     |(no matching instance)                     
  (1,3) = (6,2)                            |                                           
  2 = 4                                    |                                           
  4 = 1039                                 |                                           
                                           |                                           
                                           |                                           
Instance: sky130_fd_pr__nfet_01v8:1492     |(no matching instance)                     
  (1,3) = (5,2)                            |                                           
  2 = 10                                   |                                           
  4 = 1039                                 |                                           
                                           |                                           
                                           |                                           
Instance: sky130_fd_pr__nfet_01v8:1496     |(no matching instance)                     
  (1,3) = (1039,6)                         |                                           
  2 = 6                                    |                                           
  4 = 1039                                 |                                           
                                           |                                           
                                           |                                           
Instance: sky130_fd_pr__nfet_01v8:1498     |(no matching instance)                     
  (1,3) = (2,2)                            |                                           
  2 = 19                                   |                                           
  4 = 1039                                 |                                           
                                           |                                           
                                           |                                           
Instance: sky130_fd_pr__nfet_01v8:1499     |(no matching instance)                     
  (1,3) = (2,2)                            |                                           
  2 = 8                                    |                                           
  4 = 1039                                 |                                           
                                           |                                           
                                           |                                           
Instance: sky130_fd_pr__nfet_01v8:1501     |(no matching instance)                     
  (1,3) = (1039,2)                         |                                           
  2 = 4                                    |                                           
  4 = 1039                                 |                                           
                                           |                                           
                                           |                                           
Instance: sky130_fd_pr__nfet_01v8:1510     |(no matching instance)                     
  (1,3) = (1039,6)                         |                                           
  2 = 6                                    |                                           
  4 = 1039                                 |                                           
                                           |                                           
                                           |                                           
Instance: sky130_fd_pr__nfet_01v8:1511     |(no matching instance)                     
  (1,3) = (7,2)                            |                                           
  2 = 6                                    |                                           
  4 = 1039                                 |                                           
                                           |                                           
                                           |                                           
Instance: sky130_fd_pr__nfet_01v8:1516     |(no matching instance)                     
  (1,3) = (1039,4)                         |                                           
  2 = 15                                   |                                           
  4 = 1039                                 |                                           
                                           |                                           
                                           |                                           
Instance: sky130_fd_pr__nfet_01v8:1525     |(no matching instance)                     
  (1,3) = (1039,4)                         |                                           
  2 = 4                                    |                                           
  4 = 1039                                 |                                           
                                           |                                           
                                           |                                           
Instance: sky130_fd_pr__nfet_01v8:1527     |(no matching instance)                     
  (1,3) = (7,2)                            |                                           
  2 = 6                                    |                                           
  4 = 1039                                 |                                           
                                           |                                           
                                           |                                           
Instance: sky130_fd_pr__nfet_01v8:1528     |(no matching instance)                     
  (1,3) = (1039,4)                         |                                           
  2 = 4                                    |                                           
  4 = 1039                                 |                                           
                                           |                                           
                                           |                                           
Instance: sky130_fd_pr__nfet_01v8:1533     |(no matching instance)                     
  (1,3) = (1039,7)                         |                                           
  2 = 22                                   |                                           
  4 = 1039                                 |                                           
                                           |                                           
                                           |                                           
Instance: sky130_fd_pr__nfet_01v8:1534     |(no matching instance)                     
  (1,3) = (1039,4)                         |                                           
  2 = 6                                    |                                           
  4 = 1039                                 |                                           
                                           |                                           
                                           |                                           
Instance: sky130_fd_pr__nfet_01v8:1537     |(no matching instance)                     
  (1,3) = (2,2)                            |                                           
  2 = 6                                    |                                           
  4 = 1039                                 |                                           
                                           |                                           
                                           |                                           
Instance: sky130_fd_pr__nfet_01v8:1540     |(no matching instance)                     
  (1,3) = (1039,6)                         |                                           
  2 = 6                                    |                                           
  4 = 1039                                 |                                           
                                           |                                           
                                           |                                           
Instance: sky130_fd_pr__nfet_01v8:1547     |(no matching instance)                     
  (1,3) = (1039,2)                         |                                           
  2 = 7                                    |                                           
  4 = 1039                                 |                                           
                                           |                                           
                                           |                                           
Instance: sky130_fd_pr__nfet_01v8:1551     |(no matching instance)                     
  (1,3) = (1039,4)                         |                                           
  2 = 6                                    |                                           
  4 = 1039                                 |                                           
                                           |                                           
                                           |                                           
Instance: sky130_fd_pr__nfet_01v8:1552     |(no matching instance)                     
  (1,3) = (6,2)                            |                                           
  2 = 4                                    |                                           
  4 = 1039                                 |                                           
                                           |                                           
                                           |                                           
Instance: sky130_fd_pr__nfet_01v8:1554     |(no matching instance)                     
  (1,3) = (6,2)                            |                                           
  2 = 15                                   |                                           
  4 = 1039                                 |                                           
                                           |                                           
                                           |                                           
Instance: sky130_fd_pr__nfet_01v8:1556     |(no matching instance)                     
  (1,3) = (2,2)                            |                                           
  2 = 19                                   |                                           
  4 = 1039                                 |                                           
                                           |                                           
                                           |                                           
Instance: sky130_fd_pr__nfet_01v8:1558     |(no matching instance)                     
  (1,3) = (1039,6)                         |                                           
  2 = 8                                    |                                           
  4 = 1039                                 |                                           
                                           |                                           
                                           |                                           
Instance: sky130_fd_pr__nfet_01v8:1563     |(no matching instance)                     
  (1,3) = (1039,4)                         |                                           
  2 = 4                                    |                                           
  4 = 1039                                 |                                           
                                           |                                           
                                           |                                           
Instance: sky130_fd_pr__nfet_01v8:1573     |(no matching instance)                     
  (1,3) = (1039,6)                         |                                           
  2 = 8                                    |                                           
  4 = 1039                                 |                                           
                                           |                                           
                                           |                                           
Instance: sky130_fd_pr__nfet_01v8:1575     |(no matching instance)                     
  (1,3) = (1039,4)                         |                                           
  2 = 4                                    |                                           
  4 = 1039                                 |                                           
                                           |                                           
                                           |                                           
Instance: sky130_fd_pr__nfet_01v8:1578     |(no matching instance)                     
  (1,3) = (1039,2)                         |                                           
  2 = 13                                   |                                           
  4 = 1039                                 |                                           
                                           |                                           
                                           |                                           
Instance: sky130_fd_pr__nfet_01v8:1595     |(no matching instance)                     
  (1,3) = (7,2)                            |                                           
  2 = 6                                    |                                           
  4 = 1039                                 |                                           
                                           |                                           
                                           |                                           
Instance: sky130_fd_pr__nfet_01v8:1597     |(no matching instance)                     
  (1,3) = (1039,4)                         |                                           
  2 = 36                                   |                                           
  4 = 1039                                 |                                           
                                           |                                           
                                           |                                           
Instance: sky130_fd_pr__nfet_01v8:1598     |(no matching instance)                     
  (1,3) = (2,2)                            |                                           
  2 = 4                                    |                                           
  4 = 1039                                 |                                           
                                           |                                           
                                           |                                           
Instance: sky130_fd_pr__nfet_01v8:1602     |(no matching instance)                     
  (1,3) = (1039,4)                         |                                           
  2 = 4                                    |                                           
  4 = 1039                                 |                                           
                                           |                                           
                                           |                                           
Instance: sky130_fd_pr__nfet_01v8:1604     |(no matching instance)                     
  (1,3) = (1039,13)                        |                                           
  2 = 5                                    |                                           
  4 = 1039                                 |                                           
                                           |                                           
                                           |                                           
Instance: sky130_fd_pr__nfet_01v8:1611     |(no matching instance)                     
  (1,3) = (1039,4)                         |                                           
  2 = 4                                    |                                           
  4 = 1039                                 |                                           
                                           |                                           
                                           |                                           
Instance: sky130_fd_pr__nfet_01v8:1613     |(no matching instance)                     
  (1,3) = (1039,4)                         |                                           
  2 = 6                                    |                                           
  4 = 1039                                 |                                           
                                           |                                           
                                           |                                           
Instance: sky130_fd_pr__nfet_01v8:1617     |(no matching instance)                     
  (1,3) = (5,2)                            |                                           
  2 = 8                                    |                                           
  4 = 1039                                 |                                           
                                           |                                           
                                           |                                           
Instance: sky130_fd_pr__nfet_01v8:1626     |(no matching instance)                     
  (1,3) = (1039,4)                         |                                           
  2 = 4                                    |                                           
  4 = 1039                                 |                                           
                                           |                                           
                                           |                                           
Instance: sky130_fd_pr__nfet_01v8:1628     |(no matching instance)                     
  (1,3) = (1039,2)                         |                                           
  2 = 4                                    |                                           
  4 = 1039                                 |                                           
                                           |                                           
                                           |                                           
Instance: sky130_fd_pr__nfet_01v8:1630     |(no matching instance)                     
  (1,3) = (6,2)                            |                                           
  2 = 8                                    |                                           
  4 = 1039                                 |                                           
                                           |                                           
                                           |                                           
Instance: sky130_fd_pr__nfet_01v8:1632     |(no matching instance)                     
  (1,3) = (1039,4)                         |                                           
  2 = 4                                    |                                           
  4 = 1039                                 |                                           
                                           |                                           
                                           |                                           
Instance: sky130_fd_pr__nfet_01v8:1636     |(no matching instance)                     
  (1,3) = (1039,4)                         |                                           
  2 = 6                                    |                                           
  4 = 1039                                 |                                           
                                           |                                           
                                           |                                           
Instance: sky130_fd_pr__nfet_01v8:1654     |(no matching instance)                     
  (1,3) = (1039,4)                         |                                           
  2 = 4                                    |                                           
  4 = 1039                                 |                                           
                                           |                                           
                                           |                                           
Instance: sky130_fd_pr__nfet_01v8:1655     |(no matching instance)                     
  (1,3) = (1039,2)                         |                                           
  2 = 7                                    |                                           
  4 = 1039                                 |                                           
                                           |                                           
                                           |                                           
Instance: sky130_fd_pr__nfet_01v8:1666     |(no matching instance)                     
  (1,3) = (1039,4)                         |                                           
  2 = 6                                    |                                           
  4 = 1039                                 |                                           
                                           |                                           
                                           |                                           
Instance: sky130_fd_pr__nfet_01v8:1673     |(no matching instance)                     
  (1,3) = (1039,8)                         |                                           
  2 = 14                                   |                                           
  4 = 1039                                 |                                           
                                           |                                           
                                           |                                           
Instance: sky130_fd_pr__nfet_01v8:1676     |(no matching instance)                     
  (1,3) = (1039,6)                         |                                           
  2 = 8                                    |                                           
  4 = 1039                                 |                                           
                                           |                                           
                                           |                                           
Instance: sky130_fd_pr__nfet_01v8:1679     |(no matching instance)                     
  (1,3) = (1039,4)                         |                                           
  2 = 4                                    |                                           
  4 = 1039                                 |                                           
                                           |                                           
                                           |                                           
Instance: sky130_fd_pr__nfet_01v8:1684     |(no matching instance)                     
  (1,3) = (1039,2)                         |                                           
  2 = 7                                    |                                           
  4 = 1039                                 |                                           
                                           |                                           
                                           |                                           
Instance: sky130_fd_pr__nfet_01v8:1690     |(no matching instance)                     
  (1,3) = (1039,2)                         |                                           
  2 = 4                                    |                                           
  4 = 1039                                 |                                           
                                           |                                           
                                           |                                           
Instance: sky130_fd_pr__nfet_01v8:1699     |(no matching instance)                     
  (1,3) = (1039,2)                         |                                           
  2 = 7                                    |                                           
  4 = 1039                                 |                                           
                                           |                                           
                                           |                                           
Instance: sky130_fd_pr__nfet_01v8:1710     |(no matching instance)                     
  (1,3) = (1039,2)                         |                                           
  2 = 7                                    |                                           
  4 = 1039                                 |                                           
                                           |                                           
                                           |                                           
Instance: sky130_fd_pr__nfet_01v8:1713     |(no matching instance)                     
  (1,3) = (6,2)                            |                                           
  2 = 15                                   |                                           
  4 = 1039                                 |                                           
                                           |                                           
                                           |                                           
Instance: sky130_fd_pr__nfet_01v8:1739     |(no matching instance)                     
  (1,3) = (1039,2)                         |                                           
  2 = 4                                    |                                           
  4 = 1039                                 |                                           
                                           |                                           
                                           |                                           
Instance: sky130_fd_pr__nfet_01v8:1742     |(no matching instance)                     
  (1,3) = (7,2)                            |                                           
  2 = 6                                    |                                           
  4 = 1039                                 |                                           
                                           |                                           
                                           |                                           
Instance: sky130_fd_pr__nfet_01v8:1743     |(no matching instance)                     
  (1,3) = (1039,2)                         |                                           
  2 = 6                                    |                                           
  4 = 1039                                 |                                           
                                           |                                           
                                           |                                           
Instance: sky130_fd_pr__nfet_01v8:1746     |(no matching instance)                     
  (1,3) = (1039,2)                         |                                           
  2 = 4                                    |                                           
  4 = 1039                                 |                                           
                                           |                                           
                                           |                                           
Instance: sky130_fd_pr__nfet_01v8:1747     |(no matching instance)                     
  (1,3) = (1039,4)                         |                                           
  2 = 4                                    |                                           
  4 = 1039                                 |                                           
                                           |                                           
                                           |                                           
Instance: sky130_fd_pr__nfet_01v8:1748     |(no matching instance)                     
  (1,3) = (7,2)                            |                                           
  2 = 6                                    |                                           
  4 = 1039                                 |                                           
                                           |                                           
                                           |                                           
Instance: sky130_fd_pr__nfet_01v8:1752     |(no matching instance)                     
  (1,3) = (1039,14)                        |                                           
  2 = 4                                    |                                           
  4 = 1039                                 |                                           
                                           |                                           
                                           |                                           
Instance: sky130_fd_pr__nfet_01v8:1757     |(no matching instance)                     
  (1,3) = (1039,4)                         |                                           
  2 = 4                                    |                                           
  4 = 1039                                 |                                           
                                           |                                           
                                           |                                           
Instance: sky130_fd_pr__nfet_01v8:1778     |(no matching instance)                     
  (1,3) = (9,2)                            |                                           
  2 = 6                                    |                                           
  4 = 1039                                 |                                           
                                           |                                           
                                           |                                           
Instance: sky130_fd_pr__nfet_01v8:1780     |(no matching instance)                     
  (1,3) = (1039,6)                         |                                           
  2 = 8                                    |                                           
  4 = 1039                                 |                                           
                                           |                                           
                                           |                                           
Instance: sky130_fd_pr__nfet_01v8:1782     |(no matching instance)                     
  (1,3) = (1039,4)                         |                                           
  2 = 4                                    |                                           
  4 = 1039                                 |                                           
                                           |                                           
                                           |                                           
Instance: sky130_fd_pr__nfet_01v8:1783     |(no matching instance)                     
  (1,3) = (2,2)                            |                                           
  2 = 6                                    |                                           
  4 = 1039                                 |                                           
                                           |                                           
                                           |                                           
Instance: sky130_fd_pr__nfet_01v8:1791     |(no matching instance)                     
  (1,3) = (7,2)                            |                                           
  2 = 6                                    |                                           
  4 = 1039                                 |                                           
                                           |                                           
                                           |                                           
Instance: sky130_fd_pr__nfet_01v8:1793     |(no matching instance)                     
  (1,3) = (1039,8)                         |                                           
  2 = 18                                   |                                           
  4 = 1039                                 |                                           
                                           |                                           
                                           |                                           
Instance: sky130_fd_pr__nfet_01v8:1796     |(no matching instance)                     
  (1,3) = (2,2)                            |                                           
  2 = 6                                    |                                           
  4 = 1039                                 |                                           
                                           |                                           
                                           |                                           
Instance: sky130_fd_pr__nfet_01v8:1798     |(no matching instance)                     
  (1,3) = (5,2)                            |                                           
  2 = 4                                    |                                           
  4 = 1039                                 |                                           
                                           |                                           
                                           |                                           
Instance: sky130_fd_pr__nfet_01v8:1800     |(no matching instance)                     
  (1,3) = (5,3)                            |                                           
  2 = 5                                    |                                           
  4 = 1039                                 |                                           
                                           |                                           
                                           |                                           
Instance: sky130_fd_pr__nfet_01v8:1801     |(no matching instance)                     
  (1,3) = (1039,4)                         |                                           
  2 = 6                                    |                                           
  4 = 1039                                 |                                           
                                           |                                           
                                           |                                           
Instance: sky130_fd_pr__nfet_01v8:1803     |(no matching instance)                     
  (1,3) = (1039,2)                         |                                           
  2 = 7                                    |                                           
  4 = 1039                                 |                                           
                                           |                                           
                                           |                                           
Instance: sky130_fd_pr__nfet_01v8:1810     |(no matching instance)                     
  (1,3) = (1039,2)                         |                                           
  2 = 36                                   |                                           
  4 = 1039                                 |                                           
                                           |                                           
                                           |                                           
Instance: sky130_fd_pr__nfet_01v8:1811     |(no matching instance)                     
  (1,3) = (6,2)                            |                                           
  2 = 4                                    |                                           
  4 = 1039                                 |                                           
                                           |                                           
                                           |                                           
Instance: sky130_fd_pr__nfet_01v8:1814     |(no matching instance)                     
  (1,3) = (6,2)                            |                                           
  2 = 8                                    |                                           
  4 = 1039                                 |                                           
                                           |                                           
                                           |                                           
Instance: sky130_fd_pr__nfet_01v8:1815     |(no matching instance)                     
  (1,3) = (1039,18)                        |                                           
  2 = 4                                    |                                           
  4 = 1039                                 |                                           
                                           |                                           
                                           |                                           
Instance: sky130_fd_pr__nfet_01v8:1818     |(no matching instance)                     
  (1,3) = (1039,4)                         |                                           
  2 = 4                                    |                                           
  4 = 1039                                 |                                           
                                           |                                           
                                           |                                           
Instance: sky130_fd_pr__nfet_01v8:1824     |(no matching instance)                     
  (1,3) = (1039,4)                         |                                           
  2 = 4                                    |                                           
  4 = 1039                                 |                                           
                                           |                                           
                                           |                                           
Instance: sky130_fd_pr__nfet_01v8:1838     |(no matching instance)                     
  (1,3) = (1039,6)                         |                                           
  2 = 8                                    |                                           
  4 = 1039                                 |                                           
                                           |                                           
                                           |                                           
Instance: sky130_fd_pr__nfet_01v8:1839     |(no matching instance)                     
  (1,3) = (5,2)                            |                                           
  2 = 8                                    |                                           
  4 = 1039                                 |                                           
                                           |                                           
                                           |                                           
Instance: sky130_fd_pr__nfet_01v8:1844     |(no matching instance)                     
  (1,3) = (1039,8)                         |                                           
  2 = 14                                   |                                           
  4 = 1039                                 |                                           
                                           |                                           
                                           |                                           
Instance: sky130_fd_pr__nfet_01v8:1845     |(no matching instance)                     
  (1,3) = (7,2)                            |                                           
  2 = 6                                    |                                           
  4 = 1039                                 |                                           
                                           |                                           
                                           |                                           
Instance: sky130_fd_pr__nfet_01v8:1847     |(no matching instance)                     
  (1,3) = (1039,6)                         |                                           
  2 = 4                                    |                                           
  4 = 1039                                 |                                           
                                           |                                           
                                           |                                           
Instance: sky130_fd_pr__nfet_01v8:1849     |(no matching instance)                     
  (1,3) = (1039,4)                         |                                           
  2 = 4                                    |                                           
  4 = 1039                                 |                                           
                                           |                                           
                                           |                                           
Instance: sky130_fd_pr__nfet_01v8:1854     |(no matching instance)                     
  (1,3) = (1039,2)                         |                                           
  2 = 7                                    |                                           
  4 = 1039                                 |                                           
                                           |                                           
                                           |                                           
Instance: sky130_fd_pr__nfet_01v8:1855     |(no matching instance)                     
  (1,3) = (6,2)                            |                                           
  2 = 4                                    |                                           
  4 = 1039                                 |                                           
                                           |                                           
                                           |                                           
Instance: sky130_fd_pr__nfet_01v8:1860     |(no matching instance)                     
  (1,3) = (6,2)                            |                                           
  2 = 19                                   |                                           
  4 = 1039                                 |                                           
                                           |                                           
                                           |                                           
Instance: sky130_fd_pr__nfet_01v8:1862     |(no matching instance)                     
  (1,3) = (1039,2)                         |                                           
  2 = 13                                   |                                           
  4 = 1039                                 |                                           
                                           |                                           
                                           |                                           
Instance: sky130_fd_pr__nfet_01v8:1864     |(no matching instance)                     
  (1,3) = (1039,2)                         |                                           
  2 = 36                                   |                                           
  4 = 1039                                 |                                           
                                           |                                           
                                           |                                           
Instance: sky130_fd_pr__nfet_01v8:1868     |(no matching instance)                     
  (1,3) = (7,2)                            |                                           
  2 = 6                                    |                                           
  4 = 1039                                 |                                           
                                           |                                           
                                           |                                           
Instance: sky130_fd_pr__special_nfet_01v8: |(no matching instance)                     
  (1,3) = (6,4)                            |                                           
  2 = 8                                    |                                           
  4 = 1039                                 |                                           
                                           |                                           
                                           |                                           
Instance: sky130_fd_pr__special_nfet_01v8: |(no matching instance)                     
  (1,3) = (6,2)                            |                                           
  2 = 8                                    |                                           
  4 = 1039                                 |                                           
                                           |                                           
                                           |                                           
Instance: sky130_fd_pr__special_nfet_01v8: |(no matching instance)                     
  (1,3) = (6,2)                            |                                           
  2 = 8                                    |                                           
  4 = 1039                                 |                                           
                                           |                                           
                                           |                                           
Instance: sky130_fd_pr__special_nfet_01v8: |(no matching instance)                     
  (1,3) = (6,6)                            |                                           
  2 = 6                                    |                                           
  4 = 1039                                 |                                           
                                           |                                           
                                           |                                           
Instance: sky130_fd_pr__special_nfet_01v8: |(no matching instance)                     
  (1,3) = (6,2)                            |                                           
  2 = 6                                    |                                           
  4 = 1039                                 |                                           
                                           |                                           
                                           |                                           
Instance: sky130_fd_pr__special_nfet_01v8: |(no matching instance)                     
  (1,3) = (6,2)                            |                                           
  2 = 8                                    |                                           
  4 = 1039                                 |                                           
                                           |                                           
                                           |                                           
Instance: sky130_fd_pr__special_nfet_01v8: |(no matching instance)                     
  (1,3) = (6,2)                            |                                           
  2 = 6                                    |                                           
  4 = 1039                                 |                                           
                                           |                                           
                                           |                                           
Instance: sky130_fd_pr__special_nfet_01v8: |(no matching instance)                     
  (1,3) = (6,2)                            |                                           
  2 = 8                                    |                                           
  4 = 1039                                 |                                           
                                           |                                           
                                           |                                           
Instance: sky130_fd_pr__special_nfet_01v8: |(no matching instance)                     
  (1,3) = (6,2)                            |                                           
  2 = 8                                    |                                           
  4 = 1039                                 |                                           
                                           |                                           
                                           |                                           
Instance: sky130_fd_pr__special_nfet_01v8: |(no matching instance)                     
  (1,3) = (6,2)                            |                                           
  2 = 8                                    |                                           
  4 = 1039                                 |                                           
                                           |                                           
                                           |                                           
Instance: sky130_fd_pr__special_nfet_01v8: |(no matching instance)                     
  (1,3) = (6,6)                            |                                           
  2 = 6                                    |                                           
  4 = 1039                                 |                                           
                                           |                                           
                                           |                                           
Instance: sky130_fd_pr__special_nfet_01v8: |(no matching instance)                     
  (1,3) = (6,2)                            |                                           
  2 = 6                                    |                                           
  4 = 1039                                 |                                           
                                           |                                           
                                           |                                           
Instance: sky130_fd_pr__special_nfet_01v8: |(no matching instance)                     
  (1,3) = (6,2)                            |                                           
  2 = 6                                    |                                           
  4 = 1039                                 |                                           
                                           |                                           
                                           |                                           
Instance: sky130_fd_pr__special_nfet_01v8: |(no matching instance)                     
  (1,3) = (6,2)                            |                                           
  2 = 6                                    |                                           
  4 = 1039                                 |                                           
                                           |                                           
                                           |                                           
Instance: sky130_fd_pr__special_nfet_01v8: |(no matching instance)                     
  (1,3) = (6,2)                            |                                           
  2 = 8                                    |                                           
  4 = 1039                                 |                                           
                                           |                                           
                                           |                                           
Instance: sky130_fd_pr__special_nfet_01v8: |(no matching instance)                     
  (1,3) = (6,2)                            |                                           
  2 = 6                                    |                                           
  4 = 1039                                 |                                           
                                           |                                           
                                           |                                           
Instance: sky130_fd_pr__special_nfet_01v8: |(no matching instance)                     
  (1,3) = (6,2)                            |                                           
  2 = 6                                    |                                           
  4 = 1039                                 |                                           
                                           |                                           
                                           |                                           
Instance: sky130_fd_pr__special_nfet_01v8: |(no matching instance)                     
  (1,3) = (6,2)                            |                                           
  2 = 8                                    |                                           
  4 = 1039                                 |                                           
                                           |                                           
                                           |                                           
Instance: sky130_fd_pr__special_nfet_01v8: |(no matching instance)                     
  (1,3) = (6,6)                            |                                           
  2 = 6                                    |                                           
  4 = 1039                                 |                                           
                                           |                                           
                                           |                                           
Instance: sky130_fd_pr__special_nfet_01v8: |(no matching instance)                     
  (1,3) = (6,6)                            |                                           
  2 = 6                                    |                                           
  4 = 1039                                 |                                           
                                           |                                           
                                           |                                           
Instance: sky130_fd_pr__special_nfet_01v8: |(no matching instance)                     
  (1,3) = (6,2)                            |                                           
  2 = 8                                    |                                           
  4 = 1039                                 |                                           
                                           |                                           
                                           |                                           
Instance: sky130_fd_pr__special_nfet_01v8: |(no matching instance)                     
  (1,3) = (6,2)                            |                                           
  2 = 8                                    |                                           
  4 = 1039                                 |                                           
                                           |                                           
                                           |                                           
Instance: sky130_fd_pr__special_nfet_01v8: |(no matching instance)                     
  (1,3) = (6,6)                            |                                           
  2 = 6                                    |                                           
  4 = 1039                                 |                                           
                                           |                                           
                                           |                                           
Instance: sky130_fd_pr__special_nfet_01v8: |(no matching instance)                     
  (1,3) = (6,4)                            |                                           
  2 = 8                                    |                                           
  4 = 1039                                 |                                           
                                           |                                           
                                           |                                           
Instance: sky130_fd_pr__special_nfet_01v8: |(no matching instance)                     
  (1,3) = (6,4)                            |                                           
  2 = 8                                    |                                           
  4 = 1039                                 |                                           
                                           |                                           
                                           |                                           
Instance: sky130_fd_pr__special_nfet_01v8: |(no matching instance)                     
  (1,3) = (6,4)                            |                                           
  2 = 8                                    |                                           
  4 = 1039                                 |                                           
                                           |                                           
                                           |                                           
Instance: sky130_fd_pr__special_nfet_01v8: |(no matching instance)                     
  (1,3) = (6,2)                            |                                           
  2 = 6                                    |                                           
  4 = 1039                                 |                                           
                                           |                                           
                                           |                                           
Instance: sky130_fd_pr__special_nfet_01v8: |(no matching instance)                     
  (1,3) = (6,4)                            |                                           
  2 = 8                                    |                                           
  4 = 1039                                 |                                           
                                           |                                           
                                           |                                           
Instance: sky130_fd_pr__special_nfet_01v8: |(no matching instance)                     
  (1,3) = (6,4)                            |                                           
  2 = 8                                    |                                           
  4 = 1039                                 |                                           
                                           |                                           
                                           |                                           
Instance: sky130_fd_pr__special_nfet_01v8: |(no matching instance)                     
  (1,3) = (6,2)                            |                                           
  2 = 6                                    |                                           
  4 = 1039                                 |                                           
                                           |                                           
                                           |                                           
Instance: sky130_fd_pr__special_nfet_01v8: |(no matching instance)                     
  (1,3) = (6,2)                            |                                           
  2 = 8                                    |                                           
  4 = 1039                                 |                                           
                                           |                                           
                                           |                                           
Instance: sky130_fd_pr__special_nfet_01v8: |(no matching instance)                     
  (1,3) = (6,6)                            |                                           
  2 = 6                                    |                                           
  4 = 1039                                 |                                           
                                           |                                           
                                           |                                           
Instance: sky130_fd_pr__special_nfet_01v8: |(no matching instance)                     
  (1,3) = (6,4)                            |                                           
  2 = 8                                    |                                           
  4 = 1039                                 |                                           
                                           |                                           
                                           |                                           
Instance: sky130_fd_pr__special_nfet_01v8: |(no matching instance)                     
  (1,3) = (8,4)                            |                                           
  2 = 8                                    |                                           
  4 = 1039                                 |                                           
                                           |                                           
                                           |                                           
Instance: sky130_fd_pr__special_nfet_01v8: |(no matching instance)                     
  (1,3) = (6,4)                            |                                           
  2 = 8                                    |                                           
  4 = 1039                                 |                                           
                                           |                                           
                                           |                                           
Instance: sky130_fd_pr__special_nfet_01v8: |(no matching instance)                     
  (1,3) = (6,6)                            |                                           
  2 = 6                                    |                                           
  4 = 1039                                 |                                           
                                           |                                           
                                           |                                           
Instance: sky130_fd_pr__special_nfet_01v8: |(no matching instance)                     
  (1,3) = (6,2)                            |                                           
  2 = 6                                    |                                           
  4 = 1039                                 |                                           
                                           |                                           
                                           |                                           
Instance: sky130_fd_pr__special_nfet_01v8: |(no matching instance)                     
  (1,3) = (6,2)                            |                                           
  2 = 6                                    |                                           
  4 = 1039                                 |                                           
                                           |                                           
                                           |                                           
Instance: sky130_fd_pr__special_nfet_01v8: |(no matching instance)                     
  (1,3) = (6,2)                            |                                           
  2 = 8                                    |                                           
  4 = 1039                                 |                                           
                                           |                                           
                                           |                                           
Instance: sky130_fd_pr__special_nfet_01v8: |(no matching instance)                     
  (1,3) = (6,4)                            |                                           
  2 = 8                                    |                                           
  4 = 1039                                 |                                           
                                           |                                           
                                           |                                           
Instance: sky130_fd_pr__special_nfet_01v8: |(no matching instance)                     
  (1,3) = (6,2)                            |                                           
  2 = 6                                    |                                           
  4 = 1039                                 |                                           
                                           |                                           
                                           |                                           
Instance: sky130_fd_pr__special_nfet_01v8: |(no matching instance)                     
  (1,3) = (6,2)                            |                                           
  2 = 8                                    |                                           
  4 = 1039                                 |                                           
                                           |                                           
                                           |                                           
Instance: sky130_fd_pr__special_nfet_01v8: |(no matching instance)                     
  (1,3) = (6,2)                            |                                           
  2 = 8                                    |                                           
  4 = 1039                                 |                                           
                                           |                                           
                                           |                                           
Instance: sky130_fd_pr__special_nfet_01v8: |(no matching instance)                     
  (1,3) = (6,6)                            |                                           
  2 = 6                                    |                                           
  4 = 1039                                 |                                           
                                           |                                           
                                           |                                           
Instance: sky130_fd_pr__special_nfet_01v8: |(no matching instance)                     
  (1,3) = (6,6)                            |                                           
  2 = 6                                    |                                           
  4 = 1039                                 |                                           
                                           |                                           
                                           |                                           
Instance: sky130_fd_pr__special_nfet_01v8: |(no matching instance)                     
  (1,3) = (6,4)                            |                                           
  2 = 8                                    |                                           
  4 = 1039                                 |                                           
                                           |                                           
                                           |                                           
Instance: sky130_fd_pr__special_nfet_01v8: |(no matching instance)                     
  (1,3) = (6,6)                            |                                           
  2 = 6                                    |                                           
  4 = 1039                                 |                                           
                                           |                                           
                                           |                                           
Instance: sky130_fd_pr__special_nfet_01v8: |(no matching instance)                     
  (1,3) = (6,6)                            |                                           
  2 = 6                                    |                                           
  4 = 1039                                 |                                           
                                           |                                           
                                           |                                           
Instance: sky130_fd_pr__special_nfet_01v8: |(no matching instance)                     
  (1,3) = (6,2)                            |                                           
  2 = 6                                    |                                           
  4 = 1039                                 |                                           
                                           |                                           
                                           |                                           
Instance: sky130_fd_pr__special_nfet_01v8: |(no matching instance)                     
  (1,3) = (6,4)                            |                                           
  2 = 8                                    |                                           
  4 = 1039                                 |                                           
                                           |                                           
                                           |                                           
Instance: sky130_fd_pr__special_nfet_01v8: |(no matching instance)                     
  (1,3) = (6,4)                            |                                           
  2 = 8                                    |                                           
  4 = 1039                                 |                                           
                                           |                                           
                                           |                                           
Instance: sky130_fd_pr__special_nfet_01v8: |(no matching instance)                     
  (1,3) = (6,6)                            |                                           
  2 = 6                                    |                                           
  4 = 1039                                 |                                           
                                           |                                           
                                           |                                           
Instance: sky130_fd_pr__special_nfet_01v8: |(no matching instance)                     
  (1,3) = (6,6)                            |                                           
  2 = 6                                    |                                           
  4 = 1039                                 |                                           
                                           |                                           
                                           |                                           
Instance: sky130_fd_pr__special_nfet_01v8: |(no matching instance)                     
  (1,3) = (6,2)                            |                                           
  2 = 6                                    |                                           
  4 = 1039                                 |                                           
                                           |                                           
                                           |                                           
Instance: sky130_fd_pr__special_nfet_01v8: |(no matching instance)                     
  (1,3) = (6,2)                            |                                           
  2 = 8                                    |                                           
  4 = 1039                                 |                                           
                                           |                                           
                                           |                                           
Instance: sky130_fd_pr__special_nfet_01v8: |(no matching instance)                     
  (1,3) = (6,4)                            |                                           
  2 = 8                                    |                                           
  4 = 1039                                 |                                           
                                           |                                           
                                           |                                           
Instance: sky130_fd_pr__special_nfet_01v8: |(no matching instance)                     
  (1,3) = (6,4)                            |                                           
  2 = 8                                    |                                           
  4 = 1039                                 |                                           
                                           |                                           
                                           |                                           
Instance: sky130_fd_pr__special_nfet_01v8: |(no matching instance)                     
  (1,3) = (6,6)                            |                                           
  2 = 6                                    |                                           
  4 = 1039                                 |                                           
                                           |                                           
                                           |                                           
Instance: sky130_fd_pr__special_nfet_01v8: |(no matching instance)                     
  (1,3) = (6,2)                            |                                           
  2 = 6                                    |                                           
  4 = 1039                                 |                                           
                                           |                                           
                                           |                                           
Instance: sky130_fd_pr__special_nfet_01v8: |(no matching instance)                     
  (1,3) = (6,2)                            |                                           
  2 = 8                                    |                                           
  4 = 1039                                 |                                           
                                           |                                           
                                           |                                           
Instance: sky130_fd_pr__special_nfet_01v8: |(no matching instance)                     
  (1,3) = (6,2)                            |                                           
  2 = 8                                    |                                           
  4 = 1039                                 |                                           
                                           |                                           
                                           |                                           
Instance: sky130_fd_pr__special_nfet_01v8: |(no matching instance)                     
  (1,3) = (6,6)                            |                                           
  2 = 6                                    |                                           
  4 = 1039                                 |                                           
                                           |                                           
                                           |                                           
Instance: sky130_fd_pr__special_nfet_01v8: |(no matching instance)                     
  (1,3) = (6,6)                            |                                           
  2 = 6                                    |                                           
  4 = 1039                                 |                                           
                                           |                                           
                                           |                                           
Instance: sky130_fd_pr__special_nfet_01v8: |(no matching instance)                     
  (1,3) = (6,2)                            |                                           
  2 = 6                                    |                                           
  4 = 1039                                 |                                           
                                           |                                           
                                           |                                           
Instance: sky130_fd_pr__special_nfet_01v8: |(no matching instance)                     
  (1,3) = (6,2)                            |                                           
  2 = 8                                    |                                           
  4 = 1039                                 |                                           
                                           |                                           
                                           |                                           
Instance: sky130_fd_pr__special_nfet_01v8: |(no matching instance)                     
  (1,3) = (6,4)                            |                                           
  2 = 8                                    |                                           
  4 = 1039                                 |                                           
                                           |                                           
                                           |                                           
Instance: sky130_fd_pr__special_nfet_01v8: |(no matching instance)                     
  (1,3) = (6,6)                            |                                           
  2 = 6                                    |                                           
  4 = 1039                                 |                                           
                                           |                                           
                                           |                                           
Instance: sky130_fd_pr__special_nfet_01v8: |(no matching instance)                     
  (1,3) = (6,4)                            |                                           
  2 = 8                                    |                                           
  4 = 1039                                 |                                           
                                           |                                           
                                           |                                           
Instance: sky130_fd_pr__special_nfet_01v8: |(no matching instance)                     
  (1,3) = (6,2)                            |                                           
  2 = 6                                    |                                           
  4 = 1039                                 |                                           
                                           |                                           
                                           |                                           
Instance: sky130_fd_pr__special_nfet_01v8: |(no matching instance)                     
  (1,3) = (8,2)                            |                                           
  2 = 6                                    |                                           
  4 = 1039                                 |                                           
                                           |                                           
                                           |                                           
Instance: sky130_fd_pr__special_nfet_01v8: |(no matching instance)                     
  (1,3) = (6,2)                            |                                           
  2 = 6                                    |                                           
  4 = 1039                                 |                                           
                                           |                                           
                                           |                                           
Instance: sky130_fd_pr__special_nfet_01v8: |(no matching instance)                     
  (1,3) = (6,4)                            |                                           
  2 = 8                                    |                                           
  4 = 1039                                 |                                           
                                           |                                           
                                           |                                           
Instance: sky130_fd_pr__special_nfet_01v8: |(no matching instance)                     
  (1,3) = (6,2)                            |                                           
  2 = 6                                    |                                           
  4 = 1039                                 |                                           
                                           |                                           
                                           |                                           
Instance: sky130_fd_pr__special_nfet_01v8: |(no matching instance)                     
  (1,3) = (6,4)                            |                                           
  2 = 8                                    |                                           
  4 = 1039                                 |                                           
                                           |                                           
                                           |                                           
Instance: sky130_fd_pr__special_nfet_01v8: |(no matching instance)                     
  (1,3) = (6,4)                            |                                           
  2 = 8                                    |                                           
  4 = 1039                                 |                                           
                                           |                                           
                                           |                                           
Instance: sky130_fd_pr__special_nfet_01v8: |(no matching instance)                     
  (1,3) = (6,2)                            |                                           
  2 = 8                                    |                                           
  4 = 1039                                 |                                           
                                           |                                           
                                           |                                           
Instance: sky130_fd_pr__special_nfet_01v8: |(no matching instance)                     
  (1,3) = (6,6)                            |                                           
  2 = 6                                    |                                           
  4 = 1039                                 |                                           
                                           |                                           
                                           |                                           
Instance: sky130_fd_pr__special_nfet_01v8: |(no matching instance)                     
  (1,3) = (6,6)                            |                                           
  2 = 6                                    |                                           
  4 = 1039                                 |                                           
                                           |                                           
---------------------------------------------------------------------------------------
Netlists do not match.
Port matching may fail to disambiguate symmetries.

Subcircuit pins:
Circuit 1: tt_um_lelo_gr01_analogicus      |Circuit 2: tt_um_lelo_gr01_analogicus      
-------------------------------------------|-------------------------------------------
Cell pin lists are equivalent.
Device classes tt_um_lelo_gr01_analogicus and tt_um_lelo_gr01_analogicus are equivalent.

Final result: Netlists do not match.
Port matching may fail to disambiguate symmetries.
